mc	mn	quarterbeats	duration_qb	mc_onset	mn_onset	event	timesig	staff	voice	duration	gracenote	tremolo	nominal_duration	scalar	chord_id
1	1	0	1.0	0	0	Chord	4/4	1	1	1/4			1/4	1	0
1	1	1	1.0	1/4	1/4	Chord	4/4	1	1	1/4			1/4	1	1
1	1	2	1.0	1/2	1/2	Chord	4/4	1	1	1/4			1/4	1	2
1	1	3	1.0	3/4	3/4	Chord	4/4	1	1	1/4			1/4	1	3
1	1	0	1.0	0	0	Chord	4/4	2	1	1/4			1/4	1	4
1	1	1	1.0	1/4	1/4	Chord	4/4	2	1	1/4			1/4	1	5
1	1	2	1.0	1/2	1/2	Chord	4/4	2	1	1/4			1/4	1	6
1	1	3	1.0	3/4	3/4	Chord	4/4	2	1	1/4			1/4	1	7
1	1	0	1.0	0	0	Chord	4/4	3	1	1/4			1/4	1	8
1	1	1	1.0	1/4	1/4	Chord	4/4	3	1	1/4			1/4	1	9
1	1	2	1.0	1/2	1/2	Chord	4/4	3	1	1/4			1/4	1	10
1	1	3	1.0	3/4	3/4	Chord	4/4	3	1	1/4			1/4	1	11
2	2	4	1.0	0	0	Chord	4/4	1	1	1/4			1/4	1	12
2	2	5	1.0	1/4	1/4	Chord	4/4	1	1	1/4			1/4	1	13
2	2	6	2.0	1/2	1/2	Chord	4/4	1	1	1/2			1/2	1	14
2	2	4	1.0	0	0	Chord	4/4	2	1	1/4			1/4	1	15
2	2	5	1.0	1/4	1/4	Chord	4/4	2	1	1/4			1/4	1	16
2	2	6	2.0	1/2	1/2	Chord	4/4	2	1	1/2			1/2	1	17
2	2	4	1.0	0	0	Chord	4/4	3	1	1/4			1/4	1	18
2	2	5	1.0	1/4	1/4	Chord	4/4	3	1	1/4			1/4	1	19
2	2	6	2.0	1/2	1/2	Chord	4/4	3	1	1/2			1/2	1	20
3	3	8	2.0	0	0	Chord	4/4	1	1	1/2			1/2	1	21
3	3	10	1.0	1/2	1/2	Chord	4/4	1	1	1/4			1/4	1	22
3	3	11	1.0	3/4	3/4	Chord	4/4	1	1	1/4			1/4	1	23
3	3	8	2.0	0	0	Chord	4/4	2	1	1/2			1/2	1	24
3	3	10	1.0	1/2	1/2	Chord	4/4	2	1	1/4			1/4	1	25
3	3	11	1.0	3/4	3/4	Chord	4/4	2	1	1/4			1/4	1	26
3	3	8	2.0	0	0	Chord	4/4	3	1	1/2			1/2	1	27
3	3	10	1.0	1/2	1/2	Chord	4/4	3	1	1/4			1/4	1	28
3	3	11	1.0	3/4	3/4	Chord	4/4	3	1	1/4			1/4	1	29
3	3	10	1.0	1/2	1/2	Chord	4/4	4	1	1/4			1/4	1	30
3	3	11	1.0	3/4	3/4	Chord	4/4	4	1	1/4			1/4	1	31
4	4	12	1.0	0	0	Chord	4/4	1	1	1/4			1/4	1	32
4	4	13	2.0	1/4	1/4	Chord	4/4	1	1	1/2			1/2	1	33
4	4	15	1.0	3/4	3/4	Chord	4/4	1	1	1/4			1/4	1	34
4	4	12	1.0	0	0	Chord	4/4	2	1	1/4			1/4	1	35
4	4	13	2.0	1/4	1/4	Chord	4/4	2	1	1/2			1/2	1	36
4	4	15	1.0	3/4	3/4	Chord	4/4	2	1	1/4			1/4	1	37
4	4	12	1.0	0	0	Chord	4/4	3	1	1/4			1/4	1	38
4	4	13	2.0	1/4	1/4	Chord	4/4	3	1	1/2			1/2	1	39
4	4	15	1.0	3/4	3/4	Chord	4/4	3	1	1/4			1/4	1	40
4	4	12	1.0	0	0	Chord	4/4	4	1	1/4			1/4	1	41
4	4	13	2.0	1/4	1/4	Chord	4/4	4	1	1/2			1/2	1	42
4	4	15	1.0	3/4	3/4	Chord	4/4	4	1	1/4			1/4	1	43
5	5	16	2.0	0	0	Chord	4/4	1	1	1/2			1/2	1	44
5	5	18	2.0	1/2	1/2	Chord	4/4	1	1	1/2			1/2	1	45
5	5	16	2.0	0	0	Chord	4/4	2	1	1/2			1/2	1	46
5	5	18	2.0	1/2	1/2	Chord	4/4	2	1	1/2			1/2	1	47
5	5	16	2.0	0	0	Chord	4/4	3	1	1/2			1/2	1	48
5	5	18	2.0	1/2	1/2	Chord	4/4	3	1	1/2			1/2	1	49
5	5	16	2.0	0	0	Chord	4/4	4	1	1/2			1/2	1	50
5	5	18	2.0	1/2	1/2	Chord	4/4	4	1	1/2			1/2	1	51
6	6	41/2	0.5	1/8	1/8	Chord	4/4	1	1	1/8			1/8	1	52
6	6	21	0.5	1/4	1/4	Chord	4/4	1	1	1/8			1/8	1	53
6	6	43/2	0.5	3/8	3/8	Chord	4/4	1	1	1/8			1/8	1	54
6	6	22	1.5	1/2	1/2	Chord	4/4	1	1	3/8			1/4	3/2	55
6	6	47/2	0.5	7/8	7/8	Chord	4/4	1	1	1/8			1/8	1	56
6	6	41/2	0.5	1/8	1/8	Chord	4/4	2	1	1/8			1/8	1	57
6	6	21	0.5	1/4	1/4	Chord	4/4	2	1	1/8			1/8	1	58
6	6	43/2	0.5	3/8	3/8	Chord	4/4	2	1	1/8			1/8	1	59
6	6	22	1.5	1/2	1/2	Chord	4/4	2	1	3/8			1/4	3/2	60
6	6	47/2	0.5	7/8	7/8	Chord	4/4	2	1	1/8			1/8	1	61
6	6	41/2	0.5	1/8	1/8	Chord	4/4	3	1	1/8			1/8	1	62
6	6	21	0.5	1/4	1/4	Chord	4/4	3	1	1/8			1/8	1	63
6	6	43/2	0.5	3/8	3/8	Chord	4/4	3	1	1/8			1/8	1	64
6	6	22	1.5	1/2	1/2	Chord	4/4	3	1	3/8			1/4	3/2	65
6	6	47/2	0.5	7/8	7/8	Chord	4/4	3	1	1/8			1/8	1	66
6	6	41/2	0.5	1/8	1/8	Chord	4/4	4	1	1/8			1/8	1	67
6	6	21	0.5	1/4	1/4	Chord	4/4	4	1	1/8			1/8	1	68
6	6	43/2	0.5	3/8	3/8	Chord	4/4	4	1	1/8			1/8	1	69
6	6	22	1.5	1/2	1/2	Chord	4/4	4	1	3/8			1/4	3/2	70
6	6	47/2	0.5	7/8	7/8	Chord	4/4	4	1	1/8			1/8	1	71
7	7	24	0.5	0	0	Chord	4/4	1	1	1/8			1/8	1	72
7	7	49/2	0.5	1/8	1/8	Chord	4/4	1	1	1/8			1/8	1	73
7	7	25	2.0	1/4	1/4	Chord	4/4	1	1	1/2			1/2	1	74
7	7	27	1.0	3/4	3/4	Chord	4/4	1	1	1/4			1/4	1	75
7	7	24	0.5	0	0	Chord	4/4	2	1	1/8			1/8	1	76
7	7	49/2	0.5	1/8	1/8	Chord	4/4	2	1	1/8			1/8	1	77
7	7	25	1.0	1/4	1/4	Chord	4/4	2	1	1/4			1/4	1	78
7	7	26	1.0	1/2	1/2	Chord	4/4	2	1	1/4			1/4	1	79
7	7	27	1.0	3/4	3/4	Chord	4/4	2	1	1/4			1/4	1	80
7	7	24	0.5	0	0	Chord	4/4	3	1	1/8			1/8	1	81
7	7	49/2	0.5	1/8	1/8	Chord	4/4	3	1	1/8			1/8	1	82
7	7	25	2.0	1/4	1/4	Chord	4/4	3	1	1/2			1/2	1	83
7	7	27	1.0	3/4	3/4	Chord	4/4	3	1	1/4			1/4	1	84
7	7	24	0.5	0	0	Chord	4/4	4	1	1/8			1/8	1	85
7	7	49/2	0.5	1/8	1/8	Chord	4/4	4	1	1/8			1/8	1	86
7	7	25	2.0	1/4	1/4	Chord	4/4	4	1	1/2			1/2	1	87
7	7	27	1.0	3/4	3/4	Chord	4/4	4	1	1/4			1/4	1	88
8	8	28	2.0	0	0	Chord	4/4	1	1	1/2			1/2	1	89
8	8	30	2.0	1/2	1/2	Chord	4/4	1	1	1/2			1/2	1	90
8	8	28	1.0	0	0	Chord	4/4	2	1	1/4			1/4	1	91
8	8	29	1.0	1/4	1/4	Chord	4/4	2	1	1/4			1/4	1	92
8	8	30	1.0	1/2	1/2	Chord	4/4	2	1	1/4			1/4	1	93
8	8	31	1.0	3/4	3/4	Chord	4/4	2	1	1/4			1/4	1	94
8	8	28	2.0	0	0	Chord	4/4	3	1	1/2			1/2	1	95
8	8	30	2.0	1/2	1/2	Chord	4/4	3	1	1/2			1/2	1	96
8	8	28	2.0	0	0	Chord	4/4	4	1	1/2			1/2	1	97
8	8	30	2.0	1/2	1/2	Chord	4/4	4	1	1/2			1/2	1	98
9	9	33	1.5	1/4	1/4	Chord	4/4	1	1	3/8			1/4	3/2	99
9	9	69/2	0.5	5/8	5/8	Chord	4/4	1	1	1/8			1/8	1	100
9	9	35	1.0	3/4	3/4	Chord	4/4	1	1	1/4			1/4	1	101
9	9	32	0.5	0	0	Chord	4/4	2	1	1/8			1/8	1	102
9	9	65/2	0.5	1/8	1/8	Chord	4/4	2	1	1/8			1/8	1	103
9	9	33	1.0	1/4	1/4	Chord	4/4	2	1	1/4			1/4	1	104
9	9	34	1.0	1/2	1/2	Chord	4/4	2	1	1/4			1/4	1	105
9	9	35	1.0	3/4	3/4	Chord	4/4	2	1	1/4			1/4	1	106
9	9	33	1.5	1/4	1/4	Chord	4/4	3	1	3/8			1/4	3/2	107
9	9	69/2	0.5	5/8	5/8	Chord	4/4	3	1	1/8			1/8	1	108
9	9	35	1.0	3/4	3/4	Chord	4/4	3	1	1/4			1/4	1	109
9	9	33	1.5	1/4	1/4	Chord	4/4	4	1	3/8			1/4	3/2	110
9	9	69/2	0.5	5/8	5/8	Chord	4/4	4	1	1/8			1/8	1	111
9	9	35	1.0	3/4	3/4	Chord	4/4	4	1	1/4			1/4	1	112
10	10	36	1.0	0	0	Chord	4/4	1	1	1/4			1/4	1	113
10	10	37	1.0	1/4	1/4	Chord	4/4	1	1	1/4			1/4	1	114
10	10	38	1.5	1/2	1/2	Chord	4/4	1	1	3/8			1/4	3/2	115
10	10	79/2	0.5	7/8	7/8	Chord	4/4	1	1	1/8			1/8	1	116
10	10	36	1.0	0	0	Chord	4/4	2	1	1/4			1/4	1	117
10	10	37	1.0	1/4	1/4	Chord	4/4	2	1	1/4			1/4	1	118
10	10	38	1.0	1/2	1/2	Chord	4/4	2	1	1/4			1/4	1	119
10	10	39	1.0	3/4	3/4	Chord	4/4	2	1	1/4			1/4	1	120
10	10	36	1.0	0	0	Chord	4/4	3	1	1/4			1/4	1	121
10	10	37	1.0	1/4	1/4	Chord	4/4	3	1	1/4			1/4	1	122
10	10	38	1.0	1/2	1/2	Chord	4/4	3	1	1/4			1/4	1	123
10	10	39	1.0	3/4	3/4	Chord	4/4	3	1	1/4			1/4	1	124
10	10	36	1.0	0	0	Chord	4/4	4	1	1/4			1/4	1	125
10	10	37	1.0	1/4	1/4	Chord	4/4	4	1	1/4			1/4	1	126
10	10	38	1.0	1/2	1/2	Chord	4/4	4	1	1/4			1/4	1	127
10	10	39	1.0	3/4	3/4	Chord	4/4	4	1	1/4			1/4	1	128
11	11	40	1.5	0	0	Chord	4/4	1	1	3/8			1/4	3/2	129
11	11	83/2	0.5	3/8	3/8	Chord	4/4	1	1	1/8			1/8	1	130
11	11	42	2.0	1/2	1/2	Chord	4/4	1	1	1/2			1/2	1	131
11	11	40	0.5	0	0	Chord	4/4	2	1	1/8			1/8	1	132
11	11	81/2	0.5	1/8	1/8	Chord	4/4	2	1	1/8			1/8	1	133
11	11	41	2.0	1/4	1/4	Chord	4/4	2	1	1/2			1/2	1	134
11	11	43	1.0	3/4	3/4	Chord	4/4	2	1	1/4			1/4	1	135
11	11	40	1.0	0	0	Chord	4/4	3	1	1/4			1/4	1	136
11	11	41	1.0	1/4	1/4	Chord	4/4	3	1	1/4			1/4	1	137
11	11	42	2.0	1/2	1/2	Chord	4/4	3	1	1/2			1/2	1	138
11	11	40	1.0	0	0	Chord	4/4	4	1	1/4			1/4	1	139
11	11	41	1.0	1/4	1/4	Chord	4/4	4	1	1/4			1/4	1	140
11	11	42	2.0	1/2	1/2	Chord	4/4	4	1	1/2			1/2	1	141
12	12	44	4.0	0	0	Chord	4/4	1	1	1			1	1	142
12	12	44	4.0	0	0	Chord	4/4	2	1	1			1	1	143
12	12	44	4.0	0	0	Chord	4/4	3	1	1			1	1	144
12	12	44	4.0	0	0	Chord	4/4	4	1	1			1	1	145
13	13	48	1.5	0	0	Chord	4/4	1	1	3/8			1/4	3/2	146
13	13	99/2	0.5	3/8	3/8	Chord	4/4	1	1	1/8			1/8	1	147
13	13	50	2.0	1/2	1/2	Chord	4/4	1	1	1/2			1/2	1	148
13	13	48	1.5	0	0	Chord	4/4	2	1	3/8			1/4	3/2	149
13	13	99/2	0.5	3/8	3/8	Chord	4/4	2	1	1/8			1/8	1	150
13	13	50	1.5	1/2	1/2	Chord	4/4	2	1	3/8			1/4	3/2	151
13	13	103/2	0.5	7/8	7/8	Chord	4/4	2	1	1/8			1/8	1	152
13	13	48	4.0	0	0	Chord	4/4	3	1	1			1	1	153
13	13	48	4.0	0	0	Chord	4/4	4	1	1			1	1	154
13	13	48	4.0	0	0	Chord	4/4	5	1	1			1	1	155
14	14	52	1.0	0	0	Chord	4/4	1	1	1/4			1/4	1	156
14	14	53	0.5	1/4	1/4	Chord	4/4	1	1	1/8			1/8	1	157
14	14	107/2	0.5	3/8	3/8	Chord	4/4	1	1	1/8			1/8	1	158
14	14	54	2.0	1/2	1/2	Chord	4/4	1	1	1/2			1/2	1	159
14	14	52	1.5	0	0	Chord	4/4	2	1	3/8			1/4	3/2	160
14	14	107/2	0.5	3/8	3/8	Chord	4/4	2	1	1/8			1/8	1	161
14	14	54	2.0	1/2	1/2	Chord	4/4	2	1	1/2			1/2	1	162
14	14	52	4.0	0	0	Chord	4/4	3	1	1			1	1	163
14	14	52	1.0	0	0	Chord	4/4	4	1	1/4			1/4	1	164
14	14	53	1.5	1/4	1/4	Chord	4/4	4	1	3/8			1/4	3/2	165
14	14	109/2	0.5	5/8	5/8	Chord	4/4	4	1	1/8			1/8	1	166
14	14	55	1.0	3/4	3/4	Chord	4/4	4	1	1/4			1/4	1	167
14	14	52	4.0	0	0	Chord	4/4	5	1	1			1	1	168
15	15	56	1.0	0	0	Chord	4/4	1	1	1/4			1/4	1	169
15	15	57	1.5	1/4	1/4	Chord	4/4	1	1	3/8			1/4	3/2	170
15	15	117/2	0.5	5/8	5/8	Chord	4/4	1	1	1/8			1/8	1	171
15	15	59	1.0	3/4	3/4	Chord	4/4	1	1	1/4			1/4	1	172
15	15	56	1.0	0	0	Chord	4/4	2	1	1/4			1/4	1	173
15	15	57	1.5	1/4	1/4	Chord	4/4	2	1	3/8			1/4	3/2	174
15	15	117/2	0.5	5/8	5/8	Chord	4/4	2	1	1/8			1/8	1	175
15	15	59	1.0	3/4	3/4	Chord	4/4	2	1	1/4			1/4	1	176
15	15	56	1.0	0	0	Chord	4/4	3	1	1/4			1/4	1	177
15	15	57	1.5	1/4	1/4	Chord	4/4	3	1	3/8			1/4	3/2	178
15	15	117/2	0.5	5/8	5/8	Chord	4/4	3	1	1/8			1/8	1	179
15	15	59	1.0	3/4	3/4	Chord	4/4	3	1	1/4			1/4	1	180
15	15	56	4.0	0	0	Chord	4/4	4	1	1			1	1	181
15	15	56	1.0	0	0	Chord	4/4	5	1	1/4			1/4	1	182
15	15	57	1.5	1/4	1/4	Chord	4/4	5	1	3/8			1/4	3/2	183
15	15	117/2	0.5	5/8	5/8	Chord	4/4	5	1	1/8			1/8	1	184
15	15	59	1.0	3/4	3/4	Chord	4/4	5	1	1/4			1/4	1	185
16	16	60	2.0	0	0	Chord	4/4	1	1	1/2			1/2	1	186
16	16	62	2.0	1/2	1/2	Chord	4/4	1	1	1/2			1/2	1	187
16	16	60	2.0	0	0	Chord	4/4	2	1	1/2			1/2	1	188
16	16	62	2.0	1/2	1/2	Chord	4/4	2	1	1/2			1/2	1	189
16	16	60	2.0	0	0	Chord	4/4	3	1	1/2			1/2	1	190
16	16	62	2.0	1/2	1/2	Chord	4/4	3	1	1/2			1/2	1	191
16	16	60	2.0	0	0	Chord	4/4	4	1	1/2			1/2	1	192
16	16	63	0.5	3/4	3/4	Chord	4/4	4	1	1/8			1/8	1	193
16	16	127/2	0.5	7/8	7/8	Chord	4/4	4	1	1/8			1/8	1	194
16	16	60	2.0	0	0	Chord	4/4	5	1	1/2			1/2	1	195
16	16	62	2.0	1/2	1/2	Chord	4/4	5	1	1/2			1/2	1	196
17	17	65	0.5	1/4	1/4	Chord	4/4	1	1	1/8			1/8	1	197
17	17	131/2	0.5	3/8	3/8	Chord	4/4	1	1	1/8			1/8	1	198
17	17	66	1.0	1/2	1/2	Chord	4/4	1	1	1/4			1/4	1	199
17	17	67	0.5	3/4	3/4	Chord	4/4	1	1	1/8			1/8	1	200
17	17	135/2	0.5	7/8	7/8	Chord	4/4	1	1	1/8			1/8	1	201
17	17	65	0.5	1/4	1/4	Chord	4/4	2	1	1/8			1/8	1	202
17	17	131/2	0.5	3/8	3/8	Chord	4/4	2	1	1/8			1/8	1	203
17	17	66	1.0	1/2	1/2	Chord	4/4	2	1	1/4			1/4	1	204
17	17	67	0.5	3/4	3/4	Chord	4/4	2	1	1/8			1/8	1	205
17	17	135/2	0.5	7/8	7/8	Chord	4/4	2	1	1/8			1/8	1	206
17	17	65	0.5	1/4	1/4	Chord	4/4	3	1	1/8			1/8	1	207
17	17	131/2	0.5	3/8	3/8	Chord	4/4	3	1	1/8			1/8	1	208
17	17	66	1.0	1/2	1/2	Chord	4/4	3	1	1/4			1/4	1	209
17	17	67	0.5	3/4	3/4	Chord	4/4	3	1	1/8			1/8	1	210
17	17	135/2	0.5	7/8	7/8	Chord	4/4	3	1	1/8			1/8	1	211
17	17	64	1.0	0	0	Chord	4/4	4	1	1/4			1/4	1	212
17	17	65	0.5	1/4	1/4	Chord	4/4	4	1	1/8			1/8	1	213
17	17	131/2	0.5	3/8	3/8	Chord	4/4	4	1	1/8			1/8	1	214
17	17	66	2.0	1/2	1/2	Chord	4/4	4	1	1/2			1/2	1	215
17	17	65	0.5	1/4	1/4	Chord	4/4	5	1	1/8			1/8	1	216
17	17	131/2	0.5	3/8	3/8	Chord	4/4	5	1	1/8			1/8	1	217
17	17	66	1.0	1/2	1/2	Chord	4/4	5	1	1/4			1/4	1	218
17	17	67	0.5	3/4	3/4	Chord	4/4	5	1	1/8			1/8	1	219
17	17	135/2	0.5	7/8	7/8	Chord	4/4	5	1	1/8			1/8	1	220
18	18	68	2.0	0	0	Chord	4/4	1	1	1/2			1/2	1	221
18	18	70	2.0	1/2	1/2	Chord	4/4	1	1	1/2			1/2	1	222
18	18	68	2.0	0	0	Chord	4/4	2	1	1/2			1/2	1	223
18	18	70	2.0	1/2	1/2	Chord	4/4	2	1	1/2			1/2	1	224
18	18	68	2.0	0	0	Chord	4/4	3	1	1/2			1/2	1	225
18	18	70	2.0	1/2	1/2	Chord	4/4	3	1	1/2			1/2	1	226
18	18	68	3.0	0	0	Chord	4/4	4	1	3/4			1/2	3/2	227
18	18	71	0.5	3/4	3/4	Chord	4/4	4	1	1/8			1/8	1	228
18	18	143/2	0.5	7/8	7/8	Chord	4/4	4	1	1/8			1/8	1	229
18	18	68	2.0	0	0	Chord	4/4	5	1	1/2			1/2	1	230
18	18	70	2.0	1/2	1/2	Chord	4/4	5	1	1/2			1/2	1	231
19	19	72	1.0	0	0	Chord	4/4	1	1	1/4			1/4	1	232
19	19	73	0.5	1/4	1/4	Chord	4/4	1	1	1/8			1/8	1	233
19	19	147/2	0.5	3/8	3/8	Chord	4/4	1	1	1/8			1/8	1	234
19	19	74	1.0	1/2	1/2	Chord	4/4	1	1	1/4			1/4	1	235
19	19	75	0.5	3/4	3/4	Chord	4/4	1	1	1/8			1/8	1	236
19	19	151/2	0.5	7/8	7/8	Chord	4/4	1	1	1/8			1/8	1	237
19	19	72	1.0	0	0	Chord	4/4	2	1	1/4			1/4	1	238
19	19	73	0.5	1/4	1/4	Chord	4/4	2	1	1/8			1/8	1	239
19	19	147/2	0.5	3/8	3/8	Chord	4/4	2	1	1/8			1/8	1	240
19	19	74	1.0	1/2	1/2	Chord	4/4	2	1	1/4			1/4	1	241
19	19	75	0.5	3/4	3/4	Chord	4/4	2	1	1/8			1/8	1	242
19	19	151/2	0.5	7/8	7/8	Chord	4/4	2	1	1/8			1/8	1	243
19	19	72	1.0	0	0	Chord	4/4	3	1	1/4			1/4	1	244
19	19	73	0.5	1/4	1/4	Chord	4/4	3	1	1/8			1/8	1	245
19	19	147/2	0.5	3/8	3/8	Chord	4/4	3	1	1/8			1/8	1	246
19	19	74	1.0	1/2	1/2	Chord	4/4	3	1	1/4			1/4	1	247
19	19	75	0.5	3/4	3/4	Chord	4/4	3	1	1/8			1/8	1	248
19	19	151/2	0.5	7/8	7/8	Chord	4/4	3	1	1/8			1/8	1	249
19	19	72	2.0	0	0	Chord	4/4	4	1	1/2			1/2	1	250
19	19	74	1.0	1/2	1/2	Chord	4/4	4	1	1/4			1/4	1	251
19	19	75	1.0	3/4	3/4	Chord	4/4	4	1	1/4			1/4	1	252
19	19	72	1.0	0	0	Chord	4/4	5	1	1/4			1/4	1	253
19	19	73	1.0	1/4	1/4	Chord	4/4	5	1	1/4			1/4	1	254
19	19	74	1.0	1/2	1/2	Chord	4/4	5	1	1/4			1/4	1	255
19	19	75	0.5	3/4	3/4	Chord	4/4	5	1	1/8			1/8	1	256
19	19	151/2	0.5	7/8	7/8	Chord	4/4	5	1	1/8			1/8	1	257
20	20	76	1.5	0	0	Chord	4/4	1	1	3/8			1/4	3/2	258
20	20	155/2	0.5	3/8	3/8	Chord	4/4	1	1	1/8			1/8	1	259
20	20	78	2.0	1/2	1/2	Chord	4/4	1	1	1/2			1/2	1	260
20	20	76	2.0	0	0	Chord	4/4	2	1	1/2			1/2	1	261
20	20	78	2.0	1/2	1/2	Chord	4/4	2	1	1/2			1/2	1	262
20	20	76	3.0	0	0	Chord	4/4	3	1	3/4			1/2	3/2	263
20	20	79	1.0	3/4	3/4	Chord	4/4	3	1	1/4			1/4	1	264
20	20	76	4.0	0	0	Chord	4/4	4	1	1			1	1	265
20	20	76	3.0	0	0	Chord	4/4	5	1	3/4			1/2	3/2	266
20	20	79	1.0	3/4	3/4	Chord	4/4	5	1	1/4			1/4	1	267
21	21	80	1.0	0	0	Chord	4/4	1	1	1/4			1/4	1	268
21	21	81	1.0	1/4	1/4	Chord	4/4	1	1	1/4			1/4	1	269
21	21	82	1.0	1/2	1/2	Chord	4/4	1	1	1/4			1/4	1	270
21	21	83	1.0	3/4	3/4	Chord	4/4	1	1	1/4			1/4	1	271
21	21	80	2.0	0	0	Chord	4/4	2	1	1/2			1/2	1	272
21	21	82	1.0	1/2	1/2	Chord	4/4	2	1	1/4			1/4	1	273
21	21	83	1.0	3/4	3/4	Chord	4/4	2	1	1/4			1/4	1	274
21	21	80	0.75	0	0	Chord	4/4	3	1	3/16			1/8	3/2	275
21	21	323/4	0.25	3/16	3/16	Chord	4/4	3	1	1/16			1/16	1	276
21	21	81	2.0	1/4	1/4	Chord	4/4	3	1	1/2			1/2	1	277
21	21	83	1.0	3/4	3/4	Chord	4/4	3	1	1/4			1/4	1	278
21	21	80	2.0	0	0	Chord	4/4	4	1	1/2			1/2	1	279
21	21	82	1.0	1/2	1/2	Chord	4/4	4	1	1/4			1/4	1	280
21	21	83	1.0	3/4	3/4	Chord	4/4	4	1	1/4			1/4	1	281
21	21	80	2.0	0	0	Chord	4/4	5	1	1/2			1/2	1	282
21	21	82	2.0	1/2	1/2	Chord	4/4	5	1	1/2			1/2	1	283
22	22	84	4.0	0	0	Chord	4/4	1	1	1			1	1	284
22	22	84	1.0	0	0	Chord	4/4	2	1	1/4			1/4	1	285
22	22	85	0.5	1/4	1/4	Chord	4/4	2	1	1/8			1/8	1	286
22	22	171/2	0.5	3/8	3/8	Chord	4/4	2	1	1/8			1/8	1	287
22	22	86	2.0	1/2	1/2	Chord	4/4	2	1	1/2			1/2	1	288
22	22	84	4.0	0	0	Chord	4/4	3	1	1			1	1	289
22	22	84	4.0	0	0	Chord	4/4	4	1	1			1	1	290
22	22	84	4.0	0	0	Chord	4/4	5	1	1			1	1	291
23	23	88	2.0	0	0	Chord	4/4	1	1	1/2			1/2	1	292
23	23	91	1.0	3/4	3/4	Chord	4/4	1	1	1/4			1/4	1	293
23	23	88	2.0	0	0	Chord	4/4	2	1	1/2			1/2	1	294
23	23	91	1.0	3/4	3/4	Chord	4/4	2	1	1/4			1/4	1	295
23	23	88	2.0	0	0	Chord	4/4	3	1	1/2			1/2	1	296
23	23	91	1.0	3/4	3/4	Chord	4/4	3	1	1/4			1/4	1	297
23	23	88	2.0	0	0	Chord	4/4	4	1	1/2			1/2	1	298
23	23	91	1.0	3/4	3/4	Chord	4/4	4	1	1/4			1/4	1	299
23	23	88	3.0	0	0	Chord	4/4	5	1	3/4			1/2	3/2	300
23	23	91	1.0	3/4	3/4	Chord	4/4	5	1	1/4			1/4	1	301
24	24	92	1.0	0	0	Chord	4/4	1	1	1/4			1/4	1	302
24	24	93	1.0	1/4	1/4	Chord	4/4	1	1	1/4			1/4	1	303
24	24	94	0.75	1/2	1/2	Chord	4/4	1	1	3/16			1/8	3/2	304
24	24	379/4	0.25	11/16	11/16	Chord	4/4	1	1	1/16			1/16	1	305
24	24	95	1.0	3/4	3/4	Chord	4/4	1	1	1/4			1/4	1	306
24	24	92	1.0	0	0	Chord	4/4	2	1	1/4			1/4	1	307
24	24	93	1.0	1/4	1/4	Chord	4/4	2	1	1/4			1/4	1	308
24	24	94	0.75	1/2	1/2	Chord	4/4	2	1	3/16			1/8	3/2	309
24	24	379/4	0.25	11/16	11/16	Chord	4/4	2	1	1/16			1/16	1	310
24	24	95	1.0	3/4	3/4	Chord	4/4	2	1	1/4			1/4	1	311
24	24	92	1.0	0	0	Chord	4/4	3	1	1/4			1/4	1	312
24	24	93	1.0	1/4	1/4	Chord	4/4	3	1	1/4			1/4	1	313
24	24	94	2.0	1/2	1/2	Chord	4/4	3	1	1/2			1/2	1	314
24	24	92	1.0	0	0	Chord	4/4	4	1	1/4			1/4	1	315
24	24	93	1.0	1/4	1/4	Chord	4/4	4	1	1/4			1/4	1	316
24	24	94	2.0	1/2	1/2	Chord	4/4	4	1	1/2			1/2	1	317
24	24	92	1.0	0	0	Chord	4/4	5	1	1/4			1/4	1	318
24	24	93	1.0	1/4	1/4	Chord	4/4	5	1	1/4			1/4	1	319
24	24	94	2.0	1/2	1/2	Chord	4/4	5	1	1/2			1/2	1	320
25	25	96	1.0	0	0	Chord	4/4	1	1	1/4			1/4	1	321
25	25	97	1.0	1/4	1/4	Chord	4/4	1	1	1/4			1/4	1	322
25	25	98	2.0	1/2	1/2	Chord	4/4	1	1	1/2			1/2	1	323
25	25	96	1.0	0	0	Chord	4/4	2	1	1/4			1/4	1	324
25	25	97	2.0	1/4	1/4	Chord	4/4	2	1	1/2			1/2	1	325
25	25	99	1.0	3/4	3/4	Chord	4/4	2	1	1/4			1/4	1	326
25	25	96	1.0	0	0	Chord	4/4	3	1	1/4			1/4	1	327
25	25	97	1.0	1/4	1/4	Chord	4/4	3	1	1/4			1/4	1	328
25	25	98	2.0	1/2	1/2	Chord	4/4	3	1	1/2			1/2	1	329
25	25	96	1.0	0	0	Chord	4/4	4	1	1/4			1/4	1	330
25	25	97	1.0	1/4	1/4	Chord	4/4	4	1	1/4			1/4	1	331
25	25	98	2.0	1/2	1/2	Chord	4/4	4	1	1/2			1/2	1	332
25	25	96	1.0	0	0	Chord	4/4	5	1	1/4			1/4	1	333
25	25	97	1.0	1/4	1/4	Chord	4/4	5	1	1/4			1/4	1	334
25	25	98	2.0	1/2	1/2	Chord	4/4	5	1	1/2			1/2	1	335
26	26	100	2.0	0	0	Chord	4/4	1	1	1/2			1/2	1	336
26	26	103	0.5	3/4	3/4	Chord	4/4	1	1	1/8			1/8	1	337
26	26	207/2	0.5	7/8	7/8	Chord	4/4	1	1	1/8			1/8	1	338
26	26	100	2.0	0	0	Chord	4/4	2	1	1/2			1/2	1	339
26	26	103	0.5	3/4	3/4	Chord	4/4	2	1	1/8			1/8	1	340
26	26	207/2	0.5	7/8	7/8	Chord	4/4	2	1	1/8			1/8	1	341
26	26	100	2.0	0	0	Chord	4/4	3	1	1/2			1/2	1	342
26	26	100	2.0	0	0	Chord	4/4	4	1	1/2			1/2	1	343
26	26	103	0.5	3/4	3/4	Chord	4/4	4	1	1/8			1/8	1	344
26	26	207/2	0.5	7/8	7/8	Chord	4/4	4	1	1/8			1/8	1	345
26	26	100	4.0	0	0	Chord	4/4	5	1	1			1	1	346
27	27	104	3.0	0	0	Chord	4/4	1	1	3/4			1/2	3/2	347
27	27	107	0.5	3/4	3/4	Chord	4/4	1	1	1/8			1/8	1	348
27	27	215/2	0.5	7/8	7/8	Chord	4/4	1	1	1/8			1/8	1	349
27	27	104	2.0	0	0	Chord	4/4	2	1	1/2			1/2	1	350
27	27	106	1.0	1/2	1/2	Chord	4/4	2	1	1/4			1/4	1	351
27	27	107	1.0	3/4	3/4	Chord	4/4	2	1	1/4			1/4	1	352
27	27	104	1.0	0	0	Chord	4/4	4	1	1/4			1/4	1	353
27	27	105	2.0	1/4	1/4	Chord	4/4	4	1	1/2			1/2	1	354
27	27	107	1.0	3/4	3/4	Chord	4/4	4	1	1/4			1/4	1	355
28	28	108	3.0	0	0	Chord	4/4	1	1	3/4			1/2	3/2	356
28	28	111	1.0	3/4	3/4	Chord	4/4	1	1	1/4			1/4	1	357
28	28	108	3.0	0	0	Chord	4/4	2	1	3/4			1/2	3/2	358
28	28	111	1.0	3/4	3/4	Chord	4/4	2	1	1/4			1/4	1	359
28	28	108	3.0	0	0	Chord	4/4	4	1	3/4			1/2	3/2	360
28	28	111	1.0	3/4	3/4	Chord	4/4	4	1	1/4			1/4	1	361
29	29	113	0.5	1/4	1/4	Chord	4/4	1	1	1/8			1/8	1	362
29	29	227/2	0.5	3/8	3/8	Chord	4/4	1	1	1/8			1/8	1	363
29	29	114	2.0	1/2	1/2	Chord	4/4	1	1	1/2			1/2	1	364
29	29	113	0.5	1/4	1/4	Chord	4/4	2	1	1/8			1/8	1	365
29	29	227/2	0.5	3/8	3/8	Chord	4/4	2	1	1/8			1/8	1	366
29	29	114	2.0	1/2	1/2	Chord	4/4	2	1	1/2			1/2	1	367
29	29	113	0.5	1/4	1/4	Chord	4/4	4	1	1/8			1/8	1	368
29	29	227/2	0.5	3/8	3/8	Chord	4/4	4	1	1/8			1/8	1	369
29	29	114	1.0	1/2	1/2	Chord	4/4	4	1	1/4			1/4	1	370
29	29	115	1.0	3/4	3/4	Chord	4/4	4	1	1/4			1/4	1	371
30	30	116	1.0	0	0	Chord	4/4	1	1	1/4			1/4	1	372
30	30	117	0.5	1/4	1/4	Chord	4/4	1	1	1/8			1/8	1	373
30	30	235/2	0.5	3/8	3/8	Chord	4/4	1	1	1/8			1/8	1	374
30	30	118	2.0	1/2	1/2	Chord	4/4	1	1	1/2			1/2	1	375
30	30	116	1.0	0	0	Chord	4/4	2	1	1/4			1/4	1	376
30	30	117	1.0	1/4	1/4	Chord	4/4	2	1	1/4			1/4	1	377
30	30	118	2.0	1/2	1/2	Chord	4/4	2	1	1/2			1/2	1	378
30	30	116	1.0	0	0	Chord	4/4	4	1	1/4			1/4	1	379
30	30	117	1.0	1/4	1/4	Chord	4/4	4	1	1/4			1/4	1	380
30	30	118	2.0	1/2	1/2	Chord	4/4	4	1	1/2			1/2	1	381
31	31	120	1.0	0	0	Chord	4/4	1	1	1/4			1/4	1	382
31	31	121	1.0	1/4	1/4	Chord	4/4	1	1	1/4			1/4	1	383
31	31	123	1.0	3/4	3/4	Chord	4/4	1	1	1/4			1/4	1	384
31	31	120	1.0	0	0	Chord	4/4	2	1	1/4			1/4	1	385
31	31	121	1.0	1/4	1/4	Chord	4/4	2	1	1/4			1/4	1	386
31	31	123	1.0	3/4	3/4	Chord	4/4	2	1	1/4			1/4	1	387
31	31	120	1.0	0	0	Chord	4/4	4	1	1/4			1/4	1	388
31	31	121	1.0	1/4	1/4	Chord	4/4	4	1	1/4			1/4	1	389
31	31	123	1.0	3/4	3/4	Chord	4/4	4	1	1/4			1/4	1	390
32	32	124	1.0	0	0	Chord	4/4	1	1	1/4			1/4	1	391
32	32	125	1.0	1/4	1/4	Chord	4/4	1	1	1/4			1/4	1	392
32	32	126	1.0	1/2	1/2	Chord	4/4	1	1	1/4			1/4	1	393
32	32	127	1.0	3/4	3/4	Chord	4/4	1	1	1/4			1/4	1	394
32	32	124	1.0	0	0	Chord	4/4	2	1	1/4			1/4	1	395
32	32	125	1.0	1/4	1/4	Chord	4/4	2	1	1/4			1/4	1	396
32	32	126	1.0	1/2	1/2	Chord	4/4	2	1	1/4			1/4	1	397
32	32	127	1.0	3/4	3/4	Chord	4/4	2	1	1/4			1/4	1	398
32	32	124	1.0	0	0	Chord	4/4	4	1	1/4			1/4	1	399
32	32	125	1.0	1/4	1/4	Chord	4/4	4	1	1/4			1/4	1	400
32	32	126	1.0	1/2	1/2	Chord	4/4	4	1	1/4			1/4	1	401
32	32	127	1.0	3/4	3/4	Chord	4/4	4	1	1/4			1/4	1	402
33	33	129	0.5	1/4	1/4	Chord	4/4	1	1	1/8			1/8	1	403
33	33	259/2	0.5	3/8	3/8	Chord	4/4	1	1	1/8			1/8	1	404
33	33	130	2.0	1/2	1/2	Chord	4/4	1	1	1/2			1/2	1	405
33	33	129	0.5	1/4	1/4	Chord	4/4	2	1	1/8			1/8	1	406
33	33	259/2	0.5	3/8	3/8	Chord	4/4	2	1	1/8			1/8	1	407
33	33	130	2.0	1/2	1/2	Chord	4/4	2	1	1/2			1/2	1	408
33	33	129	0.5	1/4	1/4	Chord	4/4	3	1	1/8			1/8	1	409
33	33	259/2	0.5	3/8	3/8	Chord	4/4	3	1	1/8			1/8	1	410
33	33	130	2.0	1/2	1/2	Chord	4/4	3	1	1/2			1/2	1	411
33	33	129	0.5	1/4	1/4	Chord	4/4	4	1	1/8			1/8	1	412
33	33	259/2	0.5	3/8	3/8	Chord	4/4	4	1	1/8			1/8	1	413
33	33	130	1.0	1/2	1/2	Chord	4/4	4	1	1/4			1/4	1	414
33	33	131	1.0	3/4	3/4	Chord	4/4	4	1	1/4			1/4	1	415
33	33	129	0.5	1/4	1/4	Chord	4/4	5	1	1/8			1/8	1	416
33	33	259/2	0.5	3/8	3/8	Chord	4/4	5	1	1/8			1/8	1	417
33	33	130	1.0	1/2	1/2	Chord	4/4	5	1	1/4			1/4	1	418
33	33	131	1.0	3/4	3/4	Chord	4/4	5	1	1/4			1/4	1	419
34	34	132	1.0	0	0	Chord	4/4	1	1	1/4			1/4	1	420
34	34	133	0.5	1/4	1/4	Chord	4/4	1	1	1/8			1/8	1	421
34	34	267/2	0.5	3/8	3/8	Chord	4/4	1	1	1/8			1/8	1	422
34	34	134	2.0	1/2	1/2	Chord	4/4	1	1	1/2			1/2	1	423
34	34	132	1.0	0	0	Chord	4/4	2	1	1/4			1/4	1	424
34	34	133	1.0	1/4	1/4	Chord	4/4	2	1	1/4			1/4	1	425
34	34	134	2.0	1/2	1/2	Chord	4/4	2	1	1/2			1/2	1	426
34	34	132	1.0	0	0	Chord	4/4	3	1	1/4			1/4	1	427
34	34	133	1.0	1/4	1/4	Chord	4/4	3	1	1/4			1/4	1	428
34	34	134	2.0	1/2	1/2	Chord	4/4	3	1	1/2			1/2	1	429
34	34	132	1.0	0	0	Chord	4/4	4	1	1/4			1/4	1	430
34	34	133	1.0	1/4	1/4	Chord	4/4	4	1	1/4			1/4	1	431
34	34	134	2.0	1/2	1/2	Chord	4/4	4	1	1/2			1/2	1	432
34	34	132	1.0	0	0	Chord	4/4	5	1	1/4			1/4	1	433
34	34	133	1.0	1/4	1/4	Chord	4/4	5	1	1/4			1/4	1	434
34	34	134	2.0	1/2	1/2	Chord	4/4	5	1	1/2			1/2	1	435
35	35	136	1.0	0	0	Chord	4/4	1	1	1/4			1/4	1	436
35	35	137	1.0	1/4	1/4	Chord	4/4	1	1	1/4			1/4	1	437
35	35	139	0.5	3/4	3/4	Chord	4/4	1	1	1/8			1/8	1	438
35	35	279/2	0.5	7/8	7/8	Chord	4/4	1	1	1/8			1/8	1	439
35	35	136	1.0	0	0	Chord	4/4	2	1	1/4			1/4	1	440
35	35	137	1.0	1/4	1/4	Chord	4/4	2	1	1/4			1/4	1	441
35	35	139	0.5	3/4	3/4	Chord	4/4	2	1	1/8			1/8	1	442
35	35	279/2	0.5	7/8	7/8	Chord	4/4	2	1	1/8			1/8	1	443
35	35	136	1.0	0	0	Chord	4/4	3	1	1/4			1/4	1	444
35	35	137	1.0	1/4	1/4	Chord	4/4	3	1	1/4			1/4	1	445
35	35	139	0.5	3/4	3/4	Chord	4/4	3	1	1/8			1/8	1	446
35	35	279/2	0.5	7/8	7/8	Chord	4/4	3	1	1/8			1/8	1	447
35	35	136	1.0	0	0	Chord	4/4	4	1	1/4			1/4	1	448
35	35	137	1.0	1/4	1/4	Chord	4/4	4	1	1/4			1/4	1	449
35	35	139	0.5	3/4	3/4	Chord	4/4	4	1	1/8			1/8	1	450
35	35	279/2	0.5	7/8	7/8	Chord	4/4	4	1	1/8			1/8	1	451
35	35	136	1.0	0	0	Chord	4/4	5	1	1/4			1/4	1	452
35	35	137	1.0	1/4	1/4	Chord	4/4	5	1	1/4			1/4	1	453
35	35	139	0.5	3/4	3/4	Chord	4/4	5	1	1/8			1/8	1	454
35	35	279/2	0.5	7/8	7/8	Chord	4/4	5	1	1/8			1/8	1	455
36	36	140	3.0	0	0	Chord	4/4	1	1	3/4			1/2	3/2	456
36	36	143	0.5	3/4	3/4	Chord	4/4	1	1	1/8			1/8	1	457
36	36	287/2	0.5	7/8	7/8	Chord	4/4	1	1	1/8			1/8	1	458
36	36	140	2.0	0	0	Chord	4/4	2	1	1/2			1/2	1	459
36	36	142	1.0	1/2	1/2	Chord	4/4	2	1	1/4			1/4	1	460
36	36	143	1.0	3/4	3/4	Chord	4/4	2	1	1/4			1/4	1	461
36	36	140	2.0	0	0	Chord	4/4	3	1	1/2			1/2	1	462
36	36	142	1.0	1/2	1/2	Chord	4/4	3	1	1/4			1/4	1	463
36	36	143	1.0	3/4	3/4	Chord	4/4	3	1	1/4			1/4	1	464
36	36	140	1.0	0	0	Chord	4/4	4	1	1/4			1/4	1	465
36	36	141	2.0	1/4	1/4	Chord	4/4	4	1	1/2			1/2	1	466
36	36	143	1.0	3/4	3/4	Chord	4/4	4	1	1/4			1/4	1	467
36	36	140	1.0	0	0	Chord	4/4	5	1	1/4			1/4	1	468
36	36	141	2.0	1/4	1/4	Chord	4/4	5	1	1/2			1/2	1	469
36	36	143	1.0	3/4	3/4	Chord	4/4	5	1	1/4			1/4	1	470
37	37	144	3.0	0	0	Chord	4/4	1	1	3/4			1/2	3/2	471
37	37	147	1.0	3/4	3/4	Chord	4/4	1	1	1/4			1/4	1	472
37	37	144	3.0	0	0	Chord	4/4	2	1	3/4			1/2	3/2	473
37	37	147	1.0	3/4	3/4	Chord	4/4	2	1	1/4			1/4	1	474
37	37	144	3.0	0	0	Chord	4/4	3	1	3/4			1/2	3/2	475
37	37	147	1.0	3/4	3/4	Chord	4/4	3	1	1/4			1/4	1	476
37	37	144	3.0	0	0	Chord	4/4	4	1	3/4			1/2	3/2	477
37	37	147	1.0	3/4	3/4	Chord	4/4	4	1	1/4			1/4	1	478
37	37	144	3.0	0	0	Chord	4/4	5	1	3/4			1/2	3/2	479
37	37	147	1.0	3/4	3/4	Chord	4/4	5	1	1/4			1/4	1	480
38	38	149	1.0	1/4	1/4	Chord	4/4	1	1	1/4			1/4	1	481
38	38	150	1.0	1/2	1/2	Chord	4/4	1	1	1/4			1/4	1	482
38	38	151	1.0	3/4	3/4	Chord	4/4	1	1	1/4			1/4	1	483
38	38	149	1.0	1/4	1/4	Chord	4/4	2	1	1/4			1/4	1	484
38	38	150	1.0	1/2	1/2	Chord	4/4	2	1	1/4			1/4	1	485
38	38	151	1.0	3/4	3/4	Chord	4/4	2	1	1/4			1/4	1	486
38	38	149	1.0	1/4	1/4	Chord	4/4	3	1	1/4			1/4	1	487
38	38	150	1.0	1/2	1/2	Chord	4/4	3	1	1/4			1/4	1	488
38	38	151	1.0	3/4	3/4	Chord	4/4	3	1	1/4			1/4	1	489
38	38	149	1.0	1/4	1/4	Chord	4/4	4	1	1/4			1/4	1	490
38	38	150	1.0	1/2	1/2	Chord	4/4	4	1	1/4			1/4	1	491
38	38	151	1.0	3/4	3/4	Chord	4/4	4	1	1/4			1/4	1	492
38	38	149	1.0	1/4	1/4	Chord	4/4	5	1	1/4			1/4	1	493
38	38	150	1.0	1/2	1/2	Chord	4/4	5	1	1/4			1/4	1	494
38	38	151	1.0	3/4	3/4	Chord	4/4	5	1	1/4			1/4	1	495
39	39	152	1.0	0	0	Chord	4/4	1	1	1/4			1/4	1	496
39	39	153	1.0	1/4	1/4	Chord	4/4	1	1	1/4			1/4	1	497
39	39	152	1.0	0	0	Chord	4/4	2	1	1/4			1/4	1	498
39	39	153	1.0	1/4	1/4	Chord	4/4	2	1	1/4			1/4	1	499
39	39	152	1.0	0	0	Chord	4/4	3	1	1/4			1/4	1	500
39	39	153	1.0	1/4	1/4	Chord	4/4	3	1	1/4			1/4	1	501
39	39	152	1.0	0	0	Chord	4/4	4	1	1/4			1/4	1	502
39	39	153	1.0	1/4	1/4	Chord	4/4	4	1	1/4			1/4	1	503
39	39	154	2.0	1/2	1/2	Chord	4/4	4	1	1/2			1/2	1	504
39	39	152	1.0	0	0	Chord	4/4	5	1	1/4			1/4	1	505
39	39	153	1.0	1/4	1/4	Chord	4/4	5	1	1/4			1/4	1	506
40	40	156	3.0	0	0	Chord	4/4	1	1	3/4			1/2	3/2	507
40	40	159	0.5	3/4	3/4	Chord	4/4	1	1	1/8			1/8	1	508
40	40	319/2	0.5	7/8	7/8	Chord	4/4	1	1	1/8			1/8	1	509
40	40	156	3.0	0	0	Chord	4/4	2	1	3/4			1/2	3/2	510
40	40	159	0.5	3/4	3/4	Chord	4/4	2	1	1/8			1/8	1	511
40	40	319/2	0.5	7/8	7/8	Chord	4/4	2	1	1/8			1/8	1	512
40	40	156	3.0	0	0	Chord	4/4	3	1	3/4			1/2	3/2	513
40	40	159	0.5	3/4	3/4	Chord	4/4	3	1	1/8			1/8	1	514
40	40	319/2	0.5	7/8	7/8	Chord	4/4	3	1	1/8			1/8	1	515
40	40	156	1.0	0	0	Chord	4/4	4	1	1/4			1/4	1	516
40	40	157	0.5	1/4	1/4	Chord	4/4	4	1	1/8			1/8	1	517
40	40	315/2	0.5	3/8	3/8	Chord	4/4	4	1	1/8			1/8	1	518
40	40	158	1.5	1/2	1/2	Chord	4/4	4	1	3/8			1/4	3/2	519
40	40	319/2	0.5	7/8	7/8	Chord	4/4	4	1	1/8			1/8	1	520
40	40	156	3.0	0	0	Chord	4/4	5	1	3/4			1/2	3/2	521
40	40	159	0.5	3/4	3/4	Chord	4/4	5	1	1/8			1/8	1	522
40	40	319/2	0.5	7/8	7/8	Chord	4/4	5	1	1/8			1/8	1	523
41	41	160	1.5	0	0	Chord	4/4	1	1	3/8			1/4	3/2	524
41	41	323/2	0.5	3/8	3/8	Chord	4/4	1	1	1/8			1/8	1	525
41	41	162	0.5	1/2	1/2	Chord	4/4	1	1	1/8			1/8	1	526
41	41	325/2	0.5	5/8	5/8	Chord	4/4	1	1	1/8			1/8	1	527
41	41	163	1.0	3/4	3/4	Chord	4/4	1	1	1/4			1/4	1	528
41	41	160	1.5	0	0	Chord	4/4	2	1	3/8			1/4	3/2	529
41	41	323/2	0.5	3/8	3/8	Chord	4/4	2	1	1/8			1/8	1	530
41	41	162	0.5	1/2	1/2	Chord	4/4	2	1	1/8			1/8	1	531
41	41	325/2	0.5	5/8	5/8	Chord	4/4	2	1	1/8			1/8	1	532
41	41	163	1.0	3/4	3/4	Chord	4/4	2	1	1/4			1/4	1	533
41	41	160	1.5	0	0	Chord	4/4	3	1	3/8			1/4	3/2	534
41	41	323/2	0.5	3/8	3/8	Chord	4/4	3	1	1/8			1/8	1	535
41	41	162	0.5	1/2	1/2	Chord	4/4	3	1	1/8			1/8	1	536
41	41	325/2	0.5	5/8	5/8	Chord	4/4	3	1	1/8			1/8	1	537
41	41	163	1.0	3/4	3/4	Chord	4/4	3	1	1/4			1/4	1	538
41	41	160	0.5	0	0	Chord	4/4	4	1	1/8			1/8	1	539
41	41	321/2	0.5	1/8	1/8	Chord	4/4	4	1	1/8			1/8	1	540
41	41	161	2.0	1/4	1/4	Chord	4/4	4	1	1/2			1/2	1	541
41	41	163	1.0	3/4	3/4	Chord	4/4	4	1	1/4			1/4	1	542
41	41	160	1.5	0	0	Chord	4/4	5	1	3/8			1/4	3/2	543
41	41	323/2	0.5	3/8	3/8	Chord	4/4	5	1	1/8			1/8	1	544
41	41	162	0.5	1/2	1/2	Chord	4/4	5	1	1/8			1/8	1	545
41	41	325/2	0.5	5/8	5/8	Chord	4/4	5	1	1/8			1/8	1	546
41	41	163	1.0	3/4	3/4	Chord	4/4	5	1	1/4			1/4	1	547
42	42	164	1.0	0	0	Chord	4/4	1	1	1/4			1/4	1	548
42	42	165	1.0	1/4	1/4	Chord	4/4	1	1	1/4			1/4	1	549
42	42	166	2.0	1/2	1/2	Chord	4/4	1	1	1/2			1/2	1	550
42	42	164	1.0	0	0	Chord	4/4	2	1	1/4			1/4	1	551
42	42	165	1.0	1/4	1/4	Chord	4/4	2	1	1/4			1/4	1	552
42	42	166	2.0	1/2	1/2	Chord	4/4	2	1	1/2			1/2	1	553
42	42	164	1.0	0	0	Chord	4/4	3	1	1/4			1/4	1	554
42	42	165	1.0	1/4	1/4	Chord	4/4	3	1	1/4			1/4	1	555
42	42	166	2.0	1/2	1/2	Chord	4/4	3	1	1/2			1/2	1	556
42	42	165	1.0	1/4	1/4	Chord	4/4	4	1	1/4			1/4	1	557
42	42	166	2.0	1/2	1/2	Chord	4/4	4	1	1/2			1/2	1	558
42	42	164	1.0	0	0	Chord	4/4	5	1	1/4			1/4	1	559
42	42	165	1.0	1/4	1/4	Chord	4/4	5	1	1/4			1/4	1	560
42	42	166	2.0	1/2	1/2	Chord	4/4	5	1	1/2			1/2	1	561
43	43	168	3.0	0	0	Chord	4/4	1	1	3/4			1/2	3/2	562
43	43	171	1.0	3/4	3/4	Chord	4/4	1	1	1/4			1/4	1	563
43	43	168	3.0	0	0	Chord	4/4	2	1	3/4			1/2	3/2	564
43	43	171	1.0	3/4	3/4	Chord	4/4	2	1	1/4			1/4	1	565
43	43	168	3.0	0	0	Chord	4/4	3	1	3/4			1/2	3/2	566
43	43	171	1.0	3/4	3/4	Chord	4/4	3	1	1/4			1/4	1	567
43	43	168	2.0	0	0	Chord	4/4	4	1	1/2			1/2	1	568
43	43	168	3.0	0	0	Chord	4/4	5	1	3/4			1/2	3/2	569
43	43	171	1.0	3/4	3/4	Chord	4/4	5	1	1/4			1/4	1	570
44	44	172	1.0	0	0	Chord	4/4	1	1	1/4			1/4	1	571
44	44	173	1.5	1/4	1/4	Chord	4/4	1	1	3/8			1/4	3/2	572
44	44	349/2	0.5	5/8	5/8	Chord	4/4	1	1	1/8			1/8	1	573
44	44	175	1.0	3/4	3/4	Chord	4/4	1	1	1/4			1/4	1	574
44	44	172	1.0	0	0	Chord	4/4	2	1	1/4			1/4	1	575
44	44	173	1.5	1/4	1/4	Chord	4/4	2	1	3/8			1/4	3/2	576
44	44	349/2	0.5	5/8	5/8	Chord	4/4	2	1	1/8			1/8	1	577
44	44	175	1.0	3/4	3/4	Chord	4/4	2	1	1/4			1/4	1	578
44	44	172	1.0	0	0	Chord	4/4	3	1	1/4			1/4	1	579
44	44	173	1.5	1/4	1/4	Chord	4/4	3	1	3/8			1/4	3/2	580
44	44	349/2	0.5	5/8	5/8	Chord	4/4	3	1	1/8			1/8	1	581
44	44	175	1.0	3/4	3/4	Chord	4/4	3	1	1/4			1/4	1	582
44	44	172	1.0	0	0	Chord	4/4	5	1	1/4			1/4	1	583
44	44	173	1.5	1/4	1/4	Chord	4/4	5	1	3/8			1/4	3/2	584
44	44	349/2	0.5	5/8	5/8	Chord	4/4	5	1	1/8			1/8	1	585
44	44	175	1.0	3/4	3/4	Chord	4/4	5	1	1/4			1/4	1	586
45	45	176	2.0	0	0	Chord	4/4	1	1	1/2			1/2	1	587
45	45	178	1.0	1/2	1/2	Chord	4/4	1	1	1/4			1/4	1	588
45	45	179	1.0	3/4	3/4	Chord	4/4	1	1	1/4			1/4	1	589
45	45	176	2.0	0	0	Chord	4/4	2	1	1/2			1/2	1	590
45	45	178	1.0	1/2	1/2	Chord	4/4	2	1	1/4			1/4	1	591
45	45	179	1.0	3/4	3/4	Chord	4/4	2	1	1/4			1/4	1	592
45	45	176	2.0	0	0	Chord	4/4	3	1	1/2			1/2	1	593
45	45	178	1.0	1/2	1/2	Chord	4/4	3	1	1/4			1/4	1	594
45	45	179	1.0	3/4	3/4	Chord	4/4	3	1	1/4			1/4	1	595
45	45	176	2.0	0	0	Chord	4/4	5	1	1/2			1/2	1	596
45	45	178	1.0	1/2	1/2	Chord	4/4	5	1	1/4			1/4	1	597
45	45	179	1.0	3/4	3/4	Chord	4/4	5	1	1/4			1/4	1	598
46	46	180	1.5	0	0	Chord	4/4	1	1	3/8			1/4	3/2	599
46	46	363/2	0.5	3/8	3/8	Chord	4/4	1	1	1/8			1/8	1	600
46	46	182	1.5	1/2	1/2	Chord	4/4	1	1	3/8			1/4	3/2	601
46	46	367/2	0.5	7/8	7/8	Chord	4/4	1	1	1/8			1/8	1	602
46	46	180	1.0	0	0	Chord	4/4	2	1	1/4			1/4	1	603
46	46	181	1.0	1/4	1/4	Chord	4/4	2	1	1/4			1/4	1	604
46	46	182	1.5	1/2	1/2	Chord	4/4	2	1	3/8			1/4	3/2	605
46	46	367/2	0.5	7/8	7/8	Chord	4/4	2	1	1/8			1/8	1	606
46	46	180	1.0	0	0	Chord	4/4	3	1	1/4			1/4	1	607
46	46	181	1.0	1/4	1/4	Chord	4/4	3	1	1/4			1/4	1	608
46	46	182	1.5	1/2	1/2	Chord	4/4	3	1	3/8			1/4	3/2	609
46	46	367/2	0.5	7/8	7/8	Chord	4/4	3	1	1/8			1/8	1	610
46	46	180	1.0	0	0	Chord	4/4	5	1	1/4			1/4	1	611
46	46	181	1.0	1/4	1/4	Chord	4/4	5	1	1/4			1/4	1	612
46	46	182	1.5	1/2	1/2	Chord	4/4	5	1	3/8			1/4	3/2	613
46	46	367/2	0.5	7/8	7/8	Chord	4/4	5	1	1/8			1/8	1	614
47	47	184	1.0	0	0	Chord	4/4	1	1	1/4			1/4	1	615
47	47	185	1.0	1/4	1/4	Chord	4/4	1	1	1/4			1/4	1	616
47	47	186	1.0	1/2	1/2	Chord	4/4	1	1	1/4			1/4	1	617
47	47	187	1.0	3/4	3/4	Chord	4/4	1	1	1/4			1/4	1	618
47	47	184	1.0	0	0	Chord	4/4	2	1	1/4			1/4	1	619
47	47	185	1.0	1/4	1/4	Chord	4/4	2	1	1/4			1/4	1	620
47	47	186	1.0	1/2	1/2	Chord	4/4	2	1	1/4			1/4	1	621
47	47	187	1.0	3/4	3/4	Chord	4/4	2	1	1/4			1/4	1	622
47	47	184	1.0	0	0	Chord	4/4	3	1	1/4			1/4	1	623
47	47	185	1.0	1/4	1/4	Chord	4/4	3	1	1/4			1/4	1	624
47	47	186	1.0	1/2	1/2	Chord	4/4	3	1	1/4			1/4	1	625
47	47	187	1.0	3/4	3/4	Chord	4/4	3	1	1/4			1/4	1	626
47	47	184	1.0	0	0	Chord	4/4	5	1	1/4			1/4	1	627
47	47	185	1.0	1/4	1/4	Chord	4/4	5	1	1/4			1/4	1	628
47	47	186	1.0	1/2	1/2	Chord	4/4	5	1	1/4			1/4	1	629
47	47	187	1.0	3/4	3/4	Chord	4/4	5	1	1/4			1/4	1	630
48	48	188	2.0	0	0	Chord	4/4	1	1	1/2			1/2	1	631
48	48	190	2.0	1/2	1/2	Chord	4/4	1	1	1/2			1/2	1	632
48	48	188	2.0	0	0	Chord	4/4	2	1	1/2			1/2	1	633
48	48	190	2.0	1/2	1/2	Chord	4/4	2	1	1/2			1/2	1	634
48	48	188	2.0	0	0	Chord	4/4	3	1	1/2			1/2	1	635
48	48	190	2.0	1/2	1/2	Chord	4/4	3	1	1/2			1/2	1	636
48	48	188	2.0	0	0	Chord	4/4	5	1	1/2			1/2	1	637
48	48	190	2.0	1/2	1/2	Chord	4/4	5	1	1/2			1/2	1	638
49	49	193	1.0	1/4	1/4	Chord	4/4	1	1	1/4			1/4	1	639
49	49	194	1.0	1/2	1/2	Chord	4/4	1	1	1/4			1/4	1	640
49	49	195	1.0	3/4	3/4	Chord	4/4	1	1	1/4			1/4	1	641
49	49	193	1.0	1/4	1/4	Chord	4/4	2	1	1/4			1/4	1	642
49	49	194	1.0	1/2	1/2	Chord	4/4	2	1	1/4			1/4	1	643
49	49	195	1.0	3/4	3/4	Chord	4/4	2	1	1/4			1/4	1	644
49	49	193	1.0	1/4	1/4	Chord	4/4	4	1	1/4			1/4	1	645
49	49	194	1.0	1/2	1/2	Chord	4/4	4	1	1/4			1/4	1	646
49	49	195	1.0	3/4	3/4	Chord	4/4	4	1	1/4			1/4	1	647
50	50	196	0.5	0	0	Chord	4/4	1	1	1/8			1/8	1	648
50	50	393/2	0.5	1/8	1/8	Chord	4/4	1	1	1/8			1/8	1	649
50	50	197	1.0	1/4	1/4	Chord	4/4	1	1	1/4			1/4	1	650
50	50	198	2.0	1/2	1/2	Chord	4/4	1	1	1/2			1/2	1	651
50	50	196	0.5	0	0	Chord	4/4	2	1	1/8			1/8	1	652
50	50	393/2	0.5	1/8	1/8	Chord	4/4	2	1	1/8			1/8	1	653
50	50	197	1.0	1/4	1/4	Chord	4/4	2	1	1/4			1/4	1	654
50	50	198	2.0	1/2	1/2	Chord	4/4	2	1	1/2			1/2	1	655
50	50	196	0.5	0	0	Chord	4/4	4	1	1/8			1/8	1	656
50	50	393/2	0.5	1/8	1/8	Chord	4/4	4	1	1/8			1/8	1	657
50	50	197	1.0	1/4	1/4	Chord	4/4	4	1	1/4			1/4	1	658
50	50	198	2.0	1/2	1/2	Chord	4/4	4	1	1/2			1/2	1	659
51	51	200	1.0	0	0	Chord	4/4	1	1	1/4			1/4	1	660
51	51	201	1.0	1/4	1/4	Chord	4/4	1	1	1/4			1/4	1	661
51	51	202	1.0	1/2	1/2	Chord	4/4	1	1	1/4			1/4	1	662
51	51	203	1.0	3/4	3/4	Chord	4/4	1	1	1/4			1/4	1	663
51	51	200	1.0	0	0	Chord	4/4	2	1	1/4			1/4	1	664
51	51	201	1.0	1/4	1/4	Chord	4/4	2	1	1/4			1/4	1	665
51	51	202	1.0	1/2	1/2	Chord	4/4	2	1	1/4			1/4	1	666
51	51	203	1.0	3/4	3/4	Chord	4/4	2	1	1/4			1/4	1	667
51	51	200	1.0	0	0	Chord	4/4	4	1	1/4			1/4	1	668
51	51	201	1.0	1/4	1/4	Chord	4/4	4	1	1/4			1/4	1	669
51	51	202	1.0	1/2	1/2	Chord	4/4	4	1	1/4			1/4	1	670
51	51	203	1.0	3/4	3/4	Chord	4/4	4	1	1/4			1/4	1	671
52	52	204	1.5	0	0	Chord	4/4	1	1	3/8			1/4	3/2	672
52	52	411/2	0.5	3/8	3/8	Chord	4/4	1	1	1/8			1/8	1	673
52	52	206	1.0	1/2	1/2	Chord	4/4	1	1	1/4			1/4	1	674
52	52	207	1.0	3/4	3/4	Chord	4/4	1	1	1/4			1/4	1	675
52	52	204	1.5	0	0	Chord	4/4	2	1	3/8			1/4	3/2	676
52	52	411/2	0.5	3/8	3/8	Chord	4/4	2	1	1/8			1/8	1	677
52	52	206	1.0	1/2	1/2	Chord	4/4	2	1	1/4			1/4	1	678
52	52	207	1.0	3/4	3/4	Chord	4/4	2	1	1/4			1/4	1	679
52	52	204	1.5	0	0	Chord	4/4	4	1	3/8			1/4	3/2	680
52	52	411/2	0.5	3/8	3/8	Chord	4/4	4	1	1/8			1/8	1	681
52	52	206	1.0	1/2	1/2	Chord	4/4	4	1	1/4			1/4	1	682
52	52	207	1.0	3/4	3/4	Chord	4/4	4	1	1/4			1/4	1	683
53	53	208	1.0	0	0	Chord	4/4	1	1	1/4			1/4	1	684
53	53	209	1.0	1/4	1/4	Chord	4/4	1	1	1/4			1/4	1	685
53	53	210	2.0	1/2	1/2	Chord	4/4	1	1	1/2			1/2	1	686
53	53	208	1.0	0	0	Chord	4/4	2	1	1/4			1/4	1	687
53	53	209	1.0	1/4	1/4	Chord	4/4	2	1	1/4			1/4	1	688
53	53	210	2.0	1/2	1/2	Chord	4/4	2	1	1/2			1/2	1	689
53	53	208	1.0	0	0	Chord	4/4	4	1	1/4			1/4	1	690
53	53	209	1.0	1/4	1/4	Chord	4/4	4	1	1/4			1/4	1	691
53	53	210	2.0	1/2	1/2	Chord	4/4	4	1	1/2			1/2	1	692
54	54	212	2.0	0	0	Chord	4/4	1	1	1/2			1/2	1	693
54	54	214	1.0	1/2	1/2	Chord	4/4	1	1	1/4			1/4	1	694
54	54	215	1.0	3/4	3/4	Chord	4/4	1	1	1/4			1/4	1	695
54	54	212	2.0	0	0	Chord	4/4	2	1	1/2			1/2	1	696
54	54	214	2.0	1/2	1/2	Chord	4/4	2	1	1/2			1/2	1	697
54	54	214	2.0	1/2	1/2	Chord	4/4	3	1	1/2			1/2	1	698
54	54	212	2.0	0	0	Chord	4/4	4	1	1/2			1/2	1	699
54	54	214	2.0	1/2	1/2	Chord	4/4	4	1	1/2			1/2	1	700
54	54	214	2.0	1/2	1/2	Chord	4/4	5	1	1/2			1/2	1	701
55	55	216	1.0	0	0	Chord	4/4	1	1	1/4			1/4	1	702
55	55	217	1.0	1/4	1/4	Chord	4/4	1	1	1/4			1/4	1	703
55	55	218	2.0	1/2	1/2	Chord	4/4	1	1	1/2			1/2	1	704
55	55	216	1.0	0	0	Chord	4/4	2	1	1/4			1/4	1	705
55	55	217	1.0	1/4	1/4	Chord	4/4	2	1	1/4			1/4	1	706
55	55	218	2.0	1/2	1/2	Chord	4/4	2	1	1/2			1/2	1	707
55	55	216	1.0	0	0	Chord	4/4	3	1	1/4			1/4	1	708
55	55	217	1.0	1/4	1/4	Chord	4/4	3	1	1/4			1/4	1	709
55	55	218	2.0	1/2	1/2	Chord	4/4	3	1	1/2			1/2	1	710
55	55	216	1.0	0	0	Chord	4/4	4	1	1/4			1/4	1	711
55	55	217	1.0	1/4	1/4	Chord	4/4	4	1	1/4			1/4	1	712
55	55	218	2.0	1/2	1/2	Chord	4/4	4	1	1/2			1/2	1	713
55	55	216	1.0	0	0	Chord	4/4	5	1	1/4			1/4	1	714
55	55	217	1.0	1/4	1/4	Chord	4/4	5	1	1/4			1/4	1	715
55	55	218	2.0	1/2	1/2	Chord	4/4	5	1	1/2			1/2	1	716
56	56	220	1.0	0	0	Chord	4/4	1	1	1/4			1/4	1	717
56	56	221	2.0	1/4	1/4	Chord	4/4	1	1	1/2			1/2	1	718
56	56	223	1.0	3/4	3/4	Chord	4/4	1	1	1/4			1/4	1	719
56	56	221	1.0	1/4	1/4	Chord	4/4	2	1	1/4			1/4	1	720
56	56	222	1.0	1/2	1/2	Chord	4/4	2	1	1/4			1/4	1	721
56	56	223	1.0	3/4	3/4	Chord	4/4	2	1	1/4			1/4	1	722
56	56	221	1.0	1/4	1/4	Chord	4/4	3	1	1/4			1/4	1	723
56	56	222	1.0	1/2	1/2	Chord	4/4	3	1	1/4			1/4	1	724
56	56	223	1.0	3/4	3/4	Chord	4/4	3	1	1/4			1/4	1	725
56	56	221	1.0	1/4	1/4	Chord	4/4	4	1	1/4			1/4	1	726
56	56	222	1.0	1/2	1/2	Chord	4/4	4	1	1/4			1/4	1	727
56	56	223	1.0	3/4	3/4	Chord	4/4	4	1	1/4			1/4	1	728
56	56	221	1.0	1/4	1/4	Chord	4/4	5	1	1/4			1/4	1	729
56	56	222	1.0	1/2	1/2	Chord	4/4	5	1	1/4			1/4	1	730
56	56	223	1.0	3/4	3/4	Chord	4/4	5	1	1/4			1/4	1	731
57	57	224	2.0	0	0	Chord	4/4	1	1	1/2			1/2	1	732
57	57	226	1.5	1/2	1/2	Chord	4/4	1	1	3/8			1/4	3/2	733
57	57	455/2	0.5	7/8	7/8	Chord	4/4	1	1	1/8			1/8	1	734
57	57	224	2.0	0	0	Chord	4/4	2	1	1/2			1/2	1	735
57	57	226	1.5	1/2	1/2	Chord	4/4	2	1	3/8			1/4	3/2	736
57	57	455/2	0.5	7/8	7/8	Chord	4/4	2	1	1/8			1/8	1	737
57	57	224	2.0	0	0	Chord	4/4	3	1	1/2			1/2	1	738
57	57	226	2.0	1/2	1/2	Chord	4/4	3	1	1/2			1/2	1	739
57	57	224	2.0	0	0	Chord	4/4	4	1	1/2			1/2	1	740
57	57	226	2.0	1/2	1/2	Chord	4/4	4	1	1/2			1/2	1	741
57	57	224	2.0	0	0	Chord	4/4	5	1	1/2			1/2	1	742
57	57	226	2.0	1/2	1/2	Chord	4/4	5	1	1/2			1/2	1	743
58	58	228	1.0	0	0	Chord	4/4	1	1	1/4			1/4	1	744
58	58	229	0.5	1/4	1/4	Chord	4/4	1	1	1/8			1/8	1	745
58	58	459/2	0.5	3/8	3/8	Chord	4/4	1	1	1/8			1/8	1	746
58	58	230	1.0	1/2	1/2	Chord	4/4	1	1	1/4			1/4	1	747
58	58	231	1.0	3/4	3/4	Chord	4/4	1	1	1/4			1/4	1	748
58	58	228	1.0	0	0	Chord	4/4	2	1	1/4			1/4	1	749
58	58	229	0.5	1/4	1/4	Chord	4/4	2	1	1/8			1/8	1	750
58	58	459/2	0.5	3/8	3/8	Chord	4/4	2	1	1/8			1/8	1	751
58	58	230	1.0	1/2	1/2	Chord	4/4	2	1	1/4			1/4	1	752
58	58	231	1.0	3/4	3/4	Chord	4/4	2	1	1/4			1/4	1	753
58	58	228	1.0	0	0	Chord	4/4	3	1	1/4			1/4	1	754
58	58	229	0.5	1/4	1/4	Chord	4/4	3	1	1/8			1/8	1	755
58	58	459/2	0.5	3/8	3/8	Chord	4/4	3	1	1/8			1/8	1	756
58	58	230	1.0	1/2	1/2	Chord	4/4	3	1	1/4			1/4	1	757
58	58	231	1.0	3/4	3/4	Chord	4/4	3	1	1/4			1/4	1	758
58	58	229	0.5	1/4	1/4	Chord	4/4	4	1	1/8			1/8	1	759
58	58	459/2	0.5	3/8	3/8	Chord	4/4	4	1	1/8			1/8	1	760
58	58	230	1.0	1/2	1/2	Chord	4/4	4	1	1/4			1/4	1	761
58	58	231	1.0	3/4	3/4	Chord	4/4	4	1	1/4			1/4	1	762
58	58	228	1.0	0	0	Chord	4/4	5	1	1/4			1/4	1	763
58	58	229	0.5	1/4	1/4	Chord	4/4	5	1	1/8			1/8	1	764
58	58	459/2	0.5	3/8	3/8	Chord	4/4	5	1	1/8			1/8	1	765
58	58	230	1.0	1/2	1/2	Chord	4/4	5	1	1/4			1/4	1	766
58	58	231	1.0	3/4	3/4	Chord	4/4	5	1	1/4			1/4	1	767
59	59	232	2.0	0	0	Chord	4/4	1	1	1/2			1/2	1	768
59	59	234	2.0	1/2	1/2	Chord	4/4	1	1	1/2			1/2	1	769
59	59	232	2.0	0	0	Chord	4/4	2	1	1/2			1/2	1	770
59	59	234	2.0	1/2	1/2	Chord	4/4	2	1	1/2			1/2	1	771
59	59	232	2.0	0	0	Chord	4/4	3	1	1/2			1/2	1	772
59	59	234	2.0	1/2	1/2	Chord	4/4	3	1	1/2			1/2	1	773
59	59	232	2.0	0	0	Chord	4/4	4	1	1/2			1/2	1	774
59	59	234	2.0	1/2	1/2	Chord	4/4	4	1	1/2			1/2	1	775
59	59	232	2.0	0	0	Chord	4/4	5	1	1/2			1/2	1	776
59	59	234	1.0	1/2	1/2	Chord	4/4	5	1	1/4			1/4	1	777
59	59	235	0.5	3/4	3/4	Chord	4/4	5	1	1/8			1/8	1	778
59	59	471/2	0.5	7/8	7/8	Chord	4/4	5	1	1/8			1/8	1	779
60	60	237	0.5	1/4	1/4	Chord	4/4	1	1	1/8			1/8	1	780
60	60	475/2	0.5	3/8	3/8	Chord	4/4	1	1	1/8			1/8	1	781
60	60	238	1.0	1/2	1/2	Chord	4/4	1	1	1/4			1/4	1	782
60	60	239	0.5	3/4	3/4	Chord	4/4	1	1	1/8			1/8	1	783
60	60	479/2	0.5	7/8	7/8	Chord	4/4	1	1	1/8			1/8	1	784
60	60	237	0.5	1/4	1/4	Chord	4/4	2	1	1/8			1/8	1	785
60	60	475/2	0.5	3/8	3/8	Chord	4/4	2	1	1/8			1/8	1	786
60	60	238	1.0	1/2	1/2	Chord	4/4	2	1	1/4			1/4	1	787
60	60	239	0.5	3/4	3/4	Chord	4/4	2	1	1/8			1/8	1	788
60	60	479/2	0.5	7/8	7/8	Chord	4/4	2	1	1/8			1/8	1	789
60	60	237	0.5	1/4	1/4	Chord	4/4	3	1	1/8			1/8	1	790
60	60	475/2	0.5	3/8	3/8	Chord	4/4	3	1	1/8			1/8	1	791
60	60	238	1.0	1/2	1/2	Chord	4/4	3	1	1/4			1/4	1	792
60	60	239	0.5	3/4	3/4	Chord	4/4	3	1	1/8			1/8	1	793
60	60	479/2	0.5	7/8	7/8	Chord	4/4	3	1	1/8			1/8	1	794
60	60	237	0.5	1/4	1/4	Chord	4/4	4	1	1/8			1/8	1	795
60	60	475/2	0.5	3/8	3/8	Chord	4/4	4	1	1/8			1/8	1	796
60	60	238	1.0	1/2	1/2	Chord	4/4	4	1	1/4			1/4	1	797
60	60	239	0.5	3/4	3/4	Chord	4/4	4	1	1/8			1/8	1	798
60	60	479/2	0.5	7/8	7/8	Chord	4/4	4	1	1/8			1/8	1	799
60	60	236	1.0	0	0	Chord	4/4	5	1	1/4			1/4	1	800
60	60	237	0.5	1/4	1/4	Chord	4/4	5	1	1/8			1/8	1	801
60	60	475/2	0.5	3/8	3/8	Chord	4/4	5	1	1/8			1/8	1	802
60	60	238	2.0	1/2	1/2	Chord	4/4	5	1	1/2			1/2	1	803
61	61	240	1.0	0	0	Chord	4/4	1	1	1/4			1/4	1	804
61	61	241	0.5	1/4	1/4	Chord	4/4	1	1	1/8			1/8	1	805
61	61	483/2	0.5	3/8	3/8	Chord	4/4	1	1	1/8			1/8	1	806
61	61	242	1.5	1/2	1/2	Chord	4/4	1	1	3/8			1/4	3/2	807
61	61	487/2	0.5	7/8	7/8	Chord	4/4	1	1	1/8			1/8	1	808
61	61	240	1.0	0	0	Chord	4/4	2	1	1/4			1/4	1	809
61	61	241	0.5	1/4	1/4	Chord	4/4	2	1	1/8			1/8	1	810
61	61	483/2	0.5	3/8	3/8	Chord	4/4	2	1	1/8			1/8	1	811
61	61	242	1.5	1/2	1/2	Chord	4/4	2	1	3/8			1/4	3/2	812
61	61	487/2	0.5	7/8	7/8	Chord	4/4	2	1	1/8			1/8	1	813
61	61	240	1.0	0	0	Chord	4/4	3	1	1/4			1/4	1	814
61	61	241	0.5	1/4	1/4	Chord	4/4	3	1	1/8			1/8	1	815
61	61	483/2	0.5	3/8	3/8	Chord	4/4	3	1	1/8			1/8	1	816
61	61	242	1.5	1/2	1/2	Chord	4/4	3	1	3/8			1/4	3/2	817
61	61	487/2	0.5	7/8	7/8	Chord	4/4	3	1	1/8			1/8	1	818
61	61	240	1.0	0	0	Chord	4/4	4	1	1/4			1/4	1	819
61	61	241	0.5	1/4	1/4	Chord	4/4	4	1	1/8			1/8	1	820
61	61	483/2	0.5	3/8	3/8	Chord	4/4	4	1	1/8			1/8	1	821
61	61	242	1.5	1/2	1/2	Chord	4/4	4	1	3/8			1/4	3/2	822
61	61	487/2	0.5	7/8	7/8	Chord	4/4	4	1	1/8			1/8	1	823
61	61	240	1.0	0	0	Chord	4/4	5	1	1/4			1/4	1	824
61	61	241	1.0	1/4	1/4	Chord	4/4	5	1	1/4			1/4	1	825
61	61	242	1.5	1/2	1/2	Chord	4/4	5	1	3/8			1/4	3/2	826
61	61	487/2	0.5	7/8	7/8	Chord	4/4	5	1	1/8			1/8	1	827
62	62	244	0.5	0	0	Chord	4/4	1	1	1/8			1/8	1	828
62	62	489/2	0.5	1/8	1/8	Chord	4/4	1	1	1/8			1/8	1	829
62	62	245	0.5	1/4	1/4	Chord	4/4	1	1	1/8			1/8	1	830
62	62	491/2	0.5	3/8	3/8	Chord	4/4	1	1	1/8			1/8	1	831
62	62	246	2.0	1/2	1/2	Chord	4/4	1	1	1/2			1/2	1	832
62	62	244	0.5	0	0	Chord	4/4	2	1	1/8			1/8	1	833
62	62	489/2	0.5	1/8	1/8	Chord	4/4	2	1	1/8			1/8	1	834
62	62	245	0.5	1/4	1/4	Chord	4/4	2	1	1/8			1/8	1	835
62	62	491/2	0.5	3/8	3/8	Chord	4/4	2	1	1/8			1/8	1	836
62	62	246	2.0	1/2	1/2	Chord	4/4	2	1	1/2			1/2	1	837
62	62	244	2.0	0	0	Chord	4/4	3	1	1/2			1/2	1	838
62	62	493/2	0.5	5/8	5/8	Chord	4/4	3	1	1/8			1/8	1	839
62	62	247	0.5	3/4	3/4	Chord	4/4	3	1	1/8			1/8	1	840
62	62	495/2	0.5	7/8	7/8	Chord	4/4	3	1	1/8			1/8	1	841
62	62	244	2.0	0	0	Chord	4/4	4	1	1/2			1/2	1	842
62	62	493/2	0.5	5/8	5/8	Chord	4/4	4	1	1/8			1/8	1	843
62	62	247	0.5	3/4	3/4	Chord	4/4	4	1	1/8			1/8	1	844
62	62	495/2	0.5	7/8	7/8	Chord	4/4	4	1	1/8			1/8	1	845
62	62	244	2.0	0	0	Chord	4/4	5	1	1/2			1/2	1	846
62	62	493/2	0.5	5/8	5/8	Chord	4/4	5	1	1/8			1/8	1	847
62	62	247	0.5	3/4	3/4	Chord	4/4	5	1	1/8			1/8	1	848
62	62	495/2	0.5	7/8	7/8	Chord	4/4	5	1	1/8			1/8	1	849
63	63	248	1.0	0	0	Chord	4/4	1	1	1/4			1/4	1	850
63	63	249	2.0	1/4	1/4	Chord	4/4	1	1	1/2			1/2	1	851
63	63	251	1.0	3/4	3/4	Chord	4/4	1	1	1/4			1/4	1	852
63	63	248	1.0	0	0	Chord	4/4	2	1	1/4			1/4	1	853
63	63	249	1.0	1/4	1/4	Chord	4/4	2	1	1/4			1/4	1	854
63	63	250	2.0	1/2	1/2	Chord	4/4	2	1	1/2			1/2	1	855
63	63	248	1.0	0	0	Chord	4/4	3	1	1/4			1/4	1	856
63	63	249	1.0	1/4	1/4	Chord	4/4	3	1	1/4			1/4	1	857
63	63	250	2.0	1/2	1/2	Chord	4/4	3	1	1/2			1/2	1	858
63	63	248	1.0	0	0	Chord	4/4	4	1	1/4			1/4	1	859
63	63	249	1.0	1/4	1/4	Chord	4/4	4	1	1/4			1/4	1	860
63	63	250	2.0	1/2	1/2	Chord	4/4	4	1	1/2			1/2	1	861
63	63	248	1.0	0	0	Chord	4/4	5	1	1/4			1/4	1	862
63	63	249	1.0	1/4	1/4	Chord	4/4	5	1	1/4			1/4	1	863
63	63	250	2.0	1/2	1/2	Chord	4/4	5	1	1/2			1/2	1	864
64	64	252	4.0	0	0	Chord	4/4	1	1	1			1	1	865
64	64	252	4.0	0	0	Chord	4/4	2	1	1			1	1	866
64	64	252	4.0	0	0	Chord	4/4	3	1	1			1	1	867
64	64	252	4.0	0	0	Chord	4/4	4	1	1			1	1	868
64	64	252	4.0	0	0	Chord	4/4	5	1	1			1	1	869
65	65	256	1.0	0	0	Chord	4/4	1	1	1/4			1/4	1	870
65	65	257	0.5	1/4	1/4	Chord	4/4	1	1	1/8			1/8	1	871
65	65	515/2	0.5	3/8	3/8	Chord	4/4	1	1	1/8			1/8	1	872
65	65	258	1.0	1/2	1/2	Chord	4/4	1	1	1/4			1/4	1	873
65	65	259	1.0	3/4	3/4	Chord	4/4	1	1	1/4			1/4	1	874
65	65	256	1.0	0	0	Chord	4/4	2	1	1/4			1/4	1	875
65	65	257	0.5	1/4	1/4	Chord	4/4	2	1	1/8			1/8	1	876
65	65	515/2	0.5	3/8	3/8	Chord	4/4	2	1	1/8			1/8	1	877
65	65	258	1.0	1/2	1/2	Chord	4/4	2	1	1/4			1/4	1	878
65	65	259	1.0	3/4	3/4	Chord	4/4	2	1	1/4			1/4	1	879
65	65	256	1.0	0	0	Chord	4/4	4	1	1/4			1/4	1	880
65	65	257	0.5	1/4	1/4	Chord	4/4	4	1	1/8			1/8	1	881
65	65	515/2	0.5	3/8	3/8	Chord	4/4	4	1	1/8			1/8	1	882
65	65	258	1.0	1/2	1/2	Chord	4/4	4	1	1/4			1/4	1	883
65	65	259	1.0	3/4	3/4	Chord	4/4	4	1	1/4			1/4	1	884
66	66	260	1.5	0	0	Chord	4/4	1	1	3/8			1/4	3/2	885
66	66	523/2	0.5	3/8	3/8	Chord	4/4	1	1	1/8			1/8	1	886
66	66	262	1.0	1/2	1/2	Chord	4/4	1	1	1/4			1/4	1	887
66	66	263	1.0	3/4	3/4	Chord	4/4	1	1	1/4			1/4	1	888
66	66	260	1.0	0	0	Chord	4/4	2	1	1/4			1/4	1	889
66	66	261	1.0	1/4	1/4	Chord	4/4	2	1	1/4			1/4	1	890
66	66	262	1.0	1/2	1/2	Chord	4/4	2	1	1/4			1/4	1	891
66	66	263	1.0	3/4	3/4	Chord	4/4	2	1	1/4			1/4	1	892
66	66	260	1.5	0	0	Chord	4/4	4	1	3/8			1/4	3/2	893
66	66	523/2	0.5	3/8	3/8	Chord	4/4	4	1	1/8			1/8	1	894
66	66	262	1.0	1/2	1/2	Chord	4/4	4	1	1/4			1/4	1	895
66	66	263	1.0	3/4	3/4	Chord	4/4	4	1	1/4			1/4	1	896
67	67	264	2.0	0	0	Chord	4/4	1	1	1/2			1/2	1	897
67	67	266	2.0	1/2	1/2	Chord	4/4	1	1	1/2			1/2	1	898
67	67	264	2.0	0	0	Chord	4/4	2	1	1/2			1/2	1	899
67	67	266	2.0	1/2	1/2	Chord	4/4	2	1	1/2			1/2	1	900
67	67	264	2.0	0	0	Chord	4/4	4	1	1/2			1/2	1	901
67	67	266	2.0	1/2	1/2	Chord	4/4	4	1	1/2			1/2	1	902
68	68	268	0.5	0	0	Chord	4/4	1	1	1/8			1/8	1	903
68	68	537/2	0.5	1/8	1/8	Chord	4/4	1	1	1/8			1/8	1	904
68	68	269	1.0	1/4	1/4	Chord	4/4	1	1	1/4			1/4	1	905
68	68	270	1.0	1/2	1/2	Chord	4/4	1	1	1/4			1/4	1	906
68	68	271	1.0	3/4	3/4	Chord	4/4	1	1	1/4			1/4	1	907
68	68	268	0.5	0	0	Chord	4/4	2	1	1/8			1/8	1	908
68	68	537/2	0.5	1/8	1/8	Chord	4/4	2	1	1/8			1/8	1	909
68	68	269	1.0	1/4	1/4	Chord	4/4	2	1	1/4			1/4	1	910
68	68	270	1.0	1/2	1/2	Chord	4/4	2	1	1/4			1/4	1	911
68	68	271	1.0	3/4	3/4	Chord	4/4	2	1	1/4			1/4	1	912
68	68	268	0.5	0	0	Chord	4/4	4	1	1/8			1/8	1	913
68	68	537/2	0.5	1/8	1/8	Chord	4/4	4	1	1/8			1/8	1	914
68	68	269	1.0	1/4	1/4	Chord	4/4	4	1	1/4			1/4	1	915
68	68	270	1.0	1/2	1/2	Chord	4/4	4	1	1/4			1/4	1	916
68	68	271	1.0	3/4	3/4	Chord	4/4	4	1	1/4			1/4	1	917
69	69	272	1.5	0	0	Chord	4/4	1	1	3/8			1/4	3/2	918
69	69	547/2	0.5	3/8	3/8	Chord	4/4	1	1	1/8			1/8	1	919
69	69	274	1.0	1/2	1/2	Chord	4/4	1	1	1/4			1/4	1	920
69	69	275	1.0	3/4	3/4	Chord	4/4	1	1	1/4			1/4	1	921
69	69	272	1.5	0	0	Chord	4/4	2	1	3/8			1/4	3/2	922
69	69	547/2	0.5	3/8	3/8	Chord	4/4	2	1	1/8			1/8	1	923
69	69	274	1.0	1/2	1/2	Chord	4/4	2	1	1/4			1/4	1	924
69	69	275	1.0	3/4	3/4	Chord	4/4	2	1	1/4			1/4	1	925
69	69	272	1.5	0	0	Chord	4/4	4	1	3/8			1/4	3/2	926
69	69	547/2	0.5	3/8	3/8	Chord	4/4	4	1	1/8			1/8	1	927
69	69	274	1.0	1/2	1/2	Chord	4/4	4	1	1/4			1/4	1	928
69	69	275	1.0	3/4	3/4	Chord	4/4	4	1	1/4			1/4	1	929
70	70	276	2.0	0	0	Chord	4/4	1	1	1/2			1/2	1	930
70	70	278	1.0	1/2	1/2	Chord	4/4	1	1	1/4			1/4	1	931
70	70	279	1.0	3/4	3/4	Chord	4/4	1	1	1/4			1/4	1	932
70	70	276	2.0	0	0	Chord	4/4	2	1	1/2			1/2	1	933
70	70	278	1.0	1/2	1/2	Chord	4/4	2	1	1/4			1/4	1	934
70	70	279	1.0	3/4	3/4	Chord	4/4	2	1	1/4			1/4	1	935
70	70	276	2.0	0	0	Chord	4/4	4	1	1/2			1/2	1	936
70	70	278	1.0	1/2	1/2	Chord	4/4	4	1	1/4			1/4	1	937
70	70	279	1.0	3/4	3/4	Chord	4/4	4	1	1/4			1/4	1	938
71	71	280	2.0	0	0	Chord	4/4	1	1	1/2			1/2	1	939
71	71	282	2.0	1/2	1/2	Chord	4/4	1	1	1/2			1/2	1	940
71	71	280	1.0	0	0	Chord	4/4	2	1	1/4			1/4	1	941
71	71	281	1.0	1/4	1/4	Chord	4/4	2	1	1/4			1/4	1	942
71	71	282	1.0	1/2	1/2	Chord	4/4	2	1	1/4			1/4	1	943
71	71	283	1.0	3/4	3/4	Chord	4/4	2	1	1/4			1/4	1	944
71	71	280	1.0	0	0	Chord	4/4	4	1	1/4			1/4	1	945
71	71	281	1.0	1/4	1/4	Chord	4/4	4	1	1/4			1/4	1	946
71	71	282	1.0	1/2	1/2	Chord	4/4	4	1	1/4			1/4	1	947
71	71	283	1.0	3/4	3/4	Chord	4/4	4	1	1/4			1/4	1	948
72	72	284	2.0	0	0	Chord	4/4	1	1	1/2			1/2	1	949
72	72	286	2.0	1/2	1/2	Chord	4/4	1	1	1/2			1/2	1	950
72	72	284	1.0	0	0	Chord	4/4	2	1	1/4			1/4	1	951
72	72	285	1.0	1/4	1/4	Chord	4/4	2	1	1/4			1/4	1	952
72	72	286	1.0	1/2	1/2	Chord	4/4	2	1	1/4			1/4	1	953
72	72	287	1.0	3/4	3/4	Chord	4/4	2	1	1/4			1/4	1	954
72	72	284	1.0	0	0	Chord	4/4	4	1	1/4			1/4	1	955
72	72	285	1.0	1/4	1/4	Chord	4/4	4	1	1/4			1/4	1	956
72	72	286	1.0	1/2	1/2	Chord	4/4	4	1	1/4			1/4	1	957
72	72	287	1.0	3/4	3/4	Chord	4/4	4	1	1/4			1/4	1	958
73	73	288	1.0	0	0	Chord	4/4	1	1	1/4			1/4	1	959
73	73	289	1.0	1/4	1/4	Chord	4/4	1	1	1/4			1/4	1	960
73	73	290	1.0	1/2	1/2	Chord	4/4	1	1	1/4			1/4	1	961
73	73	291	1.0	3/4	3/4	Chord	4/4	1	1	1/4			1/4	1	962
73	73	288	1.0	0	0	Chord	4/4	2	1	1/4			1/4	1	963
73	73	289	1.5	1/4	1/4	Chord	4/4	2	1	3/8			1/4	3/2	964
73	73	581/2	0.25	5/8	5/8	Chord	4/4	2	1	1/16			1/16	1	965
73	73	1163/4	0.25	11/16	11/16	Chord	4/4	2	1	1/16			1/16	1	966
73	73	291	1.0	3/4	3/4	Chord	4/4	2	1	1/4			1/4	1	967
73	73	288	1.0	0	0	Chord	4/4	4	1	1/4			1/4	1	968
73	73	289	1.0	1/4	1/4	Chord	4/4	4	1	1/4			1/4	1	969
73	73	290	1.0	1/2	1/2	Chord	4/4	4	1	1/4			1/4	1	970
73	73	291	1.0	3/4	3/4	Chord	4/4	4	1	1/4			1/4	1	971
74	74	292	2.0	0	0	Chord	4/4	1	1	1/2			1/2	1	972
74	74	294	1.0	1/2	1/2	Chord	4/4	1	1	1/4			1/4	1	973
74	74	295	1.0	3/4	3/4	Chord	4/4	1	1	1/4			1/4	1	974
74	74	292	1.0	0	0	Chord	4/4	2	1	1/4			1/4	1	975
74	74	293	1.0	1/4	1/4	Chord	4/4	2	1	1/4			1/4	1	976
74	74	294	2.0	1/2	1/2	Chord	4/4	2	1	1/2			1/2	1	977
74	74	292	2.0	0	0	Chord	4/4	4	1	1/2			1/2	1	978
74	74	294	2.0	1/2	1/2	Chord	4/4	4	1	1/2			1/2	1	979
75	75	296	1.0	0	0	Chord	4/4	1	1	1/4			1/4	1	980
75	75	297	1.0	1/4	1/4	Chord	4/4	1	1	1/4			1/4	1	981
75	75	298	1.0	1/2	1/2	Chord	4/4	1	1	1/4			1/4	1	982
75	75	299	1.0	3/4	3/4	Chord	4/4	1	1	1/4			1/4	1	983
75	75	299	1.0	3/4	3/4	Chord	4/4	2	1	1/4			1/4	1	984
75	75	296	2.0	0	0	Chord	4/4	4	1	1/2			1/2	1	985
75	75	298	2.0	1/2	1/2	Chord	4/4	4	1	1/2			1/2	1	986
76	76	300	1.0	0	0	Chord	4/4	1	1	1/4			1/4	1	987
76	76	301	1.0	1/4	1/4	Chord	4/4	1	1	1/4			1/4	1	988
76	76	302	1.0	1/2	1/2	Chord	4/4	1	1	1/4			1/4	1	989
76	76	303	1.0	3/4	3/4	Chord	4/4	1	1	1/4			1/4	1	990
76	76	300	1.0	0	0	Chord	4/4	2	1	1/4			1/4	1	991
76	76	301	1.0	1/4	1/4	Chord	4/4	2	1	1/4			1/4	1	992
76	76	302	1.0	1/2	1/2	Chord	4/4	2	1	1/4			1/4	1	993
76	76	303	1.0	3/4	3/4	Chord	4/4	2	1	1/4			1/4	1	994
76	76	300	2.0	0	0	Chord	4/4	4	1	1/2			1/2	1	995
76	76	302	2.0	1/2	1/2	Chord	4/4	4	1	1/2			1/2	1	996
77	77	304	1.0	0	0	Chord	4/4	1	1	1/4			1/4	1	997
77	77	305	1.0	1/4	1/4	Chord	4/4	1	1	1/4			1/4	1	998
77	77	306	2.0	1/2	1/2	Chord	4/4	1	1	1/2			1/2	1	999
77	77	304	1.0	0	0	Chord	4/4	2	1	1/4			1/4	1	1000
77	77	305	1.0	1/4	1/4	Chord	4/4	2	1	1/4			1/4	1	1001
77	77	306	2.0	1/2	1/2	Chord	4/4	2	1	1/2			1/2	1	1002
77	77	304	2.0	0	0	Chord	4/4	4	1	1/2			1/2	1	1003
77	77	306	1.0	1/2	1/2	Chord	4/4	4	1	1/4			1/4	1	1004
77	77	307	1.0	3/4	3/4	Chord	4/4	4	1	1/4			1/4	1	1005
78	78	308	2.0	0	0	Chord	4/4	1	1	1/2			1/2	1	1006
78	78	310	2.0	1/2	1/2	Chord	4/4	1	1	1/2			1/2	1	1007
78	78	308	1.0	0	0	Chord	4/4	2	1	1/4			1/4	1	1008
78	78	309	2.0	1/4	1/4	Chord	4/4	2	1	1/2			1/2	1	1009
78	78	311	1.0	3/4	3/4	Chord	4/4	2	1	1/4			1/4	1	1010
78	78	308	1.0	0	0	Chord	4/4	4	1	1/4			1/4	1	1011
78	78	309	1.0	1/4	1/4	Chord	4/4	4	1	1/4			1/4	1	1012
78	78	310	2.0	1/2	1/2	Chord	4/4	4	1	1/2			1/2	1	1013
79	79	312	4.0	0	0	Chord	4/4	1	1	1			1	1	1014
79	79	312	4.0	0	0	Chord	4/4	2	1	1			1	1	1015
79	79	312	4.0	0	0	Chord	4/4	4	1	1			1	1	1016
80	80	316	1.0	0	0	Chord	4/4	1	1	1/4			1/4	1	1017
80	80	317	0.5	1/4	1/4	Chord	4/4	1	1	1/8			1/8	1	1018
80	80	635/2	0.5	3/8	3/8	Chord	4/4	1	1	1/8			1/8	1	1019
80	80	318	1.0	1/2	1/2	Chord	4/4	1	1	1/4			1/4	1	1020
80	80	319	1.0	3/4	3/4	Chord	4/4	1	1	1/4			1/4	1	1021
80	80	316	1.0	0	0	Chord	4/4	2	1	1/4			1/4	1	1022
80	80	317	0.5	1/4	1/4	Chord	4/4	2	1	1/8			1/8	1	1023
80	80	635/2	0.5	3/8	3/8	Chord	4/4	2	1	1/8			1/8	1	1024
80	80	318	1.0	1/2	1/2	Chord	4/4	2	1	1/4			1/4	1	1025
80	80	319	1.0	3/4	3/4	Chord	4/4	2	1	1/4			1/4	1	1026
80	80	316	1.0	0	0	Chord	4/4	3	1	1/4			1/4	1	1027
80	80	317	0.5	1/4	1/4	Chord	4/4	3	1	1/8			1/8	1	1028
80	80	635/2	0.5	3/8	3/8	Chord	4/4	3	1	1/8			1/8	1	1029
80	80	318	1.0	1/2	1/2	Chord	4/4	3	1	1/4			1/4	1	1030
80	80	319	1.0	3/4	3/4	Chord	4/4	3	1	1/4			1/4	1	1031
80	80	316	1.0	0	0	Chord	4/4	4	1	1/4			1/4	1	1032
80	80	317	0.5	1/4	1/4	Chord	4/4	4	1	1/8			1/8	1	1033
80	80	635/2	0.5	3/8	3/8	Chord	4/4	4	1	1/8			1/8	1	1034
80	80	318	1.0	1/2	1/2	Chord	4/4	4	1	1/4			1/4	1	1035
80	80	319	1.0	3/4	3/4	Chord	4/4	4	1	1/4			1/4	1	1036
80	80	316	1.0	0	0	Chord	4/4	5	1	1/4			1/4	1	1037
80	80	317	0.5	1/4	1/4	Chord	4/4	5	1	1/8			1/8	1	1038
80	80	635/2	0.5	3/8	3/8	Chord	4/4	5	1	1/8			1/8	1	1039
80	80	318	1.0	1/2	1/2	Chord	4/4	5	1	1/4			1/4	1	1040
80	80	319	1.0	3/4	3/4	Chord	4/4	5	1	1/4			1/4	1	1041
81	81	320	1.5	0	0	Chord	4/4	1	1	3/8			1/4	3/2	1042
81	81	643/2	0.5	3/8	3/8	Chord	4/4	1	1	1/8			1/8	1	1043
81	81	322	1.0	1/2	1/2	Chord	4/4	1	1	1/4			1/4	1	1044
81	81	323	1.0	3/4	3/4	Chord	4/4	1	1	1/4			1/4	1	1045
81	81	320	1.5	0	0	Chord	4/4	2	1	3/8			1/4	3/2	1046
81	81	643/2	0.5	3/8	3/8	Chord	4/4	2	1	1/8			1/8	1	1047
81	81	322	1.0	1/2	1/2	Chord	4/4	2	1	1/4			1/4	1	1048
81	81	323	1.0	3/4	3/4	Chord	4/4	2	1	1/4			1/4	1	1049
81	81	320	1.5	0	0	Chord	4/4	3	1	3/8			1/4	3/2	1050
81	81	643/2	0.5	3/8	3/8	Chord	4/4	3	1	1/8			1/8	1	1051
81	81	322	1.0	1/2	1/2	Chord	4/4	3	1	1/4			1/4	1	1052
81	81	323	1.0	3/4	3/4	Chord	4/4	3	1	1/4			1/4	1	1053
81	81	320	1.5	0	0	Chord	4/4	4	1	3/8			1/4	3/2	1054
81	81	643/2	0.5	3/8	3/8	Chord	4/4	4	1	1/8			1/8	1	1055
81	81	322	1.0	1/2	1/2	Chord	4/4	4	1	1/4			1/4	1	1056
81	81	323	1.0	3/4	3/4	Chord	4/4	4	1	1/4			1/4	1	1057
81	81	320	1.5	0	0	Chord	4/4	5	1	3/8			1/4	3/2	1058
81	81	643/2	0.5	3/8	3/8	Chord	4/4	5	1	1/8			1/8	1	1059
81	81	322	1.0	1/2	1/2	Chord	4/4	5	1	1/4			1/4	1	1060
81	81	323	1.0	3/4	3/4	Chord	4/4	5	1	1/4			1/4	1	1061
82	82	324	2.0	0	0	Chord	4/4	1	1	1/2			1/2	1	1062
82	82	326	2.0	1/2	1/2	Chord	4/4	1	1	1/2			1/2	1	1063
82	82	324	2.0	0	0	Chord	4/4	2	1	1/2			1/2	1	1064
82	82	326	2.0	1/2	1/2	Chord	4/4	2	1	1/2			1/2	1	1065
82	82	324	2.0	0	0	Chord	4/4	3	1	1/2			1/2	1	1066
82	82	326	2.0	1/2	1/2	Chord	4/4	3	1	1/2			1/2	1	1067
82	82	324	2.0	0	0	Chord	4/4	4	1	1/2			1/2	1	1068
82	82	326	2.0	1/2	1/2	Chord	4/4	4	1	1/2			1/2	1	1069
82	82	324	2.0	0	0	Chord	4/4	5	1	1/2			1/2	1	1070
82	82	326	2.0	1/2	1/2	Chord	4/4	5	1	1/2			1/2	1	1071
83	83	328	0.5	0	0	Chord	4/4	1	1	1/8			1/8	1	1072
83	83	657/2	0.5	1/8	1/8	Chord	4/4	1	1	1/8			1/8	1	1073
83	83	329	1.0	1/4	1/4	Chord	4/4	1	1	1/4			1/4	1	1074
83	83	330	1.0	1/2	1/2	Chord	4/4	1	1	1/4			1/4	1	1075
83	83	331	1.0	3/4	3/4	Chord	4/4	1	1	1/4			1/4	1	1076
83	83	328	0.5	0	0	Chord	4/4	2	1	1/8			1/8	1	1077
83	83	657/2	0.5	1/8	1/8	Chord	4/4	2	1	1/8			1/8	1	1078
83	83	329	1.0	1/4	1/4	Chord	4/4	2	1	1/4			1/4	1	1079
83	83	330	1.0	1/2	1/2	Chord	4/4	2	1	1/4			1/4	1	1080
83	83	331	1.0	3/4	3/4	Chord	4/4	2	1	1/4			1/4	1	1081
83	83	328	0.5	0	0	Chord	4/4	3	1	1/8			1/8	1	1082
83	83	657/2	0.5	1/8	1/8	Chord	4/4	3	1	1/8			1/8	1	1083
83	83	329	1.0	1/4	1/4	Chord	4/4	3	1	1/4			1/4	1	1084
83	83	330	1.0	1/2	1/2	Chord	4/4	3	1	1/4			1/4	1	1085
83	83	331	1.0	3/4	3/4	Chord	4/4	3	1	1/4			1/4	1	1086
83	83	328	0.5	0	0	Chord	4/4	4	1	1/8			1/8	1	1087
83	83	657/2	0.5	1/8	1/8	Chord	4/4	4	1	1/8			1/8	1	1088
83	83	329	1.0	1/4	1/4	Chord	4/4	4	1	1/4			1/4	1	1089
83	83	330	1.0	1/2	1/2	Chord	4/4	4	1	1/4			1/4	1	1090
83	83	331	1.0	3/4	3/4	Chord	4/4	4	1	1/4			1/4	1	1091
83	83	328	0.5	0	0	Chord	4/4	5	1	1/8			1/8	1	1092
83	83	657/2	0.5	1/8	1/8	Chord	4/4	5	1	1/8			1/8	1	1093
83	83	329	1.0	1/4	1/4	Chord	4/4	5	1	1/4			1/4	1	1094
83	83	330	1.0	1/2	1/2	Chord	4/4	5	1	1/4			1/4	1	1095
83	83	331	1.0	3/4	3/4	Chord	4/4	5	1	1/4			1/4	1	1096
84	84	332	1.5	0	0	Chord	4/4	1	1	3/8			1/4	3/2	1097
84	84	667/2	0.5	3/8	3/8	Chord	4/4	1	1	1/8			1/8	1	1098
84	84	334	1.0	1/2	1/2	Chord	4/4	1	1	1/4			1/4	1	1099
84	84	335	1.0	3/4	3/4	Chord	4/4	1	1	1/4			1/4	1	1100
84	84	332	1.5	0	0	Chord	4/4	2	1	3/8			1/4	3/2	1101
84	84	667/2	0.5	3/8	3/8	Chord	4/4	2	1	1/8			1/8	1	1102
84	84	334	1.0	1/2	1/2	Chord	4/4	2	1	1/4			1/4	1	1103
84	84	335	1.0	3/4	3/4	Chord	4/4	2	1	1/4			1/4	1	1104
84	84	332	1.5	0	0	Chord	4/4	3	1	3/8			1/4	3/2	1105
84	84	667/2	0.5	3/8	3/8	Chord	4/4	3	1	1/8			1/8	1	1106
84	84	334	1.0	1/2	1/2	Chord	4/4	3	1	1/4			1/4	1	1107
84	84	335	1.0	3/4	3/4	Chord	4/4	3	1	1/4			1/4	1	1108
84	84	332	1.5	0	0	Chord	4/4	4	1	3/8			1/4	3/2	1109
84	84	667/2	0.5	3/8	3/8	Chord	4/4	4	1	1/8			1/8	1	1110
84	84	334	1.0	1/2	1/2	Chord	4/4	4	1	1/4			1/4	1	1111
84	84	335	1.0	3/4	3/4	Chord	4/4	4	1	1/4			1/4	1	1112
84	84	332	1.5	0	0	Chord	4/4	5	1	3/8			1/4	3/2	1113
84	84	667/2	0.5	3/8	3/8	Chord	4/4	5	1	1/8			1/8	1	1114
84	84	334	1.0	1/2	1/2	Chord	4/4	5	1	1/4			1/4	1	1115
84	84	335	1.0	3/4	3/4	Chord	4/4	5	1	1/4			1/4	1	1116
85	85	336	2.0	0	0	Chord	4/4	1	1	1/2			1/2	1	1117
85	85	338	1.0	1/2	1/2	Chord	4/4	1	1	1/4			1/4	1	1118
85	85	339	1.0	3/4	3/4	Chord	4/4	1	1	1/4			1/4	1	1119
85	85	336	2.0	0	0	Chord	4/4	2	1	1/2			1/2	1	1120
85	85	338	2.0	1/2	1/2	Chord	4/4	2	1	1/2			1/2	1	1121
85	85	336	2.0	0	0	Chord	4/4	3	1	1/2			1/2	1	1122
85	85	338	1.0	1/2	1/2	Chord	4/4	3	1	1/4			1/4	1	1123
85	85	339	1.0	3/4	3/4	Chord	4/4	3	1	1/4			1/4	1	1124
85	85	336	2.0	0	0	Chord	4/4	4	1	1/2			1/2	1	1125
85	85	338	1.0	1/2	1/2	Chord	4/4	4	1	1/4			1/4	1	1126
85	85	339	1.0	3/4	3/4	Chord	4/4	4	1	1/4			1/4	1	1127
85	85	336	2.0	0	0	Chord	4/4	5	1	1/2			1/2	1	1128
85	85	338	1.0	1/2	1/2	Chord	4/4	5	1	1/4			1/4	1	1129
85	85	339	1.0	3/4	3/4	Chord	4/4	5	1	1/4			1/4	1	1130
86	86	340	1.0	0	0	Chord	4/4	1	1	1/4			1/4	1	1131
86	86	341	1.0	1/4	1/4	Chord	4/4	1	1	1/4			1/4	1	1132
86	86	342	1.0	1/2	1/2	Chord	4/4	1	1	1/4			1/4	1	1133
86	86	343	1.0	3/4	3/4	Chord	4/4	1	1	1/4			1/4	1	1134
86	86	343	1.0	3/4	3/4	Chord	4/4	2	1	1/4			1/4	1	1135
86	86	340	1.0	0	0	Chord	4/4	3	1	1/4			1/4	1	1136
86	86	341	2.0	1/4	1/4	Chord	4/4	3	1	1/2			1/2	1	1137
86	86	343	1.0	3/4	3/4	Chord	4/4	3	1	1/4			1/4	1	1138
86	86	340	2.0	0	0	Chord	4/4	4	1	1/2			1/2	1	1139
86	86	342	2.0	1/2	1/2	Chord	4/4	4	1	1/2			1/2	1	1140
86	86	340	1.0	0	0	Chord	4/4	5	1	1/4			1/4	1	1141
86	86	341	1.0	1/4	1/4	Chord	4/4	5	1	1/4			1/4	1	1142
86	86	342	1.0	1/2	1/2	Chord	4/4	5	1	1/4			1/4	1	1143
86	86	343	1.0	3/4	3/4	Chord	4/4	5	1	1/4			1/4	1	1144
87	87	344	1.0	0	0	Chord	4/4	1	1	1/4			1/4	1	1145
87	87	345	1.0	1/4	1/4	Chord	4/4	1	1	1/4			1/4	1	1146
87	87	346	1.0	1/2	1/2	Chord	4/4	1	1	1/4			1/4	1	1147
87	87	347	1.0	3/4	3/4	Chord	4/4	1	1	1/4			1/4	1	1148
87	87	344	1.0	0	0	Chord	4/4	2	1	1/4			1/4	1	1149
87	87	345	1.0	1/4	1/4	Chord	4/4	2	1	1/4			1/4	1	1150
87	87	346	1.0	1/2	1/2	Chord	4/4	2	1	1/4			1/4	1	1151
87	87	347	1.0	3/4	3/4	Chord	4/4	2	1	1/4			1/4	1	1152
87	87	344	1.0	0	0	Chord	4/4	3	1	1/4			1/4	1	1153
87	87	345	2.0	1/4	1/4	Chord	4/4	3	1	1/2			1/2	1	1154
87	87	347	1.0	3/4	3/4	Chord	4/4	3	1	1/4			1/4	1	1155
87	87	344	2.0	0	0	Chord	4/4	4	1	1/2			1/2	1	1156
87	87	346	2.0	1/2	1/2	Chord	4/4	4	1	1/2			1/2	1	1157
87	87	344	1.0	0	0	Chord	4/4	5	1	1/4			1/4	1	1158
87	87	345	1.0	1/4	1/4	Chord	4/4	5	1	1/4			1/4	1	1159
87	87	346	1.0	1/2	1/2	Chord	4/4	5	1	1/4			1/4	1	1160
87	87	347	1.0	3/4	3/4	Chord	4/4	5	1	1/4			1/4	1	1161
88	88	348	1.5	0	0	Chord	4/4	1	1	3/8			1/4	3/2	1162
88	88	699/2	0.5	3/8	3/8	Chord	4/4	1	1	1/8			1/8	1	1163
88	88	350	1.0	1/2	1/2	Chord	4/4	1	1	1/4			1/4	1	1164
88	88	351	1.0	3/4	3/4	Chord	4/4	1	1	1/4			1/4	1	1165
88	88	348	1.0	0	0	Chord	4/4	2	1	1/4			1/4	1	1166
88	88	349	1.0	1/4	1/4	Chord	4/4	2	1	1/4			1/4	1	1167
88	88	350	1.0	1/2	1/2	Chord	4/4	2	1	1/4			1/4	1	1168
88	88	351	1.0	3/4	3/4	Chord	4/4	2	1	1/4			1/4	1	1169
88	88	348	1.0	0	0	Chord	4/4	3	1	1/4			1/4	1	1170
88	88	349	1.0	1/4	1/4	Chord	4/4	3	1	1/4			1/4	1	1171
88	88	350	1.5	1/2	1/2	Chord	4/4	3	1	3/8			1/4	3/2	1172
88	88	703/2	0.5	7/8	7/8	Chord	4/4	3	1	1/8			1/8	1	1173
88	88	348	1.0	0	0	Chord	4/4	4	1	1/4			1/4	1	1174
88	88	349	1.0	1/4	1/4	Chord	4/4	4	1	1/4			1/4	1	1175
88	88	350	1.0	1/2	1/2	Chord	4/4	4	1	1/4			1/4	1	1176
88	88	351	1.0	3/4	3/4	Chord	4/4	4	1	1/4			1/4	1	1177
88	88	348	1.0	0	0	Chord	4/4	5	1	1/4			1/4	1	1178
88	88	349	1.0	1/4	1/4	Chord	4/4	5	1	1/4			1/4	1	1179
88	88	350	1.0	1/2	1/2	Chord	4/4	5	1	1/4			1/4	1	1180
88	88	351	1.0	3/4	3/4	Chord	4/4	5	1	1/4			1/4	1	1181
89	89	352	2.0	0	0	Chord	4/4	1	1	1/2			1/2	1	1182
89	89	354	2.0	1/2	1/2	Chord	4/4	1	1	1/2			1/2	1	1183
89	89	352	2.0	0	0	Chord	4/4	2	1	1/2			1/2	1	1184
89	89	354	2.0	1/2	1/2	Chord	4/4	2	1	1/2			1/2	1	1185
89	89	352	2.0	0	0	Chord	4/4	3	1	1/2			1/2	1	1186
89	89	354	2.0	1/2	1/2	Chord	4/4	3	1	1/2			1/2	1	1187
89	89	352	2.0	0	0	Chord	4/4	4	1	1/2			1/2	1	1188
89	89	354	2.0	1/2	1/2	Chord	4/4	4	1	1/2			1/2	1	1189
89	89	352	2.0	0	0	Chord	4/4	5	1	1/2			1/2	1	1190
89	89	354	2.0	1/2	1/2	Chord	4/4	5	1	1/2			1/2	1	1191
90	90	356	2.0	0	0	Chord	4/4	2	1	1/2			1/2	1	1192
90	90	358	2.0	1/2	1/2	Chord	4/4	2	1	1/2			1/2	1	1193
90	90	356	3.0	0	0	Chord	4/4	3	1	3/4			1/2	3/2	1194
90	90	359	1.0	3/4	3/4	Chord	4/4	3	1	1/4			1/4	1	1195
90	90	359	1.0	3/4	3/4	Chord	4/4	4	1	1/4			1/4	1	1196
90	90	357	1.0	1/4	1/4	Chord	4/4	5	1	1/4			1/4	1	1197
90	90	358	1.0	1/2	1/2	Chord	4/4	5	1	1/4			1/4	1	1198
90	90	359	1.0	3/4	3/4	Chord	4/4	5	1	1/4			1/4	1	1199
91	91	361	1.0	1/4	1/4	Chord	4/4	1	1	1/4			1/4	1	1200
91	91	362	1.0	1/2	1/2	Chord	4/4	1	1	1/4			1/4	1	1201
91	91	363	1.0	3/4	3/4	Chord	4/4	1	1	1/4			1/4	1	1202
91	91	360	2.0	0	0	Chord	4/4	2	1	1/2			1/2	1	1203
91	91	362	2.0	1/2	1/2	Chord	4/4	2	1	1/2			1/2	1	1204
91	91	360	1.0	0	0	Chord	4/4	3	1	1/4			1/4	1	1205
91	91	361	2.0	1/4	1/4	Chord	4/4	3	1	1/2			1/2	1	1206
91	91	363	1.0	3/4	3/4	Chord	4/4	3	1	1/4			1/4	1	1207
91	91	360	1.0	0	0	Chord	4/4	4	1	1/4			1/4	1	1208
91	91	361	1.0	1/4	1/4	Chord	4/4	4	1	1/4			1/4	1	1209
91	91	362	1.0	1/2	1/2	Chord	4/4	4	1	1/4			1/4	1	1210
91	91	363	1.0	3/4	3/4	Chord	4/4	4	1	1/4			1/4	1	1211
91	91	360	1.0	0	0	Chord	4/4	5	1	1/4			1/4	1	1212
91	91	361	1.0	1/4	1/4	Chord	4/4	5	1	1/4			1/4	1	1213
91	91	362	1.0	1/2	1/2	Chord	4/4	5	1	1/4			1/4	1	1214
91	91	363	1.0	3/4	3/4	Chord	4/4	5	1	1/4			1/4	1	1215
92	92	364	1.0	0	0	Chord	4/4	1	1	1/4			1/4	1	1216
92	92	365	1.0	1/4	1/4	Chord	4/4	1	1	1/4			1/4	1	1217
92	92	366	1.0	1/2	1/2	Chord	4/4	1	1	1/4			1/4	1	1218
92	92	367	1.0	3/4	3/4	Chord	4/4	1	1	1/4			1/4	1	1219
92	92	364	2.0	0	0	Chord	4/4	2	1	1/2			1/2	1	1220
92	92	366	1.0	1/2	1/2	Chord	4/4	2	1	1/4			1/4	1	1221
92	92	367	1.0	3/4	3/4	Chord	4/4	2	1	1/4			1/4	1	1222
92	92	364	1.0	0	0	Chord	4/4	3	1	1/4			1/4	1	1223
92	92	365	2.0	1/4	1/4	Chord	4/4	3	1	1/2			1/2	1	1224
92	92	367	1.0	3/4	3/4	Chord	4/4	3	1	1/4			1/4	1	1225
92	92	364	1.0	0	0	Chord	4/4	4	1	1/4			1/4	1	1226
92	92	365	1.0	1/4	1/4	Chord	4/4	4	1	1/4			1/4	1	1227
92	92	366	1.0	1/2	1/2	Chord	4/4	4	1	1/4			1/4	1	1228
92	92	367	1.0	3/4	3/4	Chord	4/4	4	1	1/4			1/4	1	1229
92	92	364	1.0	0	0	Chord	4/4	5	1	1/4			1/4	1	1230
92	92	365	1.0	1/4	1/4	Chord	4/4	5	1	1/4			1/4	1	1231
92	92	366	1.0	1/2	1/2	Chord	4/4	5	1	1/4			1/4	1	1232
92	92	367	1.0	3/4	3/4	Chord	4/4	5	1	1/4			1/4	1	1233
93	93	368	2.0	0	0	Chord	4/4	1	1	1/2			1/2	1	1234
93	93	370	2.0	1/2	1/2	Chord	4/4	1	1	1/2			1/2	1	1235
93	93	368	2.0	0	0	Chord	4/4	2	1	1/2			1/2	1	1236
93	93	370	1.0	1/2	1/2	Chord	4/4	2	1	1/4			1/4	1	1237
93	93	371	1.0	3/4	3/4	Chord	4/4	2	1	1/4			1/4	1	1238
93	93	368	1.0	0	0	Chord	4/4	3	1	1/4			1/4	1	1239
93	93	369	1.0	1/4	1/4	Chord	4/4	3	1	1/4			1/4	1	1240
93	93	370	1.5	1/2	1/2	Chord	4/4	3	1	3/8			1/4	3/2	1241
93	93	743/2	0.5	7/8	7/8	Chord	4/4	3	1	1/8			1/8	1	1242
93	93	368	1.5	0	0	Chord	4/4	4	1	3/8			1/4	3/2	1243
93	93	739/2	0.5	3/8	3/8	Chord	4/4	4	1	1/8			1/8	1	1244
93	93	370	1.0	1/2	1/2	Chord	4/4	4	1	1/4			1/4	1	1245
93	93	371	1.0	3/4	3/4	Chord	4/4	4	1	1/4			1/4	1	1246
93	93	368	2.0	0	0	Chord	4/4	5	1	1/2			1/2	1	1247
93	93	370	2.0	1/2	1/2	Chord	4/4	5	1	1/2			1/2	1	1248
94	94	372	4.0	0	0	Chord	4/4	1	1	1			1	1	1249
94	94	372	1.0	0	0	Chord	4/4	2	1	1/4			1/4	1	1250
94	94	373	0.5	1/4	1/4	Chord	4/4	2	1	1/8			1/8	1	1251
94	94	747/2	0.5	3/8	3/8	Chord	4/4	2	1	1/8			1/8	1	1252
94	94	374	2.0	1/2	1/2	Chord	4/4	2	1	1/2			1/2	1	1253
94	94	372	4.0	0	0	Chord	4/4	3	1	1			1	1	1254
94	94	372	4.0	0	0	Chord	4/4	4	1	1			1	1	1255
94	94	372	4.0	0	0	Chord	4/4	5	1	1			1	1	1256
95	95	376	4.0	0	0	Chord	4/4	1	1	1			1	1	1257
95	95	376	4.0	0	0	Chord	4/4	2	1	1			1	1	1258
95	95	376	4.0	0	0	Chord	4/4	3	1	1			1	1	1259
95	95	376	4.0	0	0	Chord	4/4	4	1	1			1	1	1260
95	95	376	4.0	0	0	Chord	4/4	5	1	1			1	1	1261
