mc	mn	quarterbeats	quarterbeats_all_endings	duration_qb	mc_onset	mn_onset	event	timesig	staff	voice	duration	nominal_duration	scalar	chord_id
1	1	0	0	3.0	0	0	Chord	4/4	1	1	3/4	1/2	3/2	0
1	1	3	3	0.5	3/4	3/4	Chord	4/4	1	1	1/8	1/8	1	1
1	1	7/2	7/2	0.5	7/8	7/8	Chord	4/4	1	1	1/8	1/8	1	2
1	1	0	0	3.0	0	0	Chord	4/4	2	1	3/4	1/2	3/2	3
1	1	3	3	0.5	3/4	3/4	Chord	4/4	2	1	1/8	1/8	1	4
1	1	7/2	7/2	0.5	7/8	7/8	Chord	4/4	2	1	1/8	1/8	1	5
1	1	0	0	3.0	0	0	Chord	4/4	3	1	3/4	1/2	3/2	6
1	1	3	3	0.5	3/4	3/4	Chord	4/4	3	1	1/8	1/8	1	7
1	1	7/2	7/2	0.5	7/8	7/8	Chord	4/4	3	1	1/8	1/8	1	8
1	1	0	0	3.0	0	0	Chord	4/4	5	1	3/4	1/2	3/2	9
1	1	3	3	0.5	3/4	3/4	Chord	4/4	5	1	1/8	1/8	1	10
1	1	7/2	7/2	0.5	7/8	7/8	Chord	4/4	5	1	1/8	1/8	1	11
2	2	4	4	2.0	0	0	Chord	4/4	1	1	1/2	1/2	1	12
2	2	6	6	1.0	1/2	1/2	Chord	4/4	1	1	1/4	1/4	1	13
2	2	7	7	0.5	3/4	3/4	Chord	4/4	1	1	1/8	1/8	1	14
2	2	15/2	15/2	0.5	7/8	7/8	Chord	4/4	1	1	1/8	1/8	1	15
2	2	4	4	2.0	0	0	Chord	4/4	2	1	1/2	1/2	1	16
2	2	6	6	1.0	1/2	1/2	Chord	4/4	2	1	1/4	1/4	1	17
2	2	7	7	0.5	3/4	3/4	Chord	4/4	2	1	1/8	1/8	1	18
2	2	15/2	15/2	0.5	7/8	7/8	Chord	4/4	2	1	1/8	1/8	1	19
2	2	4	4	2.0	0	0	Chord	4/4	3	1	1/2	1/2	1	20
2	2	6	6	1.0	1/2	1/2	Chord	4/4	3	1	1/4	1/4	1	21
2	2	7	7	0.5	3/4	3/4	Chord	4/4	3	1	1/8	1/8	1	22
2	2	15/2	15/2	0.5	7/8	7/8	Chord	4/4	3	1	1/8	1/8	1	23
2	2	4	4	2.0	0	0	Chord	4/4	5	1	1/2	1/2	1	24
2	2	6	6	1.0	1/2	1/2	Chord	4/4	5	1	1/4	1/4	1	25
2	2	7	7	0.5	3/4	3/4	Chord	4/4	5	1	1/8	1/8	1	26
2	2	15/2	15/2	0.5	7/8	7/8	Chord	4/4	5	1	1/8	1/8	1	27
3	3	8	8	1.5	0	0	Chord	4/4	1	1	3/8	1/4	3/2	28
3	3	19/2	19/2	0.5	3/8	3/8	Chord	4/4	1	1	1/8	1/8	1	29
3	3	10	10	1.0	1/2	1/2	Chord	4/4	1	1	1/4	1/4	1	30
3	3	11	11	1.0	3/4	3/4	Chord	4/4	1	1	1/4	1/4	1	31
3	3	8	8	1.5	0	0	Chord	4/4	2	1	3/8	1/4	3/2	32
3	3	19/2	19/2	0.5	3/8	3/8	Chord	4/4	2	1	1/8	1/8	1	33
3	3	10	10	1.0	1/2	1/2	Chord	4/4	2	1	1/4	1/4	1	34
3	3	11	11	1.0	3/4	3/4	Chord	4/4	2	1	1/4	1/4	1	35
3	3	8	8	1.5	0	0	Chord	4/4	3	1	3/8	1/4	3/2	36
3	3	19/2	19/2	0.5	3/8	3/8	Chord	4/4	3	1	1/8	1/8	1	37
3	3	10	10	1.0	1/2	1/2	Chord	4/4	3	1	1/4	1/4	1	38
3	3	11	11	1.0	3/4	3/4	Chord	4/4	3	1	1/4	1/4	1	39
3	3	8	8	1.5	0	0	Chord	4/4	5	1	3/8	1/4	3/2	40
3	3	19/2	19/2	0.5	3/8	3/8	Chord	4/4	5	1	1/8	1/8	1	41
3	3	10	10	1.0	1/2	1/2	Chord	4/4	5	1	1/4	1/4	1	42
3	3	11	11	1.0	3/4	3/4	Chord	4/4	5	1	1/4	1/4	1	43
4	4	12	12	0.5	0	0	Chord	4/4	1	1	1/8	1/8	1	44
4	4	25/2	25/2	0.5	1/8	1/8	Chord	4/4	1	1	1/8	1/8	1	45
4	4	13	13	1.5	1/4	1/4	Chord	4/4	1	1	3/8	1/4	3/2	46
4	4	29/2	29/2	0.5	5/8	5/8	Chord	4/4	1	1	1/8	1/8	1	47
4	4	15	15	1.0	3/4	3/4	Chord	4/4	1	1	1/4	1/4	1	48
4	4	12	12	0.5	0	0	Chord	4/4	2	1	1/8	1/8	1	49
4	4	25/2	25/2	0.5	1/8	1/8	Chord	4/4	2	1	1/8	1/8	1	50
4	4	13	13	1.5	1/4	1/4	Chord	4/4	2	1	3/8	1/4	3/2	51
4	4	29/2	29/2	0.5	5/8	5/8	Chord	4/4	2	1	1/8	1/8	1	52
4	4	15	15	1.0	3/4	3/4	Chord	4/4	2	1	1/4	1/4	1	53
4	4	12	12	0.5	0	0	Chord	4/4	3	1	1/8	1/8	1	54
4	4	25/2	25/2	0.5	1/8	1/8	Chord	4/4	3	1	1/8	1/8	1	55
4	4	13	13	1.5	1/4	1/4	Chord	4/4	3	1	3/8	1/4	3/2	56
4	4	29/2	29/2	0.5	5/8	5/8	Chord	4/4	3	1	1/8	1/8	1	57
4	4	15	15	1.0	3/4	3/4	Chord	4/4	3	1	1/4	1/4	1	58
4	4	12	12	0.5	0	0	Chord	4/4	5	1	1/8	1/8	1	59
4	4	25/2	25/2	0.5	1/8	1/8	Chord	4/4	5	1	1/8	1/8	1	60
4	4	13	13	1.5	1/4	1/4	Chord	4/4	5	1	3/8	1/4	3/2	61
4	4	29/2	29/2	0.5	5/8	5/8	Chord	4/4	5	1	1/8	1/8	1	62
4	4	15	15	1.0	3/4	3/4	Chord	4/4	5	1	1/4	1/4	1	63
5	5	16	16	2.0	0	0	Chord	4/4	1	1	1/2	1/2	1	64
5	5	18	18	1.0	1/2	1/2	Chord	4/4	1	1	1/4	1/4	1	65
5	5	19	19	0.5	3/4	3/4	Chord	4/4	1	1	1/8	1/8	1	66
5	5	39/2	39/2	0.5	7/8	7/8	Chord	4/4	1	1	1/8	1/8	1	67
5	5	16	16	2.0	0	0	Chord	4/4	2	1	1/2	1/2	1	68
5	5	18	18	2.0	1/2	1/2	Chord	4/4	2	1	1/2	1/2	1	69
5	5	16	16	4.0	0	0	Chord	4/4	3	1	1	1	1	70
5	5	16	16	3.0	0	0	Chord	4/4	4	1	3/4	1/2	3/2	71
5	5	19	19	0.5	3/4	3/4	Chord	4/4	4	1	1/8	1/8	1	72
5	5	39/2	39/2	0.5	7/8	7/8	Chord	4/4	4	1	1/8	1/8	1	73
5	5	16	16	4.0	0	0	Chord	4/4	5	1	1	1	1	74
6	6	20	20	1.0	0	0	Chord	4/4	1	1	1/4	1/4	1	75
6	6	21	21	1.0	1/4	1/4	Chord	4/4	1	1	1/4	1/4	1	76
6	6	23	23	0.5	3/4	3/4	Chord	4/4	1	1	1/8	1/8	1	77
6	6	47/2	47/2	0.5	7/8	7/8	Chord	4/4	1	1	1/8	1/8	1	78
6	6	23	23	0.5	3/4	3/4	Chord	4/4	2	1	1/8	1/8	1	79
6	6	47/2	47/2	0.5	7/8	7/8	Chord	4/4	2	1	1/8	1/8	1	80
6	6	20	20	2.0	0	0	Chord	4/4	3	1	1/2	1/2	1	81
6	6	20	20	2.0	0	0	Chord	4/4	4	1	1/2	1/2	1	82
6	6	22	22	1.0	1/2	1/2	Chord	4/4	4	1	1/4	1/4	1	83
6	6	23	23	0.5	3/4	3/4	Chord	4/4	4	1	1/8	1/8	1	84
6	6	47/2	47/2	0.5	7/8	7/8	Chord	4/4	4	1	1/8	1/8	1	85
6	6	20	20	2.0	0	0	Chord	4/4	5	1	1/2	1/2	1	86
7	7	24	24	1.0	0	0	Chord	4/4	1	1	1/4	1/4	1	87
7	7	25	25	0.5	1/4	1/4	Chord	4/4	1	1	1/8	1/8	1	88
7	7	51/2	51/2	0.5	3/8	3/8	Chord	4/4	1	1	1/8	1/8	1	89
7	7	26	26	2.0	1/2	1/2	Chord	4/4	1	1	1/2	1/2	1	90
7	7	24	24	1.0	0	0	Chord	4/4	2	1	1/4	1/4	1	91
7	7	25	25	0.5	1/4	1/4	Chord	4/4	2	1	1/8	1/8	1	92
7	7	51/2	51/2	0.5	3/8	3/8	Chord	4/4	2	1	1/8	1/8	1	93
7	7	26	26	2.0	1/2	1/2	Chord	4/4	2	1	1/2	1/2	1	94
7	7	24	24	1.5	0	0	Chord	4/4	4	1	3/8	1/4	3/2	95
7	7	51/2	51/2	0.5	3/8	3/8	Chord	4/4	4	1	1/8	1/8	1	96
7	7	26	26	1.0	1/2	1/2	Chord	4/4	4	1	1/4	1/4	1	97
7	7	27	27	1.0	3/4	3/4	Chord	4/4	4	1	1/4	1/4	1	98
8	8	28	28	1.0	0	0	Chord	4/4	1	1	1/4	1/4	1	99
8	8	29	29	2.0	1/4	1/4	Chord	4/4	1	1	1/2	1/2	1	100
8	8	31	31	1.0	3/4	3/4	Chord	4/4	1	1	1/4	1/4	1	101
8	8	28	28	1.0	0	0	Chord	4/4	2	1	1/4	1/4	1	102
8	8	29	29	2.0	1/4	1/4	Chord	4/4	2	1	1/2	1/2	1	103
8	8	31	31	1.0	3/4	3/4	Chord	4/4	2	1	1/4	1/4	1	104
8	8	28	28	0.5	0	0	Chord	4/4	4	1	1/8	1/8	1	105
8	8	57/2	57/2	0.5	1/8	1/8	Chord	4/4	4	1	1/8	1/8	1	106
8	8	29	29	1.5	1/4	1/4	Chord	4/4	4	1	3/8	1/4	3/2	107
8	8	61/2	61/2	0.5	5/8	5/8	Chord	4/4	4	1	1/8	1/8	1	108
8	8	31	31	1.0	3/4	3/4	Chord	4/4	4	1	1/4	1/4	1	109
9	9	32	32	1.0	0	0	Chord	4/4	1	1	1/4	1/4	1	110
9	9	33	33	0.5	1/4	1/4	Chord	4/4	1	1	1/8	1/8	1	111
9	9	67/2	67/2	0.5	3/8	3/8	Chord	4/4	1	1	1/8	1/8	1	112
9	9	34	34	2.0	1/2	1/2	Chord	4/4	1	1	1/2	1/2	1	113
9	9	32	32	1.0	0	0	Chord	4/4	2	1	1/4	1/4	1	114
9	9	33	33	0.5	1/4	1/4	Chord	4/4	2	1	1/8	1/8	1	115
9	9	67/2	67/2	0.5	3/8	3/8	Chord	4/4	2	1	1/8	1/8	1	116
9	9	34	34	2.0	1/2	1/2	Chord	4/4	2	1	1/2	1/2	1	117
9	9	32	32	2.0	0	0	Chord	4/4	4	1	1/2	1/2	1	118
9	9	34	34	2.0	1/2	1/2	Chord	4/4	4	1	1/2	1/2	1	119
10	10	36	36	2.0	0	0	Chord	4/4	1	1	1/2	1/2	1	120
10	10	36	36	2.0	0	0	Chord	4/4	2	1	1/2	1/2	1	121
10	10	39	39	0.5	3/4	3/4	Chord	4/4	3	1	1/8	1/8	1	122
10	10	79/2	79/2	0.5	7/8	7/8	Chord	4/4	3	1	1/8	1/8	1	123
10	10	37	37	0.5	1/4	1/4	Chord	4/4	4	1	1/8	1/8	1	124
10	10	75/2	75/2	0.5	3/8	3/8	Chord	4/4	4	1	1/8	1/8	1	125
10	10	38	38	2.0	1/2	1/2	Chord	4/4	4	1	1/2	1/2	1	126
10	10	39	39	0.5	3/4	3/4	Chord	4/4	5	1	1/8	1/8	1	127
10	10	79/2	79/2	0.5	7/8	7/8	Chord	4/4	5	1	1/8	1/8	1	128
11	11	40	40	1.0	0	0	Chord	4/4	3	1	1/4	1/4	1	129
11	11	41	41	0.5	1/4	1/4	Chord	4/4	3	1	1/8	1/8	1	130
11	11	83/2	83/2	0.5	3/8	3/8	Chord	4/4	3	1	1/8	1/8	1	131
11	11	42	42	2.0	1/2	1/2	Chord	4/4	3	1	1/2	1/2	1	132
11	11	40	40	1.0	0	0	Chord	4/4	4	1	1/4	1/4	1	133
11	11	41	41	0.5	1/4	1/4	Chord	4/4	4	1	1/8	1/8	1	134
11	11	83/2	83/2	0.5	3/8	3/8	Chord	4/4	4	1	1/8	1/8	1	135
11	11	42	42	2.0	1/2	1/2	Chord	4/4	4	1	1/2	1/2	1	136
11	11	40	40	1.0	0	0	Chord	4/4	5	1	1/4	1/4	1	137
11	11	41	41	0.5	1/4	1/4	Chord	4/4	5	1	1/8	1/8	1	138
11	11	83/2	83/2	0.5	3/8	3/8	Chord	4/4	5	1	1/8	1/8	1	139
11	11	42	42	2.0	1/2	1/2	Chord	4/4	5	1	1/2	1/2	1	140
12	12	44	44	1.0	0	0	Chord	4/4	3	1	1/4	1/4	1	141
12	12	45	45	1.0	1/4	1/4	Chord	4/4	3	1	1/4	1/4	1	142
12	12	46	46	1.0	1/2	1/2	Chord	4/4	3	1	1/4	1/4	1	143
12	12	47	47	1.0	3/4	3/4	Chord	4/4	3	1	1/4	1/4	1	144
12	12	44	44	1.0	0	0	Chord	4/4	4	1	1/4	1/4	1	145
12	12	45	45	2.0	1/4	1/4	Chord	4/4	4	1	1/2	1/2	1	146
12	12	47	47	1.0	3/4	3/4	Chord	4/4	4	1	1/4	1/4	1	147
12	12	44	44	1.0	0	0	Chord	4/4	5	1	1/4	1/4	1	148
12	12	45	45	2.0	1/4	1/4	Chord	4/4	5	1	1/2	1/2	1	149
12	12	47	47	1.0	3/4	3/4	Chord	4/4	5	1	1/4	1/4	1	150
13	13	48	48	1.0	0	0	Chord	4/4	3	1	1/4	1/4	1	151
13	13	49	49	0.5	1/4	1/4	Chord	4/4	3	1	1/8	1/8	1	152
13	13	99/2	99/2	0.5	3/8	3/8	Chord	4/4	3	1	1/8	1/8	1	153
13	13	50	50	2.0	1/2	1/2	Chord	4/4	3	1	1/2	1/2	1	154
13	13	48	48	1.0	0	0	Chord	4/4	4	1	1/4	1/4	1	155
13	13	49	49	0.5	1/4	1/4	Chord	4/4	4	1	1/8	1/8	1	156
13	13	99/2	99/2	0.5	3/8	3/8	Chord	4/4	4	1	1/8	1/8	1	157
13	13	50	50	2.0	1/2	1/2	Chord	4/4	4	1	1/2	1/2	1	158
13	13	48	48	1.0	0	0	Chord	4/4	5	1	1/4	1/4	1	159
13	13	49	49	0.5	1/4	1/4	Chord	4/4	5	1	1/8	1/8	1	160
13	13	99/2	99/2	0.5	3/8	3/8	Chord	4/4	5	1	1/8	1/8	1	161
13	13	50	50	2.0	1/2	1/2	Chord	4/4	5	1	1/2	1/2	1	162
14	14	53	53	0.5	1/4	1/4	Chord	4/4	1	1	1/8	1/8	1	163
14	14	107/2	107/2	0.5	3/8	3/8	Chord	4/4	1	1	1/8	1/8	1	164
14	14	54	54	1.0	1/2	1/2	Chord	4/4	1	1	1/4	1/4	1	165
14	14	55	55	1.0	3/4	3/4	Chord	4/4	1	1	1/4	1/4	1	166
14	14	52	52	4.0	0	0	Chord	4/4	3	1	1	1	1	167
14	14	52	52	4.0	0	0	Chord	4/4	4	1	1	1	1	168
14	14	52	52	4.0	0	0	Chord	4/4	5	1	1	1	1	169
15	15	57	57	0.5	1/4	1/4	Chord	4/4	1	1	1/8	1/8	1	170
15	15	115/2	115/2	0.5	3/8	3/8	Chord	4/4	1	1	1/8	1/8	1	171
15	15	58	58	1.0	1/2	1/2	Chord	4/4	1	1	1/4	1/4	1	172
15	15	59	59	0.5	3/4	3/4	Chord	4/4	1	1	1/8	1/8	1	173
15	15	119/2	119/2	0.5	7/8	7/8	Chord	4/4	1	1	1/8	1/8	1	174
15	15	57	57	0.5	1/4	1/4	Chord	4/4	2	1	1/8	1/8	1	175
15	15	115/2	115/2	0.5	3/8	3/8	Chord	4/4	2	1	1/8	1/8	1	176
15	15	58	58	1.0	1/2	1/2	Chord	4/4	2	1	1/4	1/4	1	177
15	15	59	59	0.5	3/4	3/4	Chord	4/4	2	1	1/8	1/8	1	178
15	15	119/2	119/2	0.5	7/8	7/8	Chord	4/4	2	1	1/8	1/8	1	179
15	15	57	57	0.5	1/4	1/4	Chord	4/4	3	1	1/8	1/8	1	180
15	15	115/2	115/2	0.5	3/8	3/8	Chord	4/4	3	1	1/8	1/8	1	181
15	15	58	58	1.0	1/2	1/2	Chord	4/4	3	1	1/4	1/4	1	182
15	15	59	59	0.5	3/4	3/4	Chord	4/4	3	1	1/8	1/8	1	183
15	15	119/2	119/2	0.5	7/8	7/8	Chord	4/4	3	1	1/8	1/8	1	184
16	16	60	60	3.0	0	0	Chord	4/4	1	1	3/4	1/2	3/2	185
16	16	63	63	1.0	3/4	3/4	Chord	4/4	1	1	1/4	1/4	1	186
16	16	60	60	2.0	0	0	Chord	4/4	2	1	1/2	1/2	1	187
16	16	62	62	1.0	1/2	1/2	Chord	4/4	2	1	1/4	1/4	1	188
16	16	63	63	1.0	3/4	3/4	Chord	4/4	2	1	1/4	1/4	1	189
16	16	60	60	2.0	0	0	Chord	4/4	3	1	1/2	1/2	1	190
16	16	62	62	1.0	1/2	1/2	Chord	4/4	3	1	1/4	1/4	1	191
16	16	63	63	1.0	3/4	3/4	Chord	4/4	3	1	1/4	1/4	1	192
17	17	64	64	1.0	0	0	Chord	4/4	1	1	1/4	1/4	1	193
17	17	65	65	2.0	1/4	1/4	Chord	4/4	1	1	1/2	1/2	1	194
17	17	67	67	1.0	3/4	3/4	Chord	4/4	1	1	1/4	1/4	1	195
17	17	64	64	1.0	0	0	Chord	4/4	2	1	1/4	1/4	1	196
17	17	65	65	1.0	1/4	1/4	Chord	4/4	2	1	1/4	1/4	1	197
17	17	66	66	1.0	1/2	1/2	Chord	4/4	2	1	1/4	1/4	1	198
17	17	67	67	1.0	3/4	3/4	Chord	4/4	2	1	1/4	1/4	1	199
17	17	64	64	1.0	0	0	Chord	4/4	3	1	1/4	1/4	1	200
17	17	65	65	1.0	1/4	1/4	Chord	4/4	3	1	1/4	1/4	1	201
17	17	66	66	2.0	1/2	1/2	Chord	4/4	3	1	1/2	1/2	1	202
18	18	68	68	1.0	0	0	Chord	4/4	1	1	1/4	1/4	1	203
18	18	69	69	0.5	1/4	1/4	Chord	4/4	1	1	1/8	1/8	1	204
18	18	139/2	139/2	0.5	3/8	3/8	Chord	4/4	1	1	1/8	1/8	1	205
18	18	70	70	2.0	1/2	1/2	Chord	4/4	1	1	1/2	1/2	1	206
18	18	68	68	1.0	0	0	Chord	4/4	2	1	1/4	1/4	1	207
18	18	69	69	0.5	1/4	1/4	Chord	4/4	2	1	1/8	1/8	1	208
18	18	139/2	139/2	0.5	3/8	3/8	Chord	4/4	2	1	1/8	1/8	1	209
18	18	70	70	2.0	1/2	1/2	Chord	4/4	2	1	1/2	1/2	1	210
18	18	68	68	4.0	0	0	Chord	4/4	3	1	1	1	1	211
18	18	70	70	2.0	1/2	1/2	Chord	4/4	4	1	1/2	1/2	1	212
19	19	72	72	4.0	0	0	Chord	4/4	1	1	1	1	1	213
19	19	72	72	4.0	0	0	Chord	4/4	2	1	1	1	1	214
19	19	72	72	4.0	0	0	Chord	4/4	3	1	1	1	1	215
19	19	72	72	2.0	0	0	Chord	4/4	4	1	1/2	1/2	1	216
19	19	74	74	2.0	1/2	1/2	Chord	4/4	4	1	1/2	1/2	1	217
20	20	76	76	4.0	0	0	Chord	4/4	1	1	1	1	1	218
20	20	76	76	4.0	0	0	Chord	4/4	2	1	1	1	1	219
20	20	76	76	4.0	0	0	Chord	4/4	3	1	1	1	1	220
20	20	76	76	1.0	0	0	Chord	4/4	4	1	1/4	1/4	1	221
20	20	77	77	0.5	1/4	1/4	Chord	4/4	4	1	1/8	1/8	1	222
20	20	155/2	155/2	0.5	3/8	3/8	Chord	4/4	4	1	1/8	1/8	1	223
20	20	78	78	1.0	1/2	1/2	Chord	4/4	4	1	1/4	1/4	1	224
20	20	79	79	1.0	3/4	3/4	Chord	4/4	4	1	1/4	1/4	1	225
20	20	76	76	4.0	0	0	Chord	4/4	5	1	1	1	1	226
21	21	80	80	2.0	0	0	Chord	4/4	1	1	1/2	1/2	1	227
21	21	82	82	1.0	1/2	1/2	Chord	4/4	1	1	1/4	1/4	1	228
21	21	83	83	0.5	3/4	3/4	Chord	4/4	1	1	1/8	1/8	1	229
21	21	167/2	167/2	0.5	7/8	7/8	Chord	4/4	1	1	1/8	1/8	1	230
21	21	80	80	2.0	0	0	Chord	4/4	2	1	1/2	1/2	1	231
21	21	82	82	1.0	1/2	1/2	Chord	4/4	2	1	1/4	1/4	1	232
21	21	83	83	0.5	3/4	3/4	Chord	4/4	2	1	1/8	1/8	1	233
21	21	167/2	167/2	0.5	7/8	7/8	Chord	4/4	2	1	1/8	1/8	1	234
21	21	80	80	2.0	0	0	Chord	4/4	3	1	1/2	1/2	1	235
21	21	82	82	1.0	1/2	1/2	Chord	4/4	3	1	1/4	1/4	1	236
21	21	83	83	0.5	3/4	3/4	Chord	4/4	3	1	1/8	1/8	1	237
21	21	167/2	167/2	0.5	7/8	7/8	Chord	4/4	3	1	1/8	1/8	1	238
21	21	80	80	2.0	0	0	Chord	4/4	4	1	1/2	1/2	1	239
21	21	82	82	2.0	1/2	1/2	Chord	4/4	4	1	1/2	1/2	1	240
21	21	80	80	2.0	0	0	Chord	4/4	5	1	1/2	1/2	1	241
21	21	82	82	1.0	1/2	1/2	Chord	4/4	5	1	1/4	1/4	1	242
21	21	83	83	0.5	3/4	3/4	Chord	4/4	5	1	1/8	1/8	1	243
21	21	167/2	167/2	0.5	7/8	7/8	Chord	4/4	5	1	1/8	1/8	1	244
22	22	84	84	1.5	0	0	Chord	4/4	1	1	3/8	1/4	3/2	245
22	22	171/2	171/2	0.5	3/8	3/8	Chord	4/4	1	1	1/8	1/8	1	246
22	22	86	86	2.0	1/2	1/2	Chord	4/4	1	1	1/2	1/2	1	247
22	22	84	84	1.0	0	0	Chord	4/4	2	1	1/4	1/4	1	248
22	22	85	85	1.0	1/4	1/4	Chord	4/4	2	1	1/4	1/4	1	249
22	22	86	86	2.0	1/2	1/2	Chord	4/4	2	1	1/2	1/2	1	250
22	22	84	84	1.0	0	0	Chord	4/4	3	1	1/4	1/4	1	251
22	22	85	85	1.0	1/4	1/4	Chord	4/4	3	1	1/4	1/4	1	252
22	22	86	86	2.0	1/2	1/2	Chord	4/4	3	1	1/2	1/2	1	253
22	22	84	84	1.0	0	0	Chord	4/4	5	1	1/4	1/4	1	254
22	22	85	85	1.0	1/4	1/4	Chord	4/4	5	1	1/4	1/4	1	255
22	22	86	86	2.0	1/2	1/2	Chord	4/4	5	1	1/2	1/2	1	256
23	23	88	88	4.0	0	0	Chord	4/4	1	1	1	1	1	257
23	23	88	88	4.0	0	0	Chord	4/4	2	1	1	1	1	258
23	23	88	88	4.0	0	0	Chord	4/4	3	1	1	1	1	259
23	23	88	88	2.0	0	0	Chord	4/4	4	1	1/2	1/2	1	260
23	23	90	90	2.0	1/2	1/2	Chord	4/4	4	1	1/2	1/2	1	261
23	23	88	88	4.0	0	0	Chord	4/4	5	1	1	1	1	262
24	24	92	92	3.0	0	0	Chord	4/4	1	1	3/4	1/2	3/2	263
24	24	95	95	0.5	3/4	3/4	Chord	4/4	1	1	1/8	1/8	1	264
24	24	191/2	191/2	0.5	7/8	7/8	Chord	4/4	1	1	1/8	1/8	1	265
24	24	92	92	3.0	0	0	Chord	4/4	2	1	3/4	1/2	3/2	266
24	24	95	95	0.5	3/4	3/4	Chord	4/4	2	1	1/8	1/8	1	267
24	24	191/2	191/2	0.5	7/8	7/8	Chord	4/4	2	1	1/8	1/8	1	268
24	24	92	92	1.0	0	0	Chord	4/4	4	1	1/4	1/4	1	269
24	24	93	93	0.5	1/4	1/4	Chord	4/4	4	1	1/8	1/8	1	270
24	24	187/2	187/2	0.5	3/8	3/8	Chord	4/4	4	1	1/8	1/8	1	271
24	24	94	94	1.0	1/2	1/2	Chord	4/4	4	1	1/4	1/4	1	272
24	24	95	95	1.0	3/4	3/4	Chord	4/4	4	1	1/4	1/4	1	273
25	25	96	96	1.5	0	0	Chord	4/4	1	1	3/8	1/4	3/2	274
25	25	195/2	195/2	0.5	3/8	3/8	Chord	4/4	1	1	1/8	1/8	1	275
25	25	98	98	2.0	1/2	1/2	Chord	4/4	1	1	1/2	1/2	1	276
25	25	96	96	1.5	0	0	Chord	4/4	2	1	3/8	1/4	3/2	277
25	25	195/2	195/2	0.5	3/8	3/8	Chord	4/4	2	1	1/8	1/8	1	278
25	25	98	98	2.0	1/2	1/2	Chord	4/4	2	1	1/2	1/2	1	279
25	25	99	99	1.0	3/4	3/4	Chord	4/4	3	1	1/4	1/4	1	280
25	25	96	96	2.0	0	0	Chord	4/4	4	1	1/2	1/2	1	281
25	25	98	98	1.0	1/2	1/2	Chord	4/4	4	1	1/4	1/4	1	282
25	25	99	99	1.0	3/4	3/4	Chord	4/4	4	1	1/4	1/4	1	283
26	26	100	100	1.0	0	0	Chord	4/4	3	1	1/4	1/4	1	284
26	26	101	101	0.5	1/4	1/4	Chord	4/4	3	1	1/8	1/8	1	285
26	26	203/2	203/2	0.5	3/8	3/8	Chord	4/4	3	1	1/8	1/8	1	286
26	26	102	102	1.5	1/2	1/2	Chord	4/4	3	1	3/8	1/4	3/2	287
26	26	207/2	207/2	0.5	7/8	7/8	Chord	4/4	3	1	1/8	1/8	1	288
26	26	100	100	1.0	0	0	Chord	4/4	4	1	1/4	1/4	1	289
26	26	101	101	0.5	1/4	1/4	Chord	4/4	4	1	1/8	1/8	1	290
26	26	203/2	203/2	0.5	3/8	3/8	Chord	4/4	4	1	1/8	1/8	1	291
26	26	102	102	1.5	1/2	1/2	Chord	4/4	4	1	3/8	1/4	3/2	292
26	26	207/2	207/2	0.5	7/8	7/8	Chord	4/4	4	1	1/8	1/8	1	293
26	26	100	100	2.0	0	0	Chord	4/4	5	1	1/2	1/2	1	294
26	26	102	102	2.0	1/2	1/2	Chord	4/4	5	1	1/2	1/2	1	295
27	27	104	104	3.0	0	0	Chord	4/4	1	1	3/4	1/2	3/2	296
27	27	107	107	0.5	3/4	3/4	Chord	4/4	1	1	1/8	1/8	1	297
27	27	215/2	215/2	0.5	7/8	7/8	Chord	4/4	1	1	1/8	1/8	1	298
27	27	104	104	3.0	0	0	Chord	4/4	2	1	3/4	1/2	3/2	299
27	27	107	107	0.5	3/4	3/4	Chord	4/4	2	1	1/8	1/8	1	300
27	27	215/2	215/2	0.5	7/8	7/8	Chord	4/4	2	1	1/8	1/8	1	301
27	27	104	104	2.0	0	0	Chord	4/4	3	1	1/2	1/2	1	302
27	27	104	104	4.0	0	0	Chord	4/4	4	1	1	1	1	303
27	27	104	104	1.0	0	0	Chord	4/4	5	1	1/4	1/4	1	304
27	27	105	105	0.5	1/4	1/4	Chord	4/4	5	1	1/8	1/8	1	305
27	27	211/2	211/2	0.5	3/8	3/8	Chord	4/4	5	1	1/8	1/8	1	306
27	27	106	106	1.0	1/2	1/2	Chord	4/4	5	1	1/4	1/4	1	307
27	27	107	107	1.0	3/4	3/4	Chord	4/4	5	1	1/4	1/4	1	308
28	28	108	108	1.5	0	0	Chord	4/4	1	1	3/8	1/4	3/2	309
28	28	219/2	219/2	0.5	3/8	3/8	Chord	4/4	1	1	1/8	1/8	1	310
28	28	110	110	1.0	1/2	1/2	Chord	4/4	1	1	1/4	1/4	1	311
28	28	111	111	1.0	3/4	3/4	Chord	4/4	1	1	1/4	1/4	1	312
28	28	108	108	1.5	0	0	Chord	4/4	2	1	3/8	1/4	3/2	313
28	28	219/2	219/2	0.5	3/8	3/8	Chord	4/4	2	1	1/8	1/8	1	314
28	28	110	110	1.0	1/2	1/2	Chord	4/4	2	1	1/4	1/4	1	315
28	28	111	111	1.0	3/4	3/4	Chord	4/4	2	1	1/4	1/4	1	316
28	28	108	108	2.0	0	0	Chord	4/4	5	1	1/2	1/2	1	317
28	28	110	110	2.0	1/2	1/2	Chord	4/4	5	1	1/2	1/2	1	318
29	29	112	112	1.0	0	0	Chord	4/4	1	1	1/4	1/4	1	319
29	29	113	113	0.5	1/4	1/4	Chord	4/4	1	1	1/8	1/8	1	320
29	29	227/2	227/2	0.5	3/8	3/8	Chord	4/4	1	1	1/8	1/8	1	321
29	29	114	114	2.0	1/2	1/2	Chord	4/4	1	1	1/2	1/2	1	322
29	29	112	112	1.0	0	0	Chord	4/4	2	1	1/4	1/4	1	323
29	29	113	113	0.5	1/4	1/4	Chord	4/4	2	1	1/8	1/8	1	324
29	29	227/2	227/2	0.5	3/8	3/8	Chord	4/4	2	1	1/8	1/8	1	325
29	29	114	114	2.0	1/2	1/2	Chord	4/4	2	1	1/2	1/2	1	326
29	29	112	112	2.0	0	0	Chord	4/4	4	1	1/2	1/2	1	327
29	29	114	114	2.0	1/2	1/2	Chord	4/4	4	1	1/2	1/2	1	328
29	29	112	112	2.0	0	0	Chord	4/4	5	1	1/2	1/2	1	329
30	30	116	116	2.0	0	0	Chord	4/4	1	1	1/2	1/2	1	330
30	30	116	116	4.0	0	0	Chord	4/4	2	1	1	1	1	331
30	30	116	116	2.0	0	0	Chord	4/4	3	1	1/2	1/2	1	332
30	30	118	118	2.0	1/2	1/2	Chord	4/4	3	1	1/2	1/2	1	333
30	30	116	116	1.0	0	0	Chord	4/4	4	1	1/4	1/4	1	334
30	30	117	117	0.5	1/4	1/4	Chord	4/4	4	1	1/8	1/8	1	335
30	30	235/2	235/2	0.5	3/8	3/8	Chord	4/4	4	1	1/8	1/8	1	336
30	30	118	118	1.0	1/2	1/2	Chord	4/4	4	1	1/4	1/4	1	337
30	30	119	119	1.0	3/4	3/4	Chord	4/4	4	1	1/4	1/4	1	338
30	30	118	118	2.0	1/2	1/2	Chord	4/4	5	1	1/2	1/2	1	339
31	31	120	120	1.0	0	0	Chord	4/4	3	1	1/4	1/4	1	340
31	31	121	121	0.5	1/4	1/4	Chord	4/4	3	1	1/8	1/8	1	341
31	31	243/2	243/2	0.5	3/8	3/8	Chord	4/4	3	1	1/8	1/8	1	342
31	31	122	122	1.0	1/2	1/2	Chord	4/4	3	1	1/4	1/4	1	343
31	31	123	123	1.0	3/4	3/4	Chord	4/4	3	1	1/4	1/4	1	344
31	31	120	120	1.0	0	0	Chord	4/4	4	1	1/4	1/4	1	345
31	31	121	121	0.5	1/4	1/4	Chord	4/4	4	1	1/8	1/8	1	346
31	31	243/2	243/2	0.5	3/8	3/8	Chord	4/4	4	1	1/8	1/8	1	347
31	31	122	122	1.0	1/2	1/2	Chord	4/4	4	1	1/4	1/4	1	348
31	31	123	123	1.0	3/4	3/4	Chord	4/4	4	1	1/4	1/4	1	349
31	31	120	120	3.0	0	0	Chord	4/4	5	1	3/4	1/2	3/2	350
31	31	123	123	0.5	3/4	3/4	Chord	4/4	5	1	1/8	1/8	1	351
31	31	247/2	247/2	0.5	7/8	7/8	Chord	4/4	5	1	1/8	1/8	1	352
32	32	124	124	1.0	0	0	Chord	4/4	3	1	1/4	1/4	1	353
32	32	125	125	1.0	1/4	1/4	Chord	4/4	3	1	1/4	1/4	1	354
32	32	126	126	1.0	1/2	1/2	Chord	4/4	3	1	1/4	1/4	1	355
32	32	127	127	1.0	3/4	3/4	Chord	4/4	3	1	1/4	1/4	1	356
32	32	124	124	2.0	0	0	Chord	4/4	4	1	1/2	1/2	1	357
32	32	126	126	1.0	1/2	1/2	Chord	4/4	4	1	1/4	1/4	1	358
32	32	127	127	1.0	3/4	3/4	Chord	4/4	4	1	1/4	1/4	1	359
32	32	124	124	1.5	0	0	Chord	4/4	5	1	3/8	1/4	3/2	360
32	32	251/2	251/2	0.5	3/8	3/8	Chord	4/4	5	1	1/8	1/8	1	361
32	32	126	126	2.0	1/2	1/2	Chord	4/4	5	1	1/2	1/2	1	362
33	33	128	128	1.0	0	0	Chord	4/4	3	1	1/4	1/4	1	363
33	33	129	129	0.5	1/4	1/4	Chord	4/4	3	1	1/8	1/8	1	364
33	33	259/2	259/2	0.5	3/8	3/8	Chord	4/4	3	1	1/8	1/8	1	365
33	33	130	130	1.5	1/2	1/2	Chord	4/4	3	1	3/8	1/4	3/2	366
33	33	263/2	263/2	0.5	7/8	7/8	Chord	4/4	3	1	1/8	1/8	1	367
33	33	128	128	1.0	0	0	Chord	4/4	4	1	1/4	1/4	1	368
33	33	129	129	0.5	1/4	1/4	Chord	4/4	4	1	1/8	1/8	1	369
33	33	259/2	259/2	0.5	3/8	3/8	Chord	4/4	4	1	1/8	1/8	1	370
33	33	130	130	1.5	1/2	1/2	Chord	4/4	4	1	3/8	1/4	3/2	371
33	33	263/2	263/2	0.5	7/8	7/8	Chord	4/4	4	1	1/8	1/8	1	372
33	33	128	128	4.0	0	0	Chord	4/4	5	1	1	1	1	373
34	34	134	134	0.5	1/2	1/2	Chord	4/4	1	1	1/8	1/8	1	374
34	34	269/2	269/2	0.5	5/8	5/8	Chord	4/4	1	1	1/8	1/8	1	375
34	34	135	135	0.5	3/4	3/4	Chord	4/4	1	1	1/8	1/8	1	376
34	34	271/2	271/2	0.5	7/8	7/8	Chord	4/4	1	1	1/8	1/8	1	377
34	34	134	134	0.5	1/2	1/2	Chord	4/4	2	1	1/8	1/8	1	378
34	34	269/2	269/2	0.5	5/8	5/8	Chord	4/4	2	1	1/8	1/8	1	379
34	34	135	135	0.5	3/4	3/4	Chord	4/4	2	1	1/8	1/8	1	380
34	34	271/2	271/2	0.5	7/8	7/8	Chord	4/4	2	1	1/8	1/8	1	381
34	34	132	132	4.0	0	0	Chord	4/4	3	1	1	1	1	382
34	34	132	132	4.0	0	0	Chord	4/4	4	1	1	1	1	383
34	34	132	132	0.5	0	0	Chord	4/4	5	1	1/8	1/8	1	384
34	34	265/2	265/2	0.5	1/8	1/8	Chord	4/4	5	1	1/8	1/8	1	385
34	34	133	133	0.5	1/4	1/4	Chord	4/4	5	1	1/8	1/8	1	386
34	34	267/2	267/2	0.5	3/8	3/8	Chord	4/4	5	1	1/8	1/8	1	387
34	34	134	134	2.0	1/2	1/2	Chord	4/4	5	1	1/2	1/2	1	388
35	35	136	136	2.0	0	0	Chord	4/4	1	1	1/2	1/2	1	389
35	35	138	138	0.5	1/2	1/2	Chord	4/4	1	1	1/8	1/8	1	390
35	35	277/2	277/2	0.5	5/8	5/8	Chord	4/4	1	1	1/8	1/8	1	391
35	35	139	139	0.5	3/4	3/4	Chord	4/4	1	1	1/8	1/8	1	392
35	35	279/2	279/2	0.5	7/8	7/8	Chord	4/4	1	1	1/8	1/8	1	393
35	35	136	136	2.0	0	0	Chord	4/4	2	1	1/2	1/2	1	394
35	35	138	138	0.5	1/2	1/2	Chord	4/4	2	1	1/8	1/8	1	395
35	35	277/2	277/2	0.5	5/8	5/8	Chord	4/4	2	1	1/8	1/8	1	396
35	35	139	139	0.5	3/4	3/4	Chord	4/4	2	1	1/8	1/8	1	397
35	35	279/2	279/2	0.5	7/8	7/8	Chord	4/4	2	1	1/8	1/8	1	398
35	35	136	136	0.5	0	0	Chord	4/4	3	1	1/8	1/8	1	399
35	35	273/2	273/2	0.5	1/8	1/8	Chord	4/4	3	1	1/8	1/8	1	400
35	35	137	137	0.5	1/4	1/4	Chord	4/4	3	1	1/8	1/8	1	401
35	35	275/2	275/2	0.5	3/8	3/8	Chord	4/4	3	1	1/8	1/8	1	402
35	35	138	138	1.0	1/2	1/2	Chord	4/4	3	1	1/4	1/4	1	403
35	35	139	139	1.0	3/4	3/4	Chord	4/4	3	1	1/4	1/4	1	404
35	35	136	136	0.5	0	0	Chord	4/4	4	1	1/8	1/8	1	405
35	35	273/2	273/2	0.5	1/8	1/8	Chord	4/4	4	1	1/8	1/8	1	406
35	35	137	137	0.5	1/4	1/4	Chord	4/4	4	1	1/8	1/8	1	407
35	35	275/2	275/2	0.5	3/8	3/8	Chord	4/4	4	1	1/8	1/8	1	408
35	35	138	138	2.0	1/2	1/2	Chord	4/4	4	1	1/2	1/2	1	409
35	35	138	138	0.5	1/2	1/2	Chord	4/4	5	1	1/8	1/8	1	410
35	35	277/2	277/2	0.5	5/8	5/8	Chord	4/4	5	1	1/8	1/8	1	411
35	35	139	139	0.5	3/4	3/4	Chord	4/4	5	1	1/8	1/8	1	412
35	35	279/2	279/2	0.5	7/8	7/8	Chord	4/4	5	1	1/8	1/8	1	413
36	36	140	140	2.0	0	0	Chord	4/4	1	1	1/2	1/2	1	414
36	36	142	142	2.0	1/2	1/2	Chord	4/4	1	1	1/2	1/2	1	415
36	36	140	140	1.0	0	0	Chord	4/4	2	1	1/4	1/4	1	416
36	36	141	141	2.0	1/4	1/4	Chord	4/4	2	1	1/2	1/2	1	417
36	36	143	143	0.5	3/4	3/4	Chord	4/4	2	1	1/8	1/8	1	418
36	36	287/2	287/2	0.5	7/8	7/8	Chord	4/4	2	1	1/8	1/8	1	419
36	36	140	140	1.0	0	0	Chord	4/4	3	1	1/4	1/4	1	420
36	36	141	141	0.5	1/4	1/4	Chord	4/4	3	1	1/8	1/8	1	421
36	36	283/2	283/2	0.5	3/8	3/8	Chord	4/4	3	1	1/8	1/8	1	422
36	36	142	142	2.0	1/2	1/2	Chord	4/4	3	1	1/2	1/2	1	423
36	36	140	140	0.5	0	0	Chord	4/4	4	1	1/8	1/8	1	424
36	36	281/2	281/2	0.5	1/8	1/8	Chord	4/4	4	1	1/8	1/8	1	425
36	36	141	141	0.5	1/4	1/4	Chord	4/4	4	1	1/8	1/8	1	426
36	36	283/2	283/2	0.5	3/8	3/8	Chord	4/4	4	1	1/8	1/8	1	427
36	36	142	142	1.0	1/2	1/2	Chord	4/4	4	1	1/4	1/4	1	428
36	36	143	143	1.0	3/4	3/4	Chord	4/4	4	1	1/4	1/4	1	429
36	36	140	140	1.0	0	0	Chord	4/4	5	1	1/4	1/4	1	430
36	36	141	141	2.0	1/4	1/4	Chord	4/4	5	1	1/2	1/2	1	431
36	36	143	143	0.5	3/4	3/4	Chord	4/4	5	1	1/8	1/8	1	432
36	36	287/2	287/2	0.5	7/8	7/8	Chord	4/4	5	1	1/8	1/8	1	433
37	37	144	144	1.0	0	0	Chord	4/4	1	1	1/4	1/4	1	434
37	37	145	145	0.5	1/4	1/4	Chord	4/4	1	1	1/8	1/8	1	435
37	37	291/2	291/2	0.5	3/8	3/8	Chord	4/4	1	1	1/8	1/8	1	436
37	37	146	146	1.0	1/2	1/2	Chord	4/4	1	1	1/4	1/4	1	437
37	37	147	147	0.5	3/4	3/4	Chord	4/4	1	1	1/8	1/8	1	438
37	37	295/2	295/2	0.5	7/8	7/8	Chord	4/4	1	1	1/8	1/8	1	439
37	37	144	144	1.0	0	0	Chord	4/4	2	1	1/4	1/4	1	440
37	37	145	145	2.0	1/4	1/4	Chord	4/4	2	1	1/2	1/2	1	441
37	37	147	147	1.0	3/4	3/4	Chord	4/4	2	1	1/4	1/4	1	442
37	37	144	144	2.0	0	0	Chord	4/4	3	1	1/2	1/2	1	443
37	37	146	146	1.5	1/2	1/2	Chord	4/4	3	1	3/8	1/4	3/2	444
37	37	295/2	295/2	0.5	7/8	7/8	Chord	4/4	3	1	1/8	1/8	1	445
37	37	144	144	1.0	0	0	Chord	4/4	4	1	1/4	1/4	1	446
37	37	145	145	0.5	1/4	1/4	Chord	4/4	4	1	1/8	1/8	1	447
37	37	291/2	291/2	0.5	3/8	3/8	Chord	4/4	4	1	1/8	1/8	1	448
37	37	146	146	1.0	1/2	1/2	Chord	4/4	4	1	1/4	1/4	1	449
37	37	147	147	0.5	3/4	3/4	Chord	4/4	4	1	1/8	1/8	1	450
37	37	295/2	295/2	0.5	7/8	7/8	Chord	4/4	4	1	1/8	1/8	1	451
37	37	144	144	2.0	0	0	Chord	4/4	5	1	1/2	1/2	1	452
37	37	146	146	1.5	1/2	1/2	Chord	4/4	5	1	3/8	1/4	3/2	453
37	37	295/2	295/2	0.5	7/8	7/8	Chord	4/4	5	1	1/8	1/8	1	454
38	38	148	148	0.5	0	0	Chord	4/4	1	1	1/8	1/8	1	455
38	38	297/2	297/2	0.5	1/8	1/8	Chord	4/4	1	1	1/8	1/8	1	456
38	38	149	149	0.5	1/4	1/4	Chord	4/4	1	1	1/8	1/8	1	457
38	38	299/2	299/2	0.5	3/8	3/8	Chord	4/4	1	1	1/8	1/8	1	458
38	38	150	150	1.0	1/2	1/2	Chord	4/4	1	1	1/4	1/4	1	459
38	38	151	151	1.0	3/4	3/4	Chord	4/4	1	1	1/4	1/4	1	460
38	38	148	148	0.5	0	0	Chord	4/4	2	1	1/8	1/8	1	461
38	38	297/2	297/2	0.5	1/8	1/8	Chord	4/4	2	1	1/8	1/8	1	462
38	38	149	149	0.5	1/4	1/4	Chord	4/4	2	1	1/8	1/8	1	463
38	38	299/2	299/2	0.5	3/8	3/8	Chord	4/4	2	1	1/8	1/8	1	464
38	38	150	150	1.0	1/2	1/2	Chord	4/4	2	1	1/4	1/4	1	465
38	38	151	151	1.0	3/4	3/4	Chord	4/4	2	1	1/4	1/4	1	466
38	38	148	148	0.5	0	0	Chord	4/4	3	1	1/8	1/8	1	467
38	38	297/2	297/2	0.5	1/8	1/8	Chord	4/4	3	1	1/8	1/8	1	468
38	38	149	149	0.5	1/4	1/4	Chord	4/4	3	1	1/8	1/8	1	469
38	38	299/2	299/2	0.5	3/8	3/8	Chord	4/4	3	1	1/8	1/8	1	470
38	38	150	150	1.0	1/2	1/2	Chord	4/4	3	1	1/4	1/4	1	471
38	38	151	151	1.0	3/4	3/4	Chord	4/4	3	1	1/4	1/4	1	472
38	38	148	148	0.5	0	0	Chord	4/4	4	1	1/8	1/8	1	473
38	38	297/2	297/2	0.5	1/8	1/8	Chord	4/4	4	1	1/8	1/8	1	474
38	38	149	149	0.5	1/4	1/4	Chord	4/4	4	1	1/8	1/8	1	475
38	38	299/2	299/2	0.5	3/8	3/8	Chord	4/4	4	1	1/8	1/8	1	476
38	38	150	150	1.0	1/2	1/2	Chord	4/4	4	1	1/4	1/4	1	477
38	38	151	151	1.0	3/4	3/4	Chord	4/4	4	1	1/4	1/4	1	478
38	38	148	148	0.5	0	0	Chord	4/4	5	1	1/8	1/8	1	479
38	38	297/2	297/2	0.5	1/8	1/8	Chord	4/4	5	1	1/8	1/8	1	480
38	38	149	149	0.5	1/4	1/4	Chord	4/4	5	1	1/8	1/8	1	481
38	38	299/2	299/2	0.5	3/8	3/8	Chord	4/4	5	1	1/8	1/8	1	482
38	38	150	150	1.0	1/2	1/2	Chord	4/4	5	1	1/4	1/4	1	483
38	38	151	151	1.0	3/4	3/4	Chord	4/4	5	1	1/4	1/4	1	484
39	39	153	153	0.5	1/4	1/4	Chord	4/4	1	1	1/8	1/8	1	485
39	39	307/2	307/2	0.5	3/8	3/8	Chord	4/4	1	1	1/8	1/8	1	486
39	39	154	154	2.0	1/2	1/2	Chord	4/4	1	1	1/2	1/2	1	487
39	39	153	153	0.5	1/4	1/4	Chord	4/4	2	1	1/8	1/8	1	488
39	39	307/2	307/2	0.5	3/8	3/8	Chord	4/4	2	1	1/8	1/8	1	489
39	39	154	154	1.0	1/2	1/2	Chord	4/4	2	1	1/4	1/4	1	490
39	39	155	155	1.0	3/4	3/4	Chord	4/4	2	1	1/4	1/4	1	491
39	39	152	152	1.0	0	0	Chord	4/4	3	1	1/4	1/4	1	492
39	39	153	153	1.0	1/4	1/4	Chord	4/4	3	1	1/4	1/4	1	493
39	39	154	154	2.0	1/2	1/2	Chord	4/4	3	1	1/2	1/2	1	494
39	39	152	152	1.0	0	0	Chord	4/4	4	1	1/4	1/4	1	495
39	39	153	153	1.0	1/4	1/4	Chord	4/4	4	1	1/4	1/4	1	496
39	39	154	154	2.0	1/2	1/2	Chord	4/4	4	1	1/2	1/2	1	497
39	39	152	152	1.0	0	0	Chord	4/4	5	1	1/4	1/4	1	498
39	39	153	153	1.0	1/4	1/4	Chord	4/4	5	1	1/4	1/4	1	499
39	39	154	154	2.0	1/2	1/2	Chord	4/4	5	1	1/2	1/2	1	500
40	40	156	156	1.5	0	0	Chord	4/4	1	1	3/8	1/4	3/2	501
40	40	315/2	315/2	0.5	3/8	3/8	Chord	4/4	1	1	1/8	1/8	1	502
40	40	158	158	2.0	1/2	1/2	Chord	4/4	1	1	1/2	1/2	1	503
40	40	156	156	1.0	0	0	Chord	4/4	2	1	1/4	1/4	1	504
40	40	157	157	1.0	1/4	1/4	Chord	4/4	2	1	1/4	1/4	1	505
40	40	158	158	2.0	1/2	1/2	Chord	4/4	2	1	1/2	1/2	1	506
40	40	156	156	1.5	0	0	Chord	4/4	3	1	3/8	1/4	3/2	507
40	40	315/2	315/2	0.5	3/8	3/8	Chord	4/4	3	1	1/8	1/8	1	508
40	40	158	158	2.0	1/2	1/2	Chord	4/4	3	1	1/2	1/2	1	509
40	40	156	156	1.5	0	0	Chord	4/4	4	1	3/8	1/4	3/2	510
40	40	315/2	315/2	0.5	3/8	3/8	Chord	4/4	4	1	1/8	1/8	1	511
40	40	158	158	2.0	1/2	1/2	Chord	4/4	4	1	1/2	1/2	1	512
40	40	156	156	1.5	0	0	Chord	4/4	5	1	3/8	1/4	3/2	513
40	40	315/2	315/2	0.5	3/8	3/8	Chord	4/4	5	1	1/8	1/8	1	514
40	40	158	158	2.0	1/2	1/2	Chord	4/4	5	1	1/2	1/2	1	515
41	41	160	160	1.0	0	0	Chord	4/4	1	1	1/4	1/4	1	516
41	41	161	161	2.0	1/4	1/4	Chord	4/4	1	1	1/2	1/2	1	517
41	41	163	163	1.0	3/4	3/4	Chord	4/4	1	1	1/4	1/4	1	518
41	41	160	160	2.0	0	0	Chord	4/4	2	1	1/2	1/2	1	519
41	41	162	162	1.0	1/2	1/2	Chord	4/4	2	1	1/4	1/4	1	520
41	41	163	163	1.0	3/4	3/4	Chord	4/4	2	1	1/4	1/4	1	521
41	41	160	160	2.0	0	0	Chord	4/4	4	1	1/2	1/2	1	522
41	41	162	162	1.0	1/2	1/2	Chord	4/4	4	1	1/4	1/4	1	523
41	41	163	163	1.0	3/4	3/4	Chord	4/4	4	1	1/4	1/4	1	524
42	42	164	164	2.0	0	0	Chord	4/4	1	1	1/2	1/2	1	525
42	42	166	166	2.0	1/2	1/2	Chord	4/4	1	1	1/2	1/2	1	526
42	42	164	164	2.0	0	0	Chord	4/4	2	1	1/2	1/2	1	527
42	42	166	166	2.0	1/2	1/2	Chord	4/4	2	1	1/2	1/2	1	528
42	42	164	164	2.0	0	0	Chord	4/4	4	1	1/2	1/2	1	529
42	42	166	166	2.0	1/2	1/2	Chord	4/4	4	1	1/2	1/2	1	530
43	43	168	168	1.0	0	0	Chord	4/4	1	1	1/4	1/4	1	531
43	43	169	169	2.0	1/4	1/4	Chord	4/4	1	1	1/2	1/2	1	532
43	43	171	171	1.0	3/4	3/4	Chord	4/4	1	1	1/4	1/4	1	533
43	43	169	169	1.0	1/4	1/4	Chord	4/4	2	1	1/4	1/4	1	534
43	43	170	170	2.0	1/2	1/2	Chord	4/4	2	1	1/2	1/2	1	535
43	43	168	168	2.0	0	0	Chord	4/4	3	1	1/2	1/2	1	536
43	43	170	170	1.5	1/2	1/2	Chord	4/4	3	1	3/8	1/4	3/2	537
43	43	343/2	343/2	0.5	7/8	7/8	Chord	4/4	3	1	1/8	1/8	1	538
43	43	169	169	1.0	1/4	1/4	Chord	4/4	4	1	1/4	1/4	1	539
43	43	170	170	1.5	1/2	1/2	Chord	4/4	4	1	3/8	1/4	3/2	540
43	43	343/2	343/2	0.5	7/8	7/8	Chord	4/4	4	1	1/8	1/8	1	541
43	43	168	168	2.0	0	0	Chord	4/4	5	1	1/2	1/2	1	542
43	43	170	170	1.5	1/2	1/2	Chord	4/4	5	1	3/8	1/4	3/2	543
43	43	343/2	343/2	0.5	7/8	7/8	Chord	4/4	5	1	1/8	1/8	1	544
44	44	172	172	1.0	0	0	Chord	4/4	1	1	1/4	1/4	1	545
44	44	173	173	0.5	1/4	1/4	Chord	4/4	1	1	1/8	1/8	1	546
44	44	347/2	347/2	0.5	3/8	3/8	Chord	4/4	1	1	1/8	1/8	1	547
44	44	174	174	1.5	1/2	1/2	Chord	4/4	1	1	3/8	1/4	3/2	548
44	44	351/2	351/2	0.5	7/8	7/8	Chord	4/4	1	1	1/8	1/8	1	549
44	44	172	172	1.0	0	0	Chord	4/4	2	1	1/4	1/4	1	550
44	44	173	173	0.5	1/4	1/4	Chord	4/4	2	1	1/8	1/8	1	551
44	44	347/2	347/2	0.5	3/8	3/8	Chord	4/4	2	1	1/8	1/8	1	552
44	44	174	174	1.5	1/2	1/2	Chord	4/4	2	1	3/8	1/4	3/2	553
44	44	351/2	351/2	0.5	7/8	7/8	Chord	4/4	2	1	1/8	1/8	1	554
44	44	172	172	1.0	0	0	Chord	4/4	3	1	1/4	1/4	1	555
44	44	173	173	1.0	1/4	1/4	Chord	4/4	3	1	1/4	1/4	1	556
44	44	174	174	1.5	1/2	1/2	Chord	4/4	3	1	3/8	1/4	3/2	557
44	44	351/2	351/2	0.5	7/8	7/8	Chord	4/4	3	1	1/8	1/8	1	558
44	44	172	172	1.0	0	0	Chord	4/4	4	1	1/4	1/4	1	559
44	44	173	173	1.0	1/4	1/4	Chord	4/4	4	1	1/4	1/4	1	560
44	44	174	174	2.0	1/2	1/2	Chord	4/4	4	1	1/2	1/2	1	561
44	44	172	172	1.0	0	0	Chord	4/4	5	1	1/4	1/4	1	562
44	44	173	173	1.0	1/4	1/4	Chord	4/4	5	1	1/4	1/4	1	563
44	44	174	174	2.0	1/2	1/2	Chord	4/4	5	1	1/2	1/2	1	564
45	45	176	176	0.5	0	0	Chord	4/4	1	1	1/8	1/8	1	565
45	45	353/2	353/2	0.5	1/8	1/8	Chord	4/4	1	1	1/8	1/8	1	566
45	45	177	177	2.0	1/4	1/4	Chord	4/4	1	1	1/2	1/2	1	567
45	45	179	179	0.5	3/4	3/4	Chord	4/4	1	1	1/8	1/8	1	568
45	45	359/2	359/2	0.5	7/8	7/8	Chord	4/4	1	1	1/8	1/8	1	569
45	45	176	176	0.5	0	0	Chord	4/4	2	1	1/8	1/8	1	570
45	45	353/2	353/2	0.5	1/8	1/8	Chord	4/4	2	1	1/8	1/8	1	571
45	45	177	177	2.0	1/4	1/4	Chord	4/4	2	1	1/2	1/2	1	572
45	45	179	179	0.5	3/4	3/4	Chord	4/4	2	1	1/8	1/8	1	573
45	45	359/2	359/2	0.5	7/8	7/8	Chord	4/4	2	1	1/8	1/8	1	574
45	45	176	176	0.5	0	0	Chord	4/4	3	1	1/8	1/8	1	575
45	45	353/2	353/2	0.5	1/8	1/8	Chord	4/4	3	1	1/8	1/8	1	576
45	45	177	177	1.5	1/4	1/4	Chord	4/4	3	1	3/8	1/4	3/2	577
45	45	357/2	357/2	0.5	5/8	5/8	Chord	4/4	3	1	1/8	1/8	1	578
45	45	179	179	1.0	3/4	3/4	Chord	4/4	3	1	1/4	1/4	1	579
45	45	176	176	1.0	0	0	Chord	4/4	4	1	1/4	1/4	1	580
45	45	177	177	0.5	1/4	1/4	Chord	4/4	4	1	1/8	1/8	1	581
45	45	355/2	355/2	0.5	3/8	3/8	Chord	4/4	4	1	1/8	1/8	1	582
45	45	178	178	1.0	1/2	1/2	Chord	4/4	4	1	1/4	1/4	1	583
45	45	179	179	0.5	3/4	3/4	Chord	4/4	4	1	1/8	1/8	1	584
45	45	359/2	359/2	0.5	7/8	7/8	Chord	4/4	4	1	1/8	1/8	1	585
45	45	176	176	1.0	0	0	Chord	4/4	5	1	1/4	1/4	1	586
45	45	177	177	0.5	1/4	1/4	Chord	4/4	5	1	1/8	1/8	1	587
45	45	355/2	355/2	0.5	3/8	3/8	Chord	4/4	5	1	1/8	1/8	1	588
45	45	178	178	1.0	1/2	1/2	Chord	4/4	5	1	1/4	1/4	1	589
45	45	179	179	0.5	3/4	3/4	Chord	4/4	5	1	1/8	1/8	1	590
45	45	359/2	359/2	0.5	7/8	7/8	Chord	4/4	5	1	1/8	1/8	1	591
46	46	180	180	2.0	0	0	Chord	4/4	1	1	1/2	1/2	1	592
46	46	182	182	2.0	1/2	1/2	Chord	4/4	1	1	1/2	1/2	1	593
46	46	180	180	2.0	0	0	Chord	4/4	2	1	1/2	1/2	1	594
46	46	182	182	1.5	1/2	1/2	Chord	4/4	2	1	3/8	1/4	3/2	595
46	46	367/2	367/2	0.5	7/8	7/8	Chord	4/4	2	1	1/8	1/8	1	596
46	46	180	180	2.0	0	0	Chord	4/4	3	1	1/2	1/2	1	597
46	46	182	182	2.0	1/2	1/2	Chord	4/4	3	1	1/2	1/2	1	598
46	46	180	180	2.0	0	0	Chord	4/4	4	1	1/2	1/2	1	599
46	46	182	182	2.0	1/2	1/2	Chord	4/4	4	1	1/2	1/2	1	600
46	46	180	180	2.0	0	0	Chord	4/4	5	1	1/2	1/2	1	601
46	46	182	182	2.0	1/2	1/2	Chord	4/4	5	1	1/2	1/2	1	602
47	47	184	184	1.5	0	0	Chord	4/4	1	1	3/8	1/4	3/2	603
47	47	371/2	371/2	0.5	3/8	3/8	Chord	4/4	1	1	1/8	1/8	1	604
47	47	186	186	2.0	1/2	1/2	Chord	4/4	1	1	1/2	1/2	1	605
47	47	184	184	1.0	0	0	Chord	4/4	2	1	1/4	1/4	1	606
47	47	185	185	2.0	1/4	1/4	Chord	4/4	2	1	1/2	1/2	1	607
47	47	187	187	1.0	3/4	3/4	Chord	4/4	2	1	1/4	1/4	1	608
47	47	184	184	1.0	0	0	Chord	4/4	3	1	1/4	1/4	1	609
47	47	185	185	1.0	1/4	1/4	Chord	4/4	3	1	1/4	1/4	1	610
47	47	186	186	2.0	1/2	1/2	Chord	4/4	3	1	1/2	1/2	1	611
47	47	184	184	1.0	0	0	Chord	4/4	4	1	1/4	1/4	1	612
47	47	185	185	1.0	1/4	1/4	Chord	4/4	4	1	1/4	1/4	1	613
47	47	186	186	2.0	1/2	1/2	Chord	4/4	4	1	1/2	1/2	1	614
47	47	184	184	1.0	0	0	Chord	4/4	5	1	1/4	1/4	1	615
47	47	185	185	1.0	1/4	1/4	Chord	4/4	5	1	1/4	1/4	1	616
47	47	186	186	2.0	1/2	1/2	Chord	4/4	5	1	1/2	1/2	1	617
48	48	188	188	2.0	0	0	Chord	4/4	1	1	1/2	1/2	1	618
48	48	188	188	4.0	0	0	Chord	4/4	2	1	1	1	1	619
48	48	188	188	4.0	0	0	Chord	4/4	3	1	1	1	1	620
48	48	188	188	4.0	0	0	Chord	4/4	4	1	1	1	1	621
48	48	188	188	4.0	0	0	Chord	4/4	5	1	1	1	1	622
49	49	192	192	1.0	0	0	Chord	4/4	1	1	1/4	1/4	1	623
49	49	193	193	2.0	1/4	1/4	Chord	4/4	1	1	1/2	1/2	1	624
49	49	195	195	1.0	3/4	3/4	Chord	4/4	1	1	1/4	1/4	1	625
49	49	192	192	2.0	0	0	Chord	4/4	2	1	1/2	1/2	1	626
49	49	194	194	1.5	1/2	1/2	Chord	4/4	2	1	3/8	1/4	3/2	627
49	49	391/2	391/2	0.5	7/8	7/8	Chord	4/4	2	1	1/8	1/8	1	628
49	49	192	192	2.0	0	0	Chord	4/4	3	1	1/2	1/2	1	629
49	49	194	194	1.5	1/2	1/2	Chord	4/4	3	1	3/8	1/4	3/2	630
49	49	391/2	391/2	0.5	7/8	7/8	Chord	4/4	3	1	1/8	1/8	1	631
49	49	193	193	1.0	1/4	1/4	Chord	4/4	4	1	1/4	1/4	1	632
49	49	194	194	1.5	1/2	1/2	Chord	4/4	4	1	3/8	1/4	3/2	633
49	49	391/2	391/2	0.5	7/8	7/8	Chord	4/4	4	1	1/8	1/8	1	634
49	49	192	192	2.0	0	0	Chord	4/4	5	1	1/2	1/2	1	635
49	49	194	194	1.5	1/2	1/2	Chord	4/4	5	1	3/8	1/4	3/2	636
49	49	391/2	391/2	0.5	7/8	7/8	Chord	4/4	5	1	1/8	1/8	1	637
50	50	196	196	1.0	0	0	Chord	4/4	1	1	1/4	1/4	1	638
50	50	197	197	1.0	1/4	1/4	Chord	4/4	1	1	1/4	1/4	1	639
50	50	198	198	2.0	1/2	1/2	Chord	4/4	1	1	1/2	1/2	1	640
50	50	196	196	1.0	0	0	Chord	4/4	2	1	1/4	1/4	1	641
50	50	197	197	1.0	1/4	1/4	Chord	4/4	2	1	1/4	1/4	1	642
50	50	198	198	2.0	1/2	1/2	Chord	4/4	2	1	1/2	1/2	1	643
50	50	196	196	1.0	0	0	Chord	4/4	3	1	1/4	1/4	1	644
50	50	197	197	1.0	1/4	1/4	Chord	4/4	3	1	1/4	1/4	1	645
50	50	198	198	2.0	1/2	1/2	Chord	4/4	3	1	1/2	1/2	1	646
50	50	196	196	1.0	0	0	Chord	4/4	4	1	1/4	1/4	1	647
50	50	197	197	1.0	1/4	1/4	Chord	4/4	4	1	1/4	1/4	1	648
50	50	198	198	2.0	1/2	1/2	Chord	4/4	4	1	1/2	1/2	1	649
50	50	196	196	1.0	0	0	Chord	4/4	5	1	1/4	1/4	1	650
50	50	197	197	1.0	1/4	1/4	Chord	4/4	5	1	1/4	1/4	1	651
50	50	198	198	2.0	1/2	1/2	Chord	4/4	5	1	1/2	1/2	1	652
51	51	200	200	1.5	0	0	Chord	4/4	1	1	3/8	1/4	3/2	653
51	51	403/2	403/2	0.5	3/8	3/8	Chord	4/4	1	1	1/8	1/8	1	654
51	51	202	202	2.0	1/2	1/2	Chord	4/4	1	1	1/2	1/2	1	655
51	51	200	200	2.0	0	0	Chord	4/4	2	1	1/2	1/2	1	656
51	51	202	202	0.5	1/2	1/2	Chord	4/4	2	1	1/8	1/8	1	657
51	51	405/2	405/2	0.5	5/8	5/8	Chord	4/4	2	1	1/8	1/8	1	658
51	51	203	203	1.0	3/4	3/4	Chord	4/4	2	1	1/4	1/4	1	659
51	51	200	200	2.0	0	0	Chord	4/4	3	1	1/2	1/2	1	660
51	51	202	202	1.0	1/2	1/2	Chord	4/4	3	1	1/4	1/4	1	661
51	51	203	203	1.0	3/4	3/4	Chord	4/4	3	1	1/4	1/4	1	662
51	51	200	200	2.0	0	0	Chord	4/4	4	1	1/2	1/2	1	663
51	51	202	202	1.0	1/2	1/2	Chord	4/4	4	1	1/4	1/4	1	664
51	51	203	203	1.0	3/4	3/4	Chord	4/4	4	1	1/4	1/4	1	665
51	51	200	200	2.0	0	0	Chord	4/4	5	1	1/2	1/2	1	666
51	51	202	202	1.0	1/2	1/2	Chord	4/4	5	1	1/4	1/4	1	667
51	51	203	203	1.0	3/4	3/4	Chord	4/4	5	1	1/4	1/4	1	668
52	52	204	204	4.0	0	0	Chord	4/4	1	1	1	1	1	669
52	52	204	204	1.0	0	0	Chord	4/4	2	1	1/4	1/4	1	670
52	52	205	205	0.5	1/4	1/4	Chord	4/4	2	1	1/8	1/8	1	671
52	52	411/2	411/2	0.5	3/8	3/8	Chord	4/4	2	1	1/8	1/8	1	672
52	52	206	206	2.0	1/2	1/2	Chord	4/4	2	1	1/2	1/2	1	673
52	52	204	204	4.0	0	0	Chord	4/4	3	1	1	1	1	674
52	52	204	204	4.0	0	0	Chord	4/4	4	1	1	1	1	675
52	52	204	204	4.0	0	0	Chord	4/4	5	1	1	1	1	676
53	53	208	208	2.0	0	0	Chord	4/4	1	1	1/2	1/2	1	677
53	53	210	210	2.0	1/2	1/2	Chord	4/4	1	1	1/2	1/2	1	678
53	53	208	208	4.0	0	0	Chord	4/4	2	1	1	1	1	679
53	53	208	208	4.0	0	0	Chord	4/4	3	1	1	1	1	680
53	53	208	208	4.0	0	0	Chord	4/4	4	1	1	1	1	681
53	53	208	208	4.0	0	0	Chord	4/4	5	1	1	1	1	682
54	54	212	212	1.0	0	0	Chord	4/4	1	1	1/4	1/4	1	683
54	54	213	213	0.5	1/4	1/4	Chord	4/4	1	1	1/8	1/8	1	684
54	54	427/2	427/2	0.5	3/8	3/8	Chord	4/4	1	1	1/8	1/8	1	685
54	54	214	214	2.0	1/2	1/2	Chord	4/4	1	1	1/2	1/2	1	686
54	54	212	212	3.0	0	0	Chord	4/4	3	1	3/4	1/2	3/2	687
54	54	215	215	0.5	3/4	3/4	Chord	4/4	3	1	1/8	1/8	1	688
54	54	431/2	431/2	0.5	7/8	7/8	Chord	4/4	3	1	1/8	1/8	1	689
54	54	212	212	3.0	0	0	Chord	4/4	4	1	3/4	1/2	3/2	690
54	54	215	215	0.5	3/4	3/4	Chord	4/4	4	1	1/8	1/8	1	691
54	54	431/2	431/2	0.5	7/8	7/8	Chord	4/4	4	1	1/8	1/8	1	692
54	54	212	212	3.0	0	0	Chord	4/4	5	1	3/4	1/2	3/2	693
54	54	215	215	0.5	3/4	3/4	Chord	4/4	5	1	1/8	1/8	1	694
54	54	431/2	431/2	0.5	7/8	7/8	Chord	4/4	5	1	1/8	1/8	1	695
55	55	216	216	1.0	0	0	Chord	4/4	1	1	1/4	1/4	1	696
55	55	217	217	2.0	1/4	1/4	Chord	4/4	1	1	1/2	1/2	1	697
55	55	219	219	0.5	3/4	3/4	Chord	4/4	1	1	1/8	1/8	1	698
55	55	439/2	439/2	0.5	7/8	7/8	Chord	4/4	1	1	1/8	1/8	1	699
55	55	216	216	3.0	0	0	Chord	4/4	2	1	3/4	1/2	3/2	700
55	55	219	219	0.5	3/4	3/4	Chord	4/4	2	1	1/8	1/8	1	701
55	55	439/2	439/2	0.5	7/8	7/8	Chord	4/4	2	1	1/8	1/8	1	702
55	55	216	216	4.0	0	0	Chord	4/4	3	1	1	1	1	703
55	55	216	216	2.0	0	0	Chord	4/4	4	1	1/2	1/2	1	704
55	55	218	218	2.0	1/2	1/2	Chord	4/4	4	1	1/2	1/2	1	705
55	55	216	216	4.0	0	0	Chord	4/4	5	1	1	1	1	706
56	56	220	220	2.0	0	0	Chord	4/4	1	1	1/2	1/2	1	707
56	56	222	222	1.0	1/2	1/2	Chord	4/4	1	1	1/4	1/4	1	708
56	56	223	223	1.0	3/4	3/4	Chord	4/4	1	1	1/4	1/4	1	709
56	56	220	220	4.0	0	0	Chord	4/4	2	1	1	1	1	710
56	56	220	220	2.0	0	0	Chord	4/4	3	1	1/2	1/2	1	711
56	56	222	222	2.0	1/2	1/2	Chord	4/4	3	1	1/2	1/2	1	712
56	56	220	220	3.0	0	0	Chord	4/4	4	1	3/4	1/2	3/2	713
56	56	223	223	0.5	3/4	3/4	Chord	4/4	4	1	1/8	1/8	1	714
56	56	447/2	447/2	0.5	7/8	7/8	Chord	4/4	4	1	1/8	1/8	1	715
56	56	220	220	4.0	0	0	Chord	4/4	5	1	1	1	1	716
57	57	224	224	3.0	0	0	Chord	4/4	1	1	3/4	1/2	3/2	717
57	57	227	227	0.5	3/4	3/4	Chord	4/4	1	1	1/8	1/8	1	718
57	57	455/2	455/2	0.5	7/8	7/8	Chord	4/4	1	1	1/8	1/8	1	719
57	57	224	224	2.0	0	0	Chord	4/4	2	1	1/2	1/2	1	720
57	57	226	226	1.0	1/2	1/2	Chord	4/4	2	1	1/4	1/4	1	721
57	57	227	227	1.0	3/4	3/4	Chord	4/4	2	1	1/4	1/4	1	722
57	57	224	224	4.0	0	0	Chord	4/4	3	1	1	1	1	723
57	57	224	224	2.0	0	0	Chord	4/4	4	1	1/2	1/2	1	724
57	57	226	226	2.0	1/2	1/2	Chord	4/4	4	1	1/2	1/2	1	725
57	57	224	224	3.0	0	0	Chord	4/4	5	1	3/4	1/2	3/2	726
57	57	227	227	1.0	3/4	3/4	Chord	4/4	5	1	1/4	1/4	1	727
58	58	228	228	1.0	0	0	Chord	4/4	1	1	1/4	1/4	1	728
58	58	229	229	1.0	1/4	1/4	Chord	4/4	1	1	1/4	1/4	1	729
58	58	230	230	2.0	1/2	1/2	Chord	4/4	1	1	1/2	1/2	1	730
58	58	228	228	1.0	0	0	Chord	4/4	2	1	1/4	1/4	1	731
58	58	229	229	0.5	1/4	1/4	Chord	4/4	2	1	1/8	1/8	1	732
58	58	459/2	459/2	0.5	3/8	3/8	Chord	4/4	2	1	1/8	1/8	1	733
58	58	230	230	2.0	1/2	1/2	Chord	4/4	2	1	1/2	1/2	1	734
58	58	228	228	4.0	0	0	Chord	4/4	3	1	1	1	1	735
58	58	229	229	1.0	1/4	1/4	Chord	4/4	4	1	1/4	1/4	1	736
58	58	230	230	2.0	1/2	1/2	Chord	4/4	4	1	1/2	1/2	1	737
58	58	228	228	4.0	0	0	Chord	4/4	5	1	1	1	1	738
59	59	232	232	4.0	0	0	Chord	4/4	1	1	1	1	1	739
59	59	232	232	4.0	0	0	Chord	4/4	2	1	1	1	1	740
59	59	232	232	4.0	0	0	Chord	4/4	3	1	1	1	1	741
59	59	232	232	4.0	0	0	Chord	4/4	4	1	1	1	1	742
59	59	232	232	4.0	0	0	Chord	4/4	5	1	1	1	1	743
