mc	mn	quarterbeats	quarterbeats_all_endings	duration_qb	mc_onset	mn_onset	event	timesig	staff	voice	duration	nominal_duration	scalar	chord_id	tempo	qpm	metronome_base	metronome_number	tempo_visible
1	1	0	0	0.0	0	0	Tempo	4/4	1	1	0				ùÖü=104	104.0	ùÖü	104.0	0.0
1	1	3	3	1.0	3/4	3/4	Chord	4/4	2	1	1/4	1/4	1	0					
1	1	3	3	1.0	3/4	3/4	Chord	4/4	3	1	1/4	1/4	1	1					
1	1	1	1	1.0	1/4	1/4	Chord	4/4	4	1	1/4	1/4	1	2					
1	1	2	2	2.0	1/2	1/2	Chord	4/4	4	1	1/2	1/2	1	3					
1	1	3	3	1.0	3/4	3/4	Chord	4/4	5	1	1/4	1/4	1	4					
2	2	5	5	1.0	1/4	1/4	Chord	4/4	1	1	1/4	1/4	1	5					
2	2	6	6	2.0	1/2	1/2	Chord	4/4	1	1	1/2	1/2	1	6					
2	2	4	4	1.0	0	0	Chord	4/4	2	1	1/4	1/4	1	7					
2	2	5	5	1.0	1/4	1/4	Chord	4/4	2	1	1/4	1/4	1	8					
2	2	6	6	1.5	1/2	1/2	Chord	4/4	2	1	3/8	1/4	3/2	9					
2	2	15/2	15/2	0.5	7/8	7/8	Chord	4/4	2	1	1/8	1/8	1	10					
2	2	4	4	1.0	0	0	Chord	4/4	3	1	1/4	1/4	1	11					
2	2	5	5	1.0	1/4	1/4	Chord	4/4	3	1	1/4	1/4	1	12					
2	2	6	6	0.75	1/2	1/2	Chord	4/4	3	1	3/16	1/8	3/2	13					
2	2	27/4	27/4	0.25	11/16	11/16	Chord	4/4	3	1	1/16	1/16	1	14					
2	2	7	7	1.0	3/4	3/4	Chord	4/4	3	1	1/4	1/4	1	15					
2	2	4	4	2.0	0	0	Chord	4/4	4	1	1/2	1/2	1	16					
2	2	6	6	2.0	1/2	1/2	Chord	4/4	4	1	1/2	1/2	1	17					
2	2	4	4	1.0	0	0	Chord	4/4	5	1	1/4	1/4	1	18					
2	2	5	5	1.0	1/4	1/4	Chord	4/4	5	1	1/4	1/4	1	19					
2	2	6	6	2.0	1/2	1/2	Chord	4/4	5	1	1/2	1/2	1	20					
3	3	8	8	3.0	0	0	Chord	4/4	1	1	3/4	1/2	3/2	21					
3	3	11	11	0.5	3/4	3/4	Chord	4/4	1	1	1/8	1/8	1	22					
3	3	23/2	23/2	0.5	7/8	7/8	Chord	4/4	1	1	1/8	1/8	1	23					
3	3	8	8	2.0	0	0	Chord	4/4	2	1	1/2	1/2	1	24					
3	3	10	10	2.0	1/2	1/2	Chord	4/4	2	1	1/2	1/2	1	25					
3	3	8	8	1.0	0	0	Chord	4/4	3	1	1/4	1/4	1	26					
3	3	9	9	1.0	1/4	1/4	Chord	4/4	3	1	1/4	1/4	1	27					
3	3	10	10	2.0	1/2	1/2	Chord	4/4	3	1	1/2	1/2	1	28					
3	3	8	8	1.0	0	0	Chord	4/4	4	1	1/4	1/4	1	29					
3	3	9	9	1.0	1/4	1/4	Chord	4/4	4	1	1/4	1/4	1	30					
3	3	10	10	2.0	1/2	1/2	Chord	4/4	4	1	1/2	1/2	1	31					
3	3	8	8	1.0	0	0	Chord	4/4	5	1	1/4	1/4	1	32					
3	3	9	9	1.0	1/4	1/4	Chord	4/4	5	1	1/4	1/4	1	33					
3	3	10	10	2.0	1/2	1/2	Chord	4/4	5	1	1/2	1/2	1	34					
4	4	12	12	4.0	0	0	Chord	4/4	1	1	1	1	1	35					
4	4	12	12	2.0	0	0	Chord	4/4	2	1	1/2	1/2	1	36					
4	4	14	14	2.0	1/2	1/2	Chord	4/4	2	1	1/2	1/2	1	37					
4	4	12	12	4.0	0	0	Chord	4/4	3	1	1	1	1	38					
4	4	12	12	1.5	0	0	Chord	4/4	4	1	3/8	1/4	3/2	39					
4	4	27/2	27/2	0.5	3/8	3/8	Chord	4/4	4	1	1/8	1/8	1	40					
4	4	14	14	2.0	1/2	1/2	Chord	4/4	4	1	1/2	1/2	1	41					
4	4	12	12	4.0	0	0	Chord	4/4	5	1	1	1	1	42					
5	5	16	16	2.0	0	0	Chord	4/4	1	1	1/2	1/2	1	43					
5	5	19	19	1.0	3/4	3/4	Chord	4/4	1	1	1/4	1/4	1	44					
5	5	16	16	2.0	0	0	Chord	4/4	2	1	1/2	1/2	1	45					
5	5	19	19	1.0	3/4	3/4	Chord	4/4	2	1	1/4	1/4	1	46					
5	5	16	16	2.0	0	0	Chord	4/4	3	1	1/2	1/2	1	47					
5	5	19	19	1.0	3/4	3/4	Chord	4/4	3	1	1/4	1/4	1	48					
5	5	16	16	2.0	0	0	Chord	4/4	4	1	1/2	1/2	1	49					
5	5	19	19	1.0	3/4	3/4	Chord	4/4	4	1	1/4	1/4	1	50					
5	5	16	16	2.0	0	0	Chord	4/4	5	1	1/2	1/2	1	51					
5	5	19	19	1.0	3/4	3/4	Chord	4/4	5	1	1/4	1/4	1	52					
6	6	20	20	1.5	0	0	Chord	4/4	1	1	3/8	1/4	3/2	53					
6	6	43/2	43/2	0.5	3/8	3/8	Chord	4/4	1	1	1/8	1/8	1	54					
6	6	22	22	1.0	1/2	1/2	Chord	4/4	1	1	1/4	1/4	1	55					
6	6	23	23	1.0	3/4	3/4	Chord	4/4	1	1	1/4	1/4	1	56					
6	6	20	20	1.0	0	0	Chord	4/4	2	1	1/4	1/4	1	57					
6	6	21	21	1.0	1/4	1/4	Chord	4/4	2	1	1/4	1/4	1	58					
6	6	22	22	1.0	1/2	1/2	Chord	4/4	2	1	1/4	1/4	1	59					
6	6	23	23	1.0	3/4	3/4	Chord	4/4	2	1	1/4	1/4	1	60					
6	6	20	20	1.0	0	0	Chord	4/4	3	1	1/4	1/4	1	61					
6	6	21	21	1.0	1/4	1/4	Chord	4/4	3	1	1/4	1/4	1	62					
6	6	22	22	1.0	1/2	1/2	Chord	4/4	3	1	1/4	1/4	1	63					
6	6	23	23	1.0	3/4	3/4	Chord	4/4	3	1	1/4	1/4	1	64					
6	6	20	20	1.5	0	0	Chord	4/4	4	1	3/8	1/4	3/2	65					
6	6	43/2	43/2	0.5	3/8	3/8	Chord	4/4	4	1	1/8	1/8	1	66					
6	6	22	22	1.0	1/2	1/2	Chord	4/4	4	1	1/4	1/4	1	67					
6	6	23	23	1.0	3/4	3/4	Chord	4/4	4	1	1/4	1/4	1	68					
6	6	20	20	1.0	0	0	Chord	4/4	5	1	1/4	1/4	1	69					
6	6	21	21	1.0	1/4	1/4	Chord	4/4	5	1	1/4	1/4	1	70					
6	6	22	22	1.0	1/2	1/2	Chord	4/4	5	1	1/4	1/4	1	71					
6	6	23	23	1.0	3/4	3/4	Chord	4/4	5	1	1/4	1/4	1	72					
7	7	24	24	1.5	0	0	Chord	4/4	1	1	3/8	1/4	3/2	73					
7	7	51/2	51/2	0.5	3/8	3/8	Chord	4/4	1	1	1/8	1/8	1	74					
7	7	26	26	1.5	1/2	1/2	Chord	4/4	1	1	3/8	1/4	3/2	75					
7	7	55/2	55/2	0.5	7/8	7/8	Chord	4/4	1	1	1/8	1/8	1	76					
7	7	24	24	1.5	0	0	Chord	4/4	2	1	3/8	1/4	3/2	77					
7	7	51/2	51/2	0.5	3/8	3/8	Chord	4/4	2	1	1/8	1/8	1	78					
7	7	26	26	1.5	1/2	1/2	Chord	4/4	2	1	3/8	1/4	3/2	79					
7	7	55/2	55/2	0.5	7/8	7/8	Chord	4/4	2	1	1/8	1/8	1	80					
7	7	24	24	1.5	0	0	Chord	4/4	3	1	3/8	1/4	3/2	81					
7	7	51/2	51/2	0.5	3/8	3/8	Chord	4/4	3	1	1/8	1/8	1	82					
7	7	26	26	1.0	1/2	1/2	Chord	4/4	3	1	1/4	1/4	1	83					
7	7	27	27	1.0	3/4	3/4	Chord	4/4	3	1	1/4	1/4	1	84					
7	7	24	24	1.0	0	0	Chord	4/4	4	1	1/4	1/4	1	85					
7	7	25	25	1.0	1/4	1/4	Chord	4/4	4	1	1/4	1/4	1	86					
7	7	26	26	1.0	1/2	1/2	Chord	4/4	4	1	1/4	1/4	1	87					
7	7	27	27	1.0	3/4	3/4	Chord	4/4	4	1	1/4	1/4	1	88					
7	7	24	24	1.0	0	0	Chord	4/4	5	1	1/4	1/4	1	89					
7	7	25	25	1.0	1/4	1/4	Chord	4/4	5	1	1/4	1/4	1	90					
7	7	26	26	1.0	1/2	1/2	Chord	4/4	5	1	1/4	1/4	1	91					
7	7	27	27	1.0	3/4	3/4	Chord	4/4	5	1	1/4	1/4	1	92					
8	8	28	28	2.0	0	0	Chord	4/4	1	1	1/2	1/2	1	93					
8	8	30	30	1.0	1/2	1/2	Chord	4/4	1	1	1/4	1/4	1	94					
8	8	31	31	1.0	3/4	3/4	Chord	4/4	1	1	1/4	1/4	1	95					
8	8	28	28	2.0	0	0	Chord	4/4	2	1	1/2	1/2	1	96					
8	8	30	30	2.0	1/2	1/2	Chord	4/4	2	1	1/2	1/2	1	97					
8	8	28	28	2.0	0	0	Chord	4/4	3	1	1/2	1/2	1	98					
8	8	30	30	2.0	1/2	1/2	Chord	4/4	3	1	1/2	1/2	1	99					
8	8	28	28	2.0	0	0	Chord	4/4	4	1	1/2	1/2	1	100					
8	8	30	30	2.0	1/2	1/2	Chord	4/4	4	1	1/2	1/2	1	101					
8	8	28	28	2.0	0	0	Chord	4/4	5	1	1/2	1/2	1	102					
8	8	30	30	2.0	1/2	1/2	Chord	4/4	5	1	1/2	1/2	1	103					
9	9	32	32	4.0	0	0	Chord	4/4	1	1	1	1	1	104					
9	9	32	32	1.0	0	0	Chord	4/4	2	1	1/4	1/4	1	105					
9	9	33	33	0.5	1/4	1/4	Chord	4/4	2	1	1/8	1/8	1	106					
9	9	67/2	67/2	0.5	3/8	3/8	Chord	4/4	2	1	1/8	1/8	1	107					
9	9	34	34	1.0	1/2	1/2	Chord	4/4	2	1	1/4	1/4	1	108					
9	9	35	35	1.0	3/4	3/4	Chord	4/4	2	1	1/4	1/4	1	109					
9	9	32	32	1.0	0	0	Chord	4/4	5	1	1/4	1/4	1	110					
9	9	33	33	0.5	1/4	1/4	Chord	4/4	5	1	1/8	1/8	1	111					
9	9	67/2	67/2	0.5	3/8	3/8	Chord	4/4	5	1	1/8	1/8	1	112					
9	9	34	34	1.0	1/2	1/2	Chord	4/4	5	1	1/4	1/4	1	113					
9	9	35	35	1.0	3/4	3/4	Chord	4/4	5	1	1/4	1/4	1	114					
10	10	36	36	1.0	0	0	Chord	4/4	1	1	1/4	1/4	1	115					
10	10	37	37	0.5	1/4	1/4	Chord	4/4	1	1	1/8	1/8	1	116					
10	10	75/2	75/2	0.5	3/8	3/8	Chord	4/4	1	1	1/8	1/8	1	117					
10	10	38	38	2.0	1/2	1/2	Chord	4/4	1	1	1/2	1/2	1	118					
10	10	36	36	4.0	0	0	Chord	4/4	2	1	1	1	1	119					
10	10	36	36	3.0	0	0	Chord	4/4	3	1	3/4	1/2	3/2	120					
10	10	39	39	0.5	3/4	3/4	Chord	4/4	3	1	1/8	1/8	1	121					
10	10	79/2	79/2	0.5	7/8	7/8	Chord	4/4	3	1	1/8	1/8	1	122					
10	10	36	36	4.0	0	0	Chord	4/4	5	1	1	1	1	123					
11	11	40	40	1.0	0	0	Chord	4/4	1	1	1/4	1/4	1	124					
11	11	41	41	1.0	1/4	1/4	Chord	4/4	1	1	1/4	1/4	1	125					
11	11	42	42	2.0	1/2	1/2	Chord	4/4	1	1	1/2	1/2	1	126					
11	11	40	40	2.0	0	0	Chord	4/4	2	1	1/2	1/2	1	127					
11	11	42	42	2.0	1/2	1/2	Chord	4/4	2	1	1/2	1/2	1	128					
11	11	40	40	3.0	0	0	Chord	4/4	3	1	3/4	1/2	3/2	129					
11	11	43	43	1.0	3/4	3/4	Chord	4/4	3	1	1/4	1/4	1	130					
11	11	40	40	2.0	0	0	Chord	4/4	4	1	1/2	1/2	1	131					
11	11	42	42	2.0	1/2	1/2	Chord	4/4	4	1	1/2	1/2	1	132					
11	11	40	40	2.0	0	0	Chord	4/4	5	1	1/2	1/2	1	133					
11	11	42	42	2.0	1/2	1/2	Chord	4/4	5	1	1/2	1/2	1	134					
12	12	44	44	1.0	0	0	Chord	4/4	1	1	1/4	1/4	1	135					
12	12	45	45	2.0	1/4	1/4	Chord	4/4	1	1	1/2	1/2	1	136					
12	12	47	47	1.0	3/4	3/4	Chord	4/4	1	1	1/4	1/4	1	137					
12	12	44	44	3.0	0	0	Chord	4/4	2	1	3/4	1/2	3/2	138					
12	12	47	47	1.0	3/4	3/4	Chord	4/4	2	1	1/4	1/4	1	139					
12	12	44	44	2.0	0	0	Chord	4/4	3	1	1/2	1/2	1	140					
12	12	46	46	2.0	1/2	1/2	Chord	4/4	3	1	1/2	1/2	1	141					
12	12	44	44	2.0	0	0	Chord	4/4	4	1	1/2	1/2	1	142					
12	12	46	46	1.5	1/2	1/2	Chord	4/4	4	1	3/8	1/4	3/2	143					
12	12	95/2	95/2	0.5	7/8	7/8	Chord	4/4	4	1	1/8	1/8	1	144					
12	12	44	44	2.0	0	0	Chord	4/4	5	1	1/2	1/2	1	145					
12	12	46	46	2.0	1/2	1/2	Chord	4/4	5	1	1/2	1/2	1	146					
13	13	48	48	1.0	0	0	Chord	4/4	1	1	1/4	1/4	1	147					
13	13	49	49	1.0	1/4	1/4	Chord	4/4	1	1	1/4	1/4	1	148					
13	13	50	50	2.0	1/2	1/2	Chord	4/4	1	1	1/2	1/2	1	149					
13	13	48	48	1.0	0	0	Chord	4/4	2	1	1/4	1/4	1	150					
13	13	49	49	2.0	1/4	1/4	Chord	4/4	2	1	1/2	1/2	1	151					
13	13	51	51	1.0	3/4	3/4	Chord	4/4	2	1	1/4	1/4	1	152					
13	13	48	48	1.0	0	0	Chord	4/4	3	1	1/4	1/4	1	153					
13	13	49	49	1.0	1/4	1/4	Chord	4/4	3	1	1/4	1/4	1	154					
13	13	50	50	1.0	1/2	1/2	Chord	4/4	3	1	1/4	1/4	1	155					
13	13	51	51	1.0	3/4	3/4	Chord	4/4	3	1	1/4	1/4	1	156					
13	13	48	48	1.0	0	0	Chord	4/4	4	1	1/4	1/4	1	157					
13	13	49	49	1.0	1/4	1/4	Chord	4/4	4	1	1/4	1/4	1	158					
13	13	50	50	2.0	1/2	1/2	Chord	4/4	4	1	1/2	1/2	1	159					
13	13	48	48	4.0	0	0	Chord	4/4	5	1	1	1	1	160					
14	14	52	52	4.0	0	0	Chord	4/4	1	1	1	1	1	161					
14	14	52	52	4.0	0	0	Chord	4/4	2	1	1	1	1	162					
14	14	52	52	4.0	0	0	Chord	4/4	3	1	1	1	1	163					
14	14	52	52	4.0	0	0	Chord	4/4	4	1	1	1	1	164					
14	14	52	52	4.0	0	0	Chord	4/4	5	1	1	1	1	165					
15	15	57	57	1.0	1/4	1/4	Chord	4/4	1	1	1/4	1/4	1	166					
15	15	58	58	1.0	1/2	1/2	Chord	4/4	1	1	1/4	1/4	1	167					
15	15	59	59	1.0	3/4	3/4	Chord	4/4	1	1	1/4	1/4	1	168					
15	15	57	57	1.0	1/4	1/4	Chord	4/4	3	1	1/4	1/4	1	169					
15	15	58	58	1.0	1/2	1/2	Chord	4/4	3	1	1/4	1/4	1	170					
15	15	59	59	1.0	3/4	3/4	Chord	4/4	3	1	1/4	1/4	1	171					
15	15	57	57	1.0	1/4	1/4	Chord	4/4	4	1	1/4	1/4	1	172					
15	15	58	58	1.0	1/2	1/2	Chord	4/4	4	1	1/4	1/4	1	173					
15	15	59	59	1.0	3/4	3/4	Chord	4/4	4	1	1/4	1/4	1	174					
16	16	60	60	0.5	0	0	Chord	4/4	1	1	1/8	1/8	1	175					
16	16	121/2	121/2	0.5	1/8	1/8	Chord	4/4	1	1	1/8	1/8	1	176					
16	16	61	61	1.0	1/4	1/4	Chord	4/4	1	1	1/4	1/4	1	177					
16	16	62	62	1.0	1/2	1/2	Chord	4/4	1	1	1/4	1/4	1	178					
16	16	63	63	1.0	3/4	3/4	Chord	4/4	1	1	1/4	1/4	1	179					
16	16	60	60	0.5	0	0	Chord	4/4	3	1	1/8	1/8	1	180					
16	16	121/2	121/2	0.5	1/8	1/8	Chord	4/4	3	1	1/8	1/8	1	181					
16	16	61	61	1.0	1/4	1/4	Chord	4/4	3	1	1/4	1/4	1	182					
16	16	62	62	1.0	1/2	1/2	Chord	4/4	3	1	1/4	1/4	1	183					
16	16	63	63	1.0	3/4	3/4	Chord	4/4	3	1	1/4	1/4	1	184					
16	16	60	60	0.5	0	0	Chord	4/4	4	1	1/8	1/8	1	185					
16	16	121/2	121/2	0.5	1/8	1/8	Chord	4/4	4	1	1/8	1/8	1	186					
16	16	61	61	1.0	1/4	1/4	Chord	4/4	4	1	1/4	1/4	1	187					
16	16	62	62	1.0	1/2	1/2	Chord	4/4	4	1	1/4	1/4	1	188					
16	16	63	63	1.0	3/4	3/4	Chord	4/4	4	1	1/4	1/4	1	189					
17	17	64	64	0.5	0	0	Chord	4/4	1	1	1/8	1/8	1	190					
17	17	129/2	129/2	0.5	1/8	1/8	Chord	4/4	1	1	1/8	1/8	1	191					
17	17	65	65	1.0	1/4	1/4	Chord	4/4	1	1	1/4	1/4	1	192					
17	17	66	66	2.0	1/2	1/2	Chord	4/4	1	1	1/2	1/2	1	193					
17	17	64	64	0.5	0	0	Chord	4/4	3	1	1/8	1/8	1	194					
17	17	129/2	129/2	0.5	1/8	1/8	Chord	4/4	3	1	1/8	1/8	1	195					
17	17	65	65	1.0	1/4	1/4	Chord	4/4	3	1	1/4	1/4	1	196					
17	17	66	66	2.0	1/2	1/2	Chord	4/4	3	1	1/2	1/2	1	197					
17	17	64	64	0.5	0	0	Chord	4/4	4	1	1/8	1/8	1	198					
17	17	129/2	129/2	0.5	1/8	1/8	Chord	4/4	4	1	1/8	1/8	1	199					
17	17	65	65	1.0	1/4	1/4	Chord	4/4	4	1	1/4	1/4	1	200					
17	17	66	66	2.0	1/2	1/2	Chord	4/4	4	1	1/2	1/2	1	201					
18	18	68	68	1.0	0	0	Chord	4/4	1	1	1/4	1/4	1	202					
18	18	69	69	1.0	1/4	1/4	Chord	4/4	1	1	1/4	1/4	1	203					
18	18	71	71	0.5	3/4	3/4	Chord	4/4	1	1	1/8	1/8	1	204					
18	18	143/2	143/2	0.5	7/8	7/8	Chord	4/4	1	1	1/8	1/8	1	205					
18	18	68	68	1.0	0	0	Chord	4/4	3	1	1/4	1/4	1	206					
18	18	69	69	1.0	1/4	1/4	Chord	4/4	3	1	1/4	1/4	1	207					
18	18	70	70	0.5	1/2	1/2	Chord	4/4	3	1	1/8	1/8	1	208					
18	18	141/2	141/2	0.5	5/8	5/8	Chord	4/4	3	1	1/8	1/8	1	209					
18	18	71	71	1.0	3/4	3/4	Chord	4/4	3	1	1/4	1/4	1	210					
18	18	68	68	1.0	0	0	Chord	4/4	4	1	1/4	1/4	1	211					
18	18	69	69	1.0	1/4	1/4	Chord	4/4	4	1	1/4	1/4	1	212					
18	18	70	70	0.5	1/2	1/2	Chord	4/4	4	1	1/8	1/8	1	213					
18	18	141/2	141/2	0.5	5/8	5/8	Chord	4/4	4	1	1/8	1/8	1	214					
18	18	71	71	1.0	3/4	3/4	Chord	4/4	4	1	1/4	1/4	1	215					
19	19	72	72	3.0	0	0	Chord	4/4	1	1	3/4	1/2	3/2	216					
19	19	75	75	0.5	3/4	3/4	Chord	4/4	1	1	1/8	1/8	1	217					
19	19	151/2	151/2	0.5	7/8	7/8	Chord	4/4	1	1	1/8	1/8	1	218					
19	19	72	72	1.0	0	0	Chord	4/4	3	1	1/4	1/4	1	219					
19	19	73	73	0.5	1/4	1/4	Chord	4/4	3	1	1/8	1/8	1	220					
19	19	147/2	147/2	0.5	3/8	3/8	Chord	4/4	3	1	1/8	1/8	1	221					
19	19	74	74	2.0	1/2	1/2	Chord	4/4	3	1	1/2	1/2	1	222					
19	19	72	72	1.0	0	0	Chord	4/4	4	1	1/4	1/4	1	223					
19	19	73	73	0.5	1/4	1/4	Chord	4/4	4	1	1/8	1/8	1	224					
19	19	147/2	147/2	0.5	3/8	3/8	Chord	4/4	4	1	1/8	1/8	1	225					
19	19	74	74	2.0	1/2	1/2	Chord	4/4	4	1	1/2	1/2	1	226					
20	20	76	76	1.5	0	0	Chord	4/4	1	1	3/8	1/4	3/2	227					
20	20	155/2	155/2	0.5	3/8	3/8	Chord	4/4	1	1	1/8	1/8	1	228					
20	20	78	78	1.0	1/2	1/2	Chord	4/4	1	1	1/4	1/4	1	229					
20	20	79	79	1.0	3/4	3/4	Chord	4/4	1	1	1/4	1/4	1	230					
20	20	76	76	1.0	0	0	Chord	4/4	3	1	1/4	1/4	1	231					
20	20	77	77	1.0	1/4	1/4	Chord	4/4	3	1	1/4	1/4	1	232					
20	20	78	78	1.0	1/2	1/2	Chord	4/4	3	1	1/4	1/4	1	233					
20	20	79	79	1.0	3/4	3/4	Chord	4/4	3	1	1/4	1/4	1	234					
20	20	76	76	1.0	0	0	Chord	4/4	4	1	1/4	1/4	1	235					
20	20	77	77	1.0	1/4	1/4	Chord	4/4	4	1	1/4	1/4	1	236					
20	20	78	78	1.0	1/2	1/2	Chord	4/4	4	1	1/4	1/4	1	237					
20	20	79	79	1.0	3/4	3/4	Chord	4/4	4	1	1/4	1/4	1	238					
21	21	80	80	3.0	0	0	Chord	4/4	1	1	3/4	1/2	3/2	239					
21	21	83	83	1.0	3/4	3/4	Chord	4/4	1	1	1/4	1/4	1	240					
21	21	80	80	3.0	0	0	Chord	4/4	3	1	3/4	1/2	3/2	241					
21	21	83	83	1.0	3/4	3/4	Chord	4/4	3	1	1/4	1/4	1	242					
21	21	80	80	3.0	0	0	Chord	4/4	4	1	3/4	1/2	3/2	243					
21	21	83	83	1.0	3/4	3/4	Chord	4/4	4	1	1/4	1/4	1	244					
22	22	85	85	1.5	1/4	1/4	Chord	4/4	1	1	3/8	1/4	3/2	245					
22	22	173/2	173/2	0.5	5/8	5/8	Chord	4/4	1	1	1/8	1/8	1	246					
22	22	87	87	1.0	3/4	3/4	Chord	4/4	1	1	1/4	1/4	1	247					
22	22	85	85	1.5	1/4	1/4	Chord	4/4	3	1	3/8	1/4	3/2	248					
22	22	173/2	173/2	0.5	5/8	5/8	Chord	4/4	3	1	1/8	1/8	1	249					
22	22	87	87	1.0	3/4	3/4	Chord	4/4	3	1	1/4	1/4	1	250					
23	23	88	88	1.0	0	0	Chord	4/4	1	1	1/4	1/4	1	251					
23	23	89	89	1.0	1/4	1/4	Chord	4/4	1	1	1/4	1/4	1	252					
23	23	90	90	2.0	1/2	1/2	Chord	4/4	1	1	1/2	1/2	1	253					
23	23	88	88	1.0	0	0	Chord	4/4	3	1	1/4	1/4	1	254					
23	23	89	89	1.0	1/4	1/4	Chord	4/4	3	1	1/4	1/4	1	255					
23	23	90	90	2.0	1/2	1/2	Chord	4/4	3	1	1/2	1/2	1	256					
24	24	92	92	1.0	0	0	Chord	4/4	1	1	1/4	1/4	1	257					
24	24	93	93	1.5	1/4	1/4	Chord	4/4	1	1	3/8	1/4	3/2	258					
24	24	189/2	189/2	0.5	5/8	5/8	Chord	4/4	1	1	1/8	1/8	1	259					
24	24	95	95	1.0	3/4	3/4	Chord	4/4	1	1	1/4	1/4	1	260					
24	24	92	92	1.0	0	0	Chord	4/4	3	1	1/4	1/4	1	261					
24	24	93	93	1.5	1/4	1/4	Chord	4/4	3	1	3/8	1/4	3/2	262					
24	24	189/2	189/2	0.5	5/8	5/8	Chord	4/4	3	1	1/8	1/8	1	263					
24	24	95	95	1.0	3/4	3/4	Chord	4/4	3	1	1/4	1/4	1	264					
24	24	93	93	1.5	1/4	1/4	Chord	4/4	4	1	3/8	1/4	3/2	265					
24	24	189/2	189/2	0.5	5/8	5/8	Chord	4/4	4	1	1/8	1/8	1	266					
24	24	95	95	1.0	3/4	3/4	Chord	4/4	4	1	1/4	1/4	1	267					
25	25	96	96	1.0	0	0	Chord	4/4	1	1	1/4	1/4	1	268					
25	25	97	97	1.0	1/4	1/4	Chord	4/4	1	1	1/4	1/4	1	269					
25	25	98	98	0.5	1/2	1/2	Chord	4/4	1	1	1/8	1/8	1	270					
25	25	197/2	197/2	0.5	5/8	5/8	Chord	4/4	1	1	1/8	1/8	1	271					
25	25	99	99	1.0	3/4	3/4	Chord	4/4	1	1	1/4	1/4	1	272					
25	25	96	96	1.0	0	0	Chord	4/4	3	1	1/4	1/4	1	273					
25	25	97	97	1.0	1/4	1/4	Chord	4/4	3	1	1/4	1/4	1	274					
25	25	98	98	0.5	1/2	1/2	Chord	4/4	3	1	1/8	1/8	1	275					
25	25	197/2	197/2	0.5	5/8	5/8	Chord	4/4	3	1	1/8	1/8	1	276					
25	25	99	99	1.0	3/4	3/4	Chord	4/4	3	1	1/4	1/4	1	277					
25	25	96	96	1.0	0	0	Chord	4/4	4	1	1/4	1/4	1	278					
25	25	97	97	1.0	1/4	1/4	Chord	4/4	4	1	1/4	1/4	1	279					
25	25	98	98	0.5	1/2	1/2	Chord	4/4	4	1	1/8	1/8	1	280					
25	25	197/2	197/2	0.5	5/8	5/8	Chord	4/4	4	1	1/8	1/8	1	281					
25	25	99	99	1.0	3/4	3/4	Chord	4/4	4	1	1/4	1/4	1	282					
26	26	100	100	1.0	0	0	Chord	4/4	1	1	1/4	1/4	1	283					
26	26	101	101	0.5	1/4	1/4	Chord	4/4	1	1	1/8	1/8	1	284					
26	26	203/2	203/2	0.5	3/8	3/8	Chord	4/4	1	1	1/8	1/8	1	285					
26	26	102	102	1.0	1/2	1/2	Chord	4/4	1	1	1/4	1/4	1	286					
26	26	103	103	1.0	3/4	3/4	Chord	4/4	1	1	1/4	1/4	1	287					
26	26	100	100	1.0	0	0	Chord	4/4	3	1	1/4	1/4	1	288					
26	26	101	101	0.5	1/4	1/4	Chord	4/4	3	1	1/8	1/8	1	289					
26	26	203/2	203/2	0.5	3/8	3/8	Chord	4/4	3	1	1/8	1/8	1	290					
26	26	102	102	1.0	1/2	1/2	Chord	4/4	3	1	1/4	1/4	1	291					
26	26	103	103	1.0	3/4	3/4	Chord	4/4	3	1	1/4	1/4	1	292					
26	26	100	100	1.0	0	0	Chord	4/4	4	1	1/4	1/4	1	293					
26	26	101	101	0.5	1/4	1/4	Chord	4/4	4	1	1/8	1/8	1	294					
26	26	203/2	203/2	0.5	3/8	3/8	Chord	4/4	4	1	1/8	1/8	1	295					
26	26	102	102	1.0	1/2	1/2	Chord	4/4	4	1	1/4	1/4	1	296					
26	26	103	103	1.0	3/4	3/4	Chord	4/4	4	1	1/4	1/4	1	297					
27	27	105	105	1.0	1/4	1/4	Chord	4/4	1	1	1/4	1/4	1	298					
27	27	106	106	1.0	1/2	1/2	Chord	4/4	1	1	1/4	1/4	1	299					
27	27	107	107	1.0	3/4	3/4	Chord	4/4	1	1	1/4	1/4	1	300					
27	27	105	105	1.0	1/4	1/4	Chord	4/4	2	1	1/4	1/4	1	301					
27	27	106	106	1.0	1/2	1/2	Chord	4/4	2	1	1/4	1/4	1	302					
27	27	107	107	1.0	3/4	3/4	Chord	4/4	2	1	1/4	1/4	1	303					
27	27	105	105	1.0	1/4	1/4	Chord	4/4	3	1	1/4	1/4	1	304					
27	27	106	106	1.0	1/2	1/2	Chord	4/4	3	1	1/4	1/4	1	305					
27	27	107	107	1.0	3/4	3/4	Chord	4/4	3	1	1/4	1/4	1	306					
27	27	105	105	1.0	1/4	1/4	Chord	4/4	4	1	1/4	1/4	1	307					
27	27	106	106	1.0	1/2	1/2	Chord	4/4	4	1	1/4	1/4	1	308					
27	27	107	107	1.0	3/4	3/4	Chord	4/4	4	1	1/4	1/4	1	309					
27	27	105	105	1.0	1/4	1/4	Chord	4/4	5	1	1/4	1/4	1	310					
27	27	106	106	1.0	1/2	1/2	Chord	4/4	5	1	1/4	1/4	1	311					
27	27	107	107	1.0	3/4	3/4	Chord	4/4	5	1	1/4	1/4	1	312					
28	28	108	108	0.5	0	0	Chord	4/4	1	1	1/8	1/8	1	313					
28	28	217/2	217/2	0.5	1/8	1/8	Chord	4/4	1	1	1/8	1/8	1	314					
28	28	109	109	1.0	1/4	1/4	Chord	4/4	1	1	1/4	1/4	1	315					
28	28	110	110	1.0	1/2	1/2	Chord	4/4	1	1	1/4	1/4	1	316					
28	28	111	111	1.0	3/4	3/4	Chord	4/4	1	1	1/4	1/4	1	317					
28	28	108	108	0.5	0	0	Chord	4/4	2	1	1/8	1/8	1	318					
28	28	217/2	217/2	0.5	1/8	1/8	Chord	4/4	2	1	1/8	1/8	1	319					
28	28	109	109	1.0	1/4	1/4	Chord	4/4	2	1	1/4	1/4	1	320					
28	28	110	110	1.0	1/2	1/2	Chord	4/4	2	1	1/4	1/4	1	321					
28	28	111	111	1.0	3/4	3/4	Chord	4/4	2	1	1/4	1/4	1	322					
28	28	108	108	0.5	0	0	Chord	4/4	3	1	1/8	1/8	1	323					
28	28	217/2	217/2	0.5	1/8	1/8	Chord	4/4	3	1	1/8	1/8	1	324					
28	28	109	109	1.0	1/4	1/4	Chord	4/4	3	1	1/4	1/4	1	325					
28	28	110	110	1.0	1/2	1/2	Chord	4/4	3	1	1/4	1/4	1	326					
28	28	111	111	1.0	3/4	3/4	Chord	4/4	3	1	1/4	1/4	1	327					
28	28	108	108	0.5	0	0	Chord	4/4	4	1	1/8	1/8	1	328					
28	28	217/2	217/2	0.5	1/8	1/8	Chord	4/4	4	1	1/8	1/8	1	329					
28	28	109	109	1.0	1/4	1/4	Chord	4/4	4	1	1/4	1/4	1	330					
28	28	110	110	1.0	1/2	1/2	Chord	4/4	4	1	1/4	1/4	1	331					
28	28	111	111	1.0	3/4	3/4	Chord	4/4	4	1	1/4	1/4	1	332					
28	28	108	108	0.5	0	0	Chord	4/4	5	1	1/8	1/8	1	333					
28	28	217/2	217/2	0.5	1/8	1/8	Chord	4/4	5	1	1/8	1/8	1	334					
28	28	109	109	1.0	1/4	1/4	Chord	4/4	5	1	1/4	1/4	1	335					
28	28	110	110	1.0	1/2	1/2	Chord	4/4	5	1	1/4	1/4	1	336					
28	28	111	111	1.0	3/4	3/4	Chord	4/4	5	1	1/4	1/4	1	337					
29	29	112	112	0.5	0	0	Chord	4/4	1	1	1/8	1/8	1	338					
29	29	225/2	225/2	0.5	1/8	1/8	Chord	4/4	1	1	1/8	1/8	1	339					
29	29	113	113	1.0	1/4	1/4	Chord	4/4	1	1	1/4	1/4	1	340					
29	29	114	114	2.0	1/2	1/2	Chord	4/4	1	1	1/2	1/2	1	341					
29	29	112	112	0.5	0	0	Chord	4/4	2	1	1/8	1/8	1	342					
29	29	225/2	225/2	0.5	1/8	1/8	Chord	4/4	2	1	1/8	1/8	1	343					
29	29	113	113	1.0	1/4	1/4	Chord	4/4	2	1	1/4	1/4	1	344					
29	29	114	114	2.0	1/2	1/2	Chord	4/4	2	1	1/2	1/2	1	345					
29	29	112	112	0.5	0	0	Chord	4/4	3	1	1/8	1/8	1	346					
29	29	225/2	225/2	0.5	1/8	1/8	Chord	4/4	3	1	1/8	1/8	1	347					
29	29	113	113	1.0	1/4	1/4	Chord	4/4	3	1	1/4	1/4	1	348					
29	29	114	114	2.0	1/2	1/2	Chord	4/4	3	1	1/2	1/2	1	349					
29	29	112	112	0.5	0	0	Chord	4/4	4	1	1/8	1/8	1	350					
29	29	225/2	225/2	0.5	1/8	1/8	Chord	4/4	4	1	1/8	1/8	1	351					
29	29	113	113	1.0	1/4	1/4	Chord	4/4	4	1	1/4	1/4	1	352					
29	29	114	114	2.0	1/2	1/2	Chord	4/4	4	1	1/2	1/2	1	353					
29	29	112	112	0.5	0	0	Chord	4/4	5	1	1/8	1/8	1	354					
29	29	225/2	225/2	0.5	1/8	1/8	Chord	4/4	5	1	1/8	1/8	1	355					
29	29	113	113	1.0	1/4	1/4	Chord	4/4	5	1	1/4	1/4	1	356					
29	29	114	114	2.0	1/2	1/2	Chord	4/4	5	1	1/2	1/2	1	357					
30	30	116	116	1.0	0	0	Chord	4/4	1	1	1/4	1/4	1	358					
30	30	117	117	1.0	1/4	1/4	Chord	4/4	1	1	1/4	1/4	1	359					
30	30	119	119	0.5	3/4	3/4	Chord	4/4	1	1	1/8	1/8	1	360					
30	30	239/2	239/2	0.5	7/8	7/8	Chord	4/4	1	1	1/8	1/8	1	361					
30	30	116	116	1.0	0	0	Chord	4/4	2	1	1/4	1/4	1	362					
30	30	117	117	1.0	1/4	1/4	Chord	4/4	2	1	1/4	1/4	1	363					
30	30	119	119	0.5	3/4	3/4	Chord	4/4	2	1	1/8	1/8	1	364					
30	30	239/2	239/2	0.5	7/8	7/8	Chord	4/4	2	1	1/8	1/8	1	365					
30	30	116	116	1.0	0	0	Chord	4/4	3	1	1/4	1/4	1	366					
30	30	117	117	1.0	1/4	1/4	Chord	4/4	3	1	1/4	1/4	1	367					
30	30	118	118	0.5	1/2	1/2	Chord	4/4	3	1	1/8	1/8	1	368					
30	30	237/2	237/2	0.5	5/8	5/8	Chord	4/4	3	1	1/8	1/8	1	369					
30	30	119	119	1.0	3/4	3/4	Chord	4/4	3	1	1/4	1/4	1	370					
30	30	116	116	1.0	0	0	Chord	4/4	4	1	1/4	1/4	1	371					
30	30	117	117	1.0	1/4	1/4	Chord	4/4	4	1	1/4	1/4	1	372					
30	30	118	118	0.5	1/2	1/2	Chord	4/4	4	1	1/8	1/8	1	373					
30	30	237/2	237/2	0.5	5/8	5/8	Chord	4/4	4	1	1/8	1/8	1	374					
30	30	119	119	1.0	3/4	3/4	Chord	4/4	4	1	1/4	1/4	1	375					
30	30	116	116	1.0	0	0	Chord	4/4	5	1	1/4	1/4	1	376					
30	30	117	117	1.0	1/4	1/4	Chord	4/4	5	1	1/4	1/4	1	377					
30	30	118	118	0.5	1/2	1/2	Chord	4/4	5	1	1/8	1/8	1	378					
30	30	237/2	237/2	0.5	5/8	5/8	Chord	4/4	5	1	1/8	1/8	1	379					
30	30	119	119	1.0	3/4	3/4	Chord	4/4	5	1	1/4	1/4	1	380					
31	31	120	120	3.0	0	0	Chord	4/4	1	1	3/4	1/2	3/2	381					
31	31	123	123	0.5	3/4	3/4	Chord	4/4	1	1	1/8	1/8	1	382					
31	31	247/2	247/2	0.5	7/8	7/8	Chord	4/4	1	1	1/8	1/8	1	383					
31	31	120	120	3.0	0	0	Chord	4/4	2	1	3/4	1/2	3/2	384					
31	31	123	123	0.5	3/4	3/4	Chord	4/4	2	1	1/8	1/8	1	385					
31	31	247/2	247/2	0.5	7/8	7/8	Chord	4/4	2	1	1/8	1/8	1	386					
31	31	120	120	1.0	0	0	Chord	4/4	3	1	1/4	1/4	1	387					
31	31	121	121	0.5	1/4	1/4	Chord	4/4	3	1	1/8	1/8	1	388					
31	31	243/2	243/2	0.5	3/8	3/8	Chord	4/4	3	1	1/8	1/8	1	389					
31	31	122	122	2.0	1/2	1/2	Chord	4/4	3	1	1/2	1/2	1	390					
31	31	120	120	1.0	0	0	Chord	4/4	4	1	1/4	1/4	1	391					
31	31	121	121	0.5	1/4	1/4	Chord	4/4	4	1	1/8	1/8	1	392					
31	31	243/2	243/2	0.5	3/8	3/8	Chord	4/4	4	1	1/8	1/8	1	393					
31	31	122	122	2.0	1/2	1/2	Chord	4/4	4	1	1/2	1/2	1	394					
31	31	120	120	1.0	0	0	Chord	4/4	5	1	1/4	1/4	1	395					
31	31	121	121	0.5	1/4	1/4	Chord	4/4	5	1	1/8	1/8	1	396					
31	31	243/2	243/2	0.5	3/8	3/8	Chord	4/4	5	1	1/8	1/8	1	397					
31	31	122	122	2.0	1/2	1/2	Chord	4/4	5	1	1/2	1/2	1	398					
32	32	124	124	1.5	0	0	Chord	4/4	1	1	3/8	1/4	3/2	399					
32	32	251/2	251/2	0.5	3/8	3/8	Chord	4/4	1	1	1/8	1/8	1	400					
32	32	126	126	1.0	1/2	1/2	Chord	4/4	1	1	1/4	1/4	1	401					
32	32	127	127	1.0	3/4	3/4	Chord	4/4	1	1	1/4	1/4	1	402					
32	32	124	124	1.5	0	0	Chord	4/4	2	1	3/8	1/4	3/2	403					
32	32	251/2	251/2	0.5	3/8	3/8	Chord	4/4	2	1	1/8	1/8	1	404					
32	32	126	126	1.0	1/2	1/2	Chord	4/4	2	1	1/4	1/4	1	405					
32	32	127	127	1.0	3/4	3/4	Chord	4/4	2	1	1/4	1/4	1	406					
32	32	124	124	1.0	0	0	Chord	4/4	3	1	1/4	1/4	1	407					
32	32	125	125	1.0	1/4	1/4	Chord	4/4	3	1	1/4	1/4	1	408					
32	32	126	126	1.0	1/2	1/2	Chord	4/4	3	1	1/4	1/4	1	409					
32	32	127	127	1.0	3/4	3/4	Chord	4/4	3	1	1/4	1/4	1	410					
32	32	124	124	1.0	0	0	Chord	4/4	4	1	1/4	1/4	1	411					
32	32	125	125	1.0	1/4	1/4	Chord	4/4	4	1	1/4	1/4	1	412					
32	32	126	126	1.0	1/2	1/2	Chord	4/4	4	1	1/4	1/4	1	413					
32	32	127	127	1.0	3/4	3/4	Chord	4/4	4	1	1/4	1/4	1	414					
32	32	124	124	1.0	0	0	Chord	4/4	5	1	1/4	1/4	1	415					
32	32	125	125	1.0	1/4	1/4	Chord	4/4	5	1	1/4	1/4	1	416					
32	32	126	126	1.0	1/2	1/2	Chord	4/4	5	1	1/4	1/4	1	417					
32	32	127	127	1.0	3/4	3/4	Chord	4/4	5	1	1/4	1/4	1	418					
33	33	128	128	3.0	0	0	Chord	4/4	1	1	3/4	1/2	3/2	419					
33	33	131	131	1.0	3/4	3/4	Chord	4/4	1	1	1/4	1/4	1	420					
33	33	128	128	3.0	0	0	Chord	4/4	2	1	3/4	1/2	3/2	421					
33	33	131	131	1.0	3/4	3/4	Chord	4/4	2	1	1/4	1/4	1	422					
33	33	128	128	3.0	0	0	Chord	4/4	3	1	3/4	1/2	3/2	423					
33	33	131	131	1.0	3/4	3/4	Chord	4/4	3	1	1/4	1/4	1	424					
33	33	128	128	3.0	0	0	Chord	4/4	4	1	3/4	1/2	3/2	425					
33	33	131	131	1.0	3/4	3/4	Chord	4/4	4	1	1/4	1/4	1	426					
33	33	128	128	3.0	0	0	Chord	4/4	5	1	3/4	1/2	3/2	427					
33	33	131	131	1.0	3/4	3/4	Chord	4/4	5	1	1/4	1/4	1	428					
34	34	133	133	1.5	1/4	1/4	Chord	4/4	1	1	3/8	1/4	3/2	429					
34	34	269/2	269/2	0.5	5/8	5/8	Chord	4/4	1	1	1/8	1/8	1	430					
34	34	135	135	1.0	3/4	3/4	Chord	4/4	1	1	1/4	1/4	1	431					
34	34	133	133	1.5	1/4	1/4	Chord	4/4	2	1	3/8	1/4	3/2	432					
34	34	269/2	269/2	0.5	5/8	5/8	Chord	4/4	2	1	1/8	1/8	1	433					
34	34	135	135	1.0	3/4	3/4	Chord	4/4	2	1	1/4	1/4	1	434					
34	34	133	133	1.5	1/4	1/4	Chord	4/4	3	1	3/8	1/4	3/2	435					
34	34	269/2	269/2	0.5	5/8	5/8	Chord	4/4	3	1	1/8	1/8	1	436					
34	34	135	135	1.0	3/4	3/4	Chord	4/4	3	1	1/4	1/4	1	437					
34	34	133	133	1.5	1/4	1/4	Chord	4/4	4	1	3/8	1/4	3/2	438					
34	34	269/2	269/2	0.5	5/8	5/8	Chord	4/4	4	1	1/8	1/8	1	439					
34	34	135	135	1.0	3/4	3/4	Chord	4/4	4	1	1/4	1/4	1	440					
34	34	133	133	1.5	1/4	1/4	Chord	4/4	5	1	3/8	1/4	3/2	441					
34	34	269/2	269/2	0.5	5/8	5/8	Chord	4/4	5	1	1/8	1/8	1	442					
34	34	135	135	1.0	3/4	3/4	Chord	4/4	5	1	1/4	1/4	1	443					
35	35	136	136	1.0	0	0	Chord	4/4	1	1	1/4	1/4	1	444					
35	35	137	137	1.0	1/4	1/4	Chord	4/4	1	1	1/4	1/4	1	445					
35	35	138	138	2.0	1/2	1/2	Chord	4/4	1	1	1/2	1/2	1	446					
35	35	136	136	1.0	0	0	Chord	4/4	2	1	1/4	1/4	1	447					
35	35	137	137	1.0	1/4	1/4	Chord	4/4	2	1	1/4	1/4	1	448					
35	35	138	138	2.0	1/2	1/2	Chord	4/4	2	1	1/2	1/2	1	449					
35	35	136	136	1.0	0	0	Chord	4/4	3	1	1/4	1/4	1	450					
35	35	137	137	1.0	1/4	1/4	Chord	4/4	3	1	1/4	1/4	1	451					
35	35	138	138	2.0	1/2	1/2	Chord	4/4	3	1	1/2	1/2	1	452					
35	35	136	136	1.0	0	0	Chord	4/4	4	1	1/4	1/4	1	453					
35	35	137	137	1.0	1/4	1/4	Chord	4/4	4	1	1/4	1/4	1	454					
35	35	138	138	2.0	1/2	1/2	Chord	4/4	4	1	1/2	1/2	1	455					
35	35	136	136	1.0	0	0	Chord	4/4	5	1	1/4	1/4	1	456					
35	35	137	137	1.0	1/4	1/4	Chord	4/4	5	1	1/4	1/4	1	457					
35	35	138	138	2.0	1/2	1/2	Chord	4/4	5	1	1/2	1/2	1	458					
36	36	140	140	1.0	0	0	Chord	4/4	1	1	1/4	1/4	1	459					
36	36	141	141	1.5	1/4	1/4	Chord	4/4	1	1	3/8	1/4	3/2	460					
36	36	285/2	285/2	0.5	5/8	5/8	Chord	4/4	1	1	1/8	1/8	1	461					
36	36	143	143	1.0	3/4	3/4	Chord	4/4	1	1	1/4	1/4	1	462					
36	36	140	140	1.0	0	0	Chord	4/4	2	1	1/4	1/4	1	463					
36	36	141	141	1.5	1/4	1/4	Chord	4/4	2	1	3/8	1/4	3/2	464					
36	36	285/2	285/2	0.5	5/8	5/8	Chord	4/4	2	1	1/8	1/8	1	465					
36	36	143	143	1.0	3/4	3/4	Chord	4/4	2	1	1/4	1/4	1	466					
36	36	140	140	1.0	0	0	Chord	4/4	3	1	1/4	1/4	1	467					
36	36	141	141	1.5	1/4	1/4	Chord	4/4	3	1	3/8	1/4	3/2	468					
36	36	285/2	285/2	0.5	5/8	5/8	Chord	4/4	3	1	1/8	1/8	1	469					
36	36	143	143	1.0	3/4	3/4	Chord	4/4	3	1	1/4	1/4	1	470					
36	36	140	140	1.0	0	0	Chord	4/4	4	1	1/4	1/4	1	471					
36	36	141	141	1.5	1/4	1/4	Chord	4/4	4	1	3/8	1/4	3/2	472					
36	36	285/2	285/2	0.5	5/8	5/8	Chord	4/4	4	1	1/8	1/8	1	473					
36	36	143	143	1.0	3/4	3/4	Chord	4/4	4	1	1/4	1/4	1	474					
36	36	140	140	1.0	0	0	Chord	4/4	5	1	1/4	1/4	1	475					
36	36	141	141	1.5	1/4	1/4	Chord	4/4	5	1	3/8	1/4	3/2	476					
36	36	285/2	285/2	0.5	5/8	5/8	Chord	4/4	5	1	1/8	1/8	1	477					
36	36	143	143	1.0	3/4	3/4	Chord	4/4	5	1	1/4	1/4	1	478					
37	37	144	144	1.0	0	0	Chord	4/4	1	1	1/4	1/4	1	479					
37	37	145	145	1.0	1/4	1/4	Chord	4/4	1	1	1/4	1/4	1	480					
37	37	146	146	0.5	1/2	1/2	Chord	4/4	1	1	1/8	1/8	1	481					
37	37	293/2	293/2	0.5	5/8	5/8	Chord	4/4	1	1	1/8	1/8	1	482					
37	37	147	147	1.0	3/4	3/4	Chord	4/4	1	1	1/4	1/4	1	483					
37	37	144	144	1.0	0	0	Chord	4/4	2	1	1/4	1/4	1	484					
37	37	145	145	1.0	1/4	1/4	Chord	4/4	2	1	1/4	1/4	1	485					
37	37	146	146	0.5	1/2	1/2	Chord	4/4	2	1	1/8	1/8	1	486					
37	37	293/2	293/2	0.5	5/8	5/8	Chord	4/4	2	1	1/8	1/8	1	487					
37	37	147	147	1.0	3/4	3/4	Chord	4/4	2	1	1/4	1/4	1	488					
37	37	144	144	1.0	0	0	Chord	4/4	3	1	1/4	1/4	1	489					
37	37	145	145	1.0	1/4	1/4	Chord	4/4	3	1	1/4	1/4	1	490					
37	37	146	146	0.5	1/2	1/2	Chord	4/4	3	1	1/8	1/8	1	491					
37	37	293/2	293/2	0.5	5/8	5/8	Chord	4/4	3	1	1/8	1/8	1	492					
37	37	147	147	1.0	3/4	3/4	Chord	4/4	3	1	1/4	1/4	1	493					
37	37	144	144	1.0	0	0	Chord	4/4	4	1	1/4	1/4	1	494					
37	37	145	145	1.0	1/4	1/4	Chord	4/4	4	1	1/4	1/4	1	495					
37	37	146	146	0.5	1/2	1/2	Chord	4/4	4	1	1/8	1/8	1	496					
37	37	293/2	293/2	0.5	5/8	5/8	Chord	4/4	4	1	1/8	1/8	1	497					
37	37	147	147	1.0	3/4	3/4	Chord	4/4	4	1	1/4	1/4	1	498					
37	37	144	144	1.0	0	0	Chord	4/4	5	1	1/4	1/4	1	499					
37	37	145	145	1.0	1/4	1/4	Chord	4/4	5	1	1/4	1/4	1	500					
37	37	146	146	0.5	1/2	1/2	Chord	4/4	5	1	1/8	1/8	1	501					
37	37	293/2	293/2	0.5	5/8	5/8	Chord	4/4	5	1	1/8	1/8	1	502					
37	37	147	147	1.0	3/4	3/4	Chord	4/4	5	1	1/4	1/4	1	503					
38	38	148	148	1.0	0	0	Chord	4/4	1	1	1/4	1/4	1	504					
38	38	149	149	0.5	1/4	1/4	Chord	4/4	1	1	1/8	1/8	1	505					
38	38	299/2	299/2	0.5	3/8	3/8	Chord	4/4	1	1	1/8	1/8	1	506					
38	38	150	150	1.0	1/2	1/2	Chord	4/4	1	1	1/4	1/4	1	507					
38	38	151	151	1.0	3/4	3/4	Chord	4/4	1	1	1/4	1/4	1	508					
38	38	148	148	1.0	0	0	Chord	4/4	2	1	1/4	1/4	1	509					
38	38	149	149	0.5	1/4	1/4	Chord	4/4	2	1	1/8	1/8	1	510					
38	38	299/2	299/2	0.5	3/8	3/8	Chord	4/4	2	1	1/8	1/8	1	511					
38	38	150	150	1.0	1/2	1/2	Chord	4/4	2	1	1/4	1/4	1	512					
38	38	151	151	1.0	3/4	3/4	Chord	4/4	2	1	1/4	1/4	1	513					
38	38	148	148	1.0	0	0	Chord	4/4	3	1	1/4	1/4	1	514					
38	38	149	149	0.5	1/4	1/4	Chord	4/4	3	1	1/8	1/8	1	515					
38	38	299/2	299/2	0.5	3/8	3/8	Chord	4/4	3	1	1/8	1/8	1	516					
38	38	150	150	1.0	1/2	1/2	Chord	4/4	3	1	1/4	1/4	1	517					
38	38	151	151	1.0	3/4	3/4	Chord	4/4	3	1	1/4	1/4	1	518					
38	38	148	148	1.0	0	0	Chord	4/4	4	1	1/4	1/4	1	519					
38	38	149	149	0.5	1/4	1/4	Chord	4/4	4	1	1/8	1/8	1	520					
38	38	299/2	299/2	0.5	3/8	3/8	Chord	4/4	4	1	1/8	1/8	1	521					
38	38	150	150	1.0	1/2	1/2	Chord	4/4	4	1	1/4	1/4	1	522					
38	38	151	151	1.0	3/4	3/4	Chord	4/4	4	1	1/4	1/4	1	523					
38	38	148	148	1.0	0	0	Chord	4/4	5	1	1/4	1/4	1	524					
38	38	149	149	0.5	1/4	1/4	Chord	4/4	5	1	1/8	1/8	1	525					
38	38	299/2	299/2	0.5	3/8	3/8	Chord	4/4	5	1	1/8	1/8	1	526					
38	38	150	150	1.0	1/2	1/2	Chord	4/4	5	1	1/4	1/4	1	527					
38	38	151	151	1.0	3/4	3/4	Chord	4/4	5	1	1/4	1/4	1	528					
39	39	152	152	4.0	0	0	Chord	4/4	4	1	1	1	1	529					
40	40	156	156	4.0	0	0	Chord	4/4	1	1	1	1	1	530					
40	40	156	156	4.0	0	0	Chord	4/4	2	1	1	1	1	531					
40	40	156	156	4.0	0	0	Chord	4/4	3	1	1	1	1	532					
40	40	156	156	2.0	0	0	Chord	4/4	4	1	1/2	1/2	1	533					
40	40	158	158	2.0	1/2	1/2	Chord	4/4	4	1	1/2	1/2	1	534					
40	40	156	156	4.0	0	0	Chord	4/4	5	1	1	1	1	535					
41	41	160	160	2.0	0	0	Chord	4/4	1	1	1/2	1/2	1	536					
41	41	163	163	1.0	3/4	3/4	Chord	4/4	1	1	1/4	1/4	1	537					
41	41	160	160	2.0	0	0	Chord	4/4	2	1	1/2	1/2	1	538					
41	41	162	162	2.0	1/2	1/2	Chord	4/4	2	1	1/2	1/2	1	539					
41	41	160	160	2.0	0	0	Chord	4/4	3	1	1/2	1/2	1	540					
41	41	162	162	2.0	1/2	1/2	Chord	4/4	3	1	1/2	1/2	1	541					
41	41	160	160	1.5	0	0	Chord	4/4	4	1	3/8	1/4	3/2	542					
41	41	323/2	323/2	0.5	3/8	3/8	Chord	4/4	4	1	1/8	1/8	1	543					
41	41	162	162	1.0	1/2	1/2	Chord	4/4	4	1	1/4	1/4	1	544					
41	41	163	163	0.5	3/4	3/4	Chord	4/4	4	1	1/8	1/8	1	545					
41	41	327/2	327/2	0.5	7/8	7/8	Chord	4/4	4	1	1/8	1/8	1	546					
41	41	160	160	2.0	0	0	Chord	4/4	5	1	1/2	1/2	1	547					
41	41	162	162	2.0	1/2	1/2	Chord	4/4	5	1	1/2	1/2	1	548					
42	42	164	164	3.0	0	0	Chord	4/4	1	1	3/4	1/2	3/2	549					
42	42	167	167	1.0	3/4	3/4	Chord	4/4	1	1	1/4	1/4	1	550					
42	42	164	164	2.0	0	0	Chord	4/4	2	1	1/2	1/2	1	551					
42	42	166	166	2.0	1/2	1/2	Chord	4/4	2	1	1/2	1/2	1	552					
42	42	164	164	2.0	0	0	Chord	4/4	3	1	1/2	1/2	1	553					
42	42	166	166	2.0	1/2	1/2	Chord	4/4	3	1	1/2	1/2	1	554					
42	42	164	164	3.0	0	0	Chord	4/4	4	1	3/4	1/2	3/2	555					
42	42	167	167	1.0	3/4	3/4	Chord	4/4	4	1	1/4	1/4	1	556					
42	42	164	164	2.0	0	0	Chord	4/4	5	1	1/2	1/2	1	557					
42	42	166	166	2.0	1/2	1/2	Chord	4/4	5	1	1/2	1/2	1	558					
43	43	168	168	2.0	0	0	Chord	4/4	1	1	1/2	1/2	1	559					
43	43	171	171	1.0	3/4	3/4	Chord	4/4	1	1	1/4	1/4	1	560					
43	43	168	168	2.0	0	0	Chord	4/4	2	1	1/2	1/2	1	561					
43	43	170	170	2.0	1/2	1/2	Chord	4/4	2	1	1/2	1/2	1	562					
43	43	168	168	2.0	0	0	Chord	4/4	3	1	1/2	1/2	1	563					
43	43	170	170	2.0	1/2	1/2	Chord	4/4	3	1	1/2	1/2	1	564					
43	43	168	168	2.0	0	0	Chord	4/4	4	1	1/2	1/2	1	565					
43	43	170	170	2.0	1/2	1/2	Chord	4/4	4	1	1/2	1/2	1	566					
43	43	168	168	2.0	0	0	Chord	4/4	5	1	1/2	1/2	1	567					
43	43	170	170	2.0	1/2	1/2	Chord	4/4	5	1	1/2	1/2	1	568					
44	44	172	172	3.0	0	0	Chord	4/4	1	1	3/4	1/2	3/2	569					
44	44	175	175	1.0	3/4	3/4	Chord	4/4	1	1	1/4	1/4	1	570					
44	44	172	172	1.0	0	0	Chord	4/4	2	1	1/4	1/4	1	571					
44	44	173	173	1.0	1/4	1/4	Chord	4/4	2	1	1/4	1/4	1	572					
44	44	174	174	2.0	1/2	1/2	Chord	4/4	2	1	1/2	1/2	1	573					
44	44	172	172	2.0	0	0	Chord	4/4	3	1	1/2	1/2	1	574					
44	44	174	174	2.0	1/2	1/2	Chord	4/4	3	1	1/2	1/2	1	575					
44	44	172	172	2.0	0	0	Chord	4/4	4	1	1/2	1/2	1	576					
44	44	174	174	2.0	1/2	1/2	Chord	4/4	4	1	1/2	1/2	1	577					
44	44	172	172	2.0	0	0	Chord	4/4	5	1	1/2	1/2	1	578					
44	44	174	174	2.0	1/2	1/2	Chord	4/4	5	1	1/2	1/2	1	579					
45	45	176	176	4.0	0	0	Chord	4/4	1	1	1	1	1	580					
45	45	176	176	2.0	0	0	Chord	4/4	2	1	1/2	1/2	1	581					
45	45	178	178	2.0	1/2	1/2	Chord	4/4	2	1	1/2	1/2	1	582					
45	45	176	176	4.0	0	0	Chord	4/4	3	1	1	1	1	583					
45	45	176	176	4.0	0	0	Chord	4/4	4	1	1	1	1	584					
45	45	176	176	4.0	0	0	Chord	4/4	5	1	1	1	1	585					
46	46	180	180	4.0	0	0	Chord	4/4	1	1	1	1	1	586					
46	46	180	180	4.0	0	0	Chord	4/4	2	1	1	1	1	587					
46	46	180	180	4.0	0	0	Chord	4/4	3	1	1	1	1	588					
46	46	180	180	2.0	0	0	Chord	4/4	4	1	1/2	1/2	1	589					
46	46	183	183	0.5	3/4	3/4	Chord	4/4	4	1	1/8	1/8	1	590					
46	46	367/2	367/2	0.5	7/8	7/8	Chord	4/4	4	1	1/8	1/8	1	591					
46	46	180	180	4.0	0	0	Chord	4/4	5	1	1	1	1	592					
47	47	187	187	0.5	3/4	3/4	Chord	4/4	1	1	1/8	1/8	1	593					
47	47	375/2	375/2	0.5	7/8	7/8	Chord	4/4	1	1	1/8	1/8	1	594					
47	47	184	184	2.0	0	0	Chord	4/4	2	1	1/2	1/2	1	595					
47	47	186	186	2.0	1/2	1/2	Chord	4/4	2	1	1/2	1/2	1	596					
47	47	185	185	0.5	1/4	1/4	Chord	4/4	3	1	1/8	1/8	1	597					
47	47	371/2	371/2	0.5	3/8	3/8	Chord	4/4	3	1	1/8	1/8	1	598					
47	47	186	186	2.0	1/2	1/2	Chord	4/4	3	1	1/2	1/2	1	599					
47	47	184	184	3.0	0	0	Chord	4/4	4	1	3/4	1/2	3/2	600					
47	47	187	187	0.5	3/4	3/4	Chord	4/4	4	1	1/8	1/8	1	601					
47	47	375/2	375/2	0.5	7/8	7/8	Chord	4/4	4	1	1/8	1/8	1	602					
47	47	184	184	2.0	0	0	Chord	4/4	5	1	1/2	1/2	1	603					
47	47	186	186	2.0	1/2	1/2	Chord	4/4	5	1	1/2	1/2	1	604					
48	48	188	188	3.0	0	0	Chord	4/4	1	1	3/4	1/2	3/2	605					
48	48	191	191	0.5	3/4	3/4	Chord	4/4	1	1	1/8	1/8	1	606					
48	48	383/2	383/2	0.5	7/8	7/8	Chord	4/4	1	1	1/8	1/8	1	607					
48	48	188	188	2.0	0	0	Chord	4/4	2	1	1/2	1/2	1	608					
48	48	190	190	1.0	1/2	1/2	Chord	4/4	2	1	1/4	1/4	1	609					
48	48	191	191	1.0	3/4	3/4	Chord	4/4	2	1	1/4	1/4	1	610					
48	48	188	188	1.0	0	0	Chord	4/4	3	1	1/4	1/4	1	611					
48	48	189	189	1.0	1/4	1/4	Chord	4/4	3	1	1/4	1/4	1	612					
48	48	190	190	2.0	1/2	1/2	Chord	4/4	3	1	1/2	1/2	1	613					
48	48	188	188	2.0	0	0	Chord	4/4	4	1	1/2	1/2	1	614					
48	48	190	190	2.0	1/2	1/2	Chord	4/4	4	1	1/2	1/2	1	615					
48	48	188	188	2.0	0	0	Chord	4/4	5	1	1/2	1/2	1	616					
48	48	190	190	1.0	1/2	1/2	Chord	4/4	5	1	1/4	1/4	1	617					
48	48	191	191	1.0	3/4	3/4	Chord	4/4	5	1	1/4	1/4	1	618					
49	49	192	192	2.0	0	0	Chord	4/4	1	1	1/2	1/2	1	619					
49	49	194	194	1.0	1/2	1/2	Chord	4/4	1	1	1/4	1/4	1	620					
49	49	195	195	1.0	3/4	3/4	Chord	4/4	1	1	1/4	1/4	1	621					
49	49	192	192	2.0	0	0	Chord	4/4	2	1	1/2	1/2	1	622					
49	49	194	194	1.0	1/2	1/2	Chord	4/4	2	1	1/4	1/4	1	623					
49	49	195	195	1.0	3/4	3/4	Chord	4/4	2	1	1/4	1/4	1	624					
49	49	192	192	2.0	0	0	Chord	4/4	3	1	1/2	1/2	1	625					
49	49	194	194	1.0	1/2	1/2	Chord	4/4	3	1	1/4	1/4	1	626					
49	49	195	195	1.0	3/4	3/4	Chord	4/4	3	1	1/4	1/4	1	627					
49	49	192	192	3.0	0	0	Chord	4/4	4	1	3/4	1/2	3/2	628					
49	49	195	195	1.0	3/4	3/4	Chord	4/4	4	1	1/4	1/4	1	629					
49	49	192	192	2.0	0	0	Chord	4/4	5	1	1/2	1/2	1	630					
49	49	194	194	1.0	1/2	1/2	Chord	4/4	5	1	1/4	1/4	1	631					
49	49	195	195	1.0	3/4	3/4	Chord	4/4	5	1	1/4	1/4	1	632					
50	50	196	196	3.0	0	0	Chord	4/4	1	1	3/4	1/2	3/2	633					
50	50	199	199	1.0	3/4	3/4	Chord	4/4	1	1	1/4	1/4	1	634					
50	50	196	196	2.0	0	0	Chord	4/4	2	1	1/2	1/2	1	635					
50	50	198	198	2.0	1/2	1/2	Chord	4/4	2	1	1/2	1/2	1	636					
50	50	196	196	2.0	0	0	Chord	4/4	3	1	1/2	1/2	1	637					
50	50	198	198	2.0	1/2	1/2	Chord	4/4	3	1	1/2	1/2	1	638					
50	50	196	196	2.0	0	0	Chord	4/4	4	1	1/2	1/2	1	639					
50	50	198	198	1.0	1/2	1/2	Chord	4/4	4	1	1/4	1/4	1	640					
50	50	199	199	1.0	3/4	3/4	Chord	4/4	4	1	1/4	1/4	1	641					
50	50	196	196	2.0	0	0	Chord	4/4	5	1	1/2	1/2	1	642					
50	50	198	198	2.0	1/2	1/2	Chord	4/4	5	1	1/2	1/2	1	643					
51	51	200	200	2.0	0	0	Chord	4/4	1	1	1/2	1/2	1	644					
51	51	202	202	1.0	1/2	1/2	Chord	4/4	1	1	1/4	1/4	1	645					
51	51	203	203	1.0	3/4	3/4	Chord	4/4	1	1	1/4	1/4	1	646					
51	51	200	200	2.0	0	0	Chord	4/4	2	1	1/2	1/2	1	647					
51	51	202	202	2.0	1/2	1/2	Chord	4/4	2	1	1/2	1/2	1	648					
51	51	200	200	4.0	0	0	Chord	4/4	3	1	1	1	1	649					
51	51	200	200	1.0	0	0	Chord	4/4	4	1	1/4	1/4	1	650					
51	51	201	201	1.0	1/4	1/4	Chord	4/4	4	1	1/4	1/4	1	651					
51	51	200	200	2.0	0	0	Chord	4/4	5	1	1/2	1/2	1	652					
51	51	202	202	2.0	1/2	1/2	Chord	4/4	5	1	1/2	1/2	1	653					
52	52	204	204	1.0	0	0	Chord	4/4	1	1	1/4	1/4	1	654					
52	52	205	205	2.0	1/4	1/4	Chord	4/4	1	1	1/2	1/2	1	655					
52	52	207	207	1.0	3/4	3/4	Chord	4/4	1	1	1/4	1/4	1	656					
52	52	204	204	2.0	0	0	Chord	4/4	2	1	1/2	1/2	1	657					
52	52	206	206	2.0	1/2	1/2	Chord	4/4	2	1	1/2	1/2	1	658					
52	52	204	204	4.0	0	0	Chord	4/4	3	1	1	1	1	659					
52	52	205	205	2.0	1/4	1/4	Chord	4/4	4	1	1/2	1/2	1	660					
52	52	207	207	1.0	3/4	3/4	Chord	4/4	4	1	1/4	1/4	1	661					
52	52	204	204	2.0	0	0	Chord	4/4	5	1	1/2	1/2	1	662					
52	52	206	206	2.0	1/2	1/2	Chord	4/4	5	1	1/2	1/2	1	663					
53	53	208	208	1.0	0	0	Chord	4/4	1	1	1/4	1/4	1	664					
53	53	209	209	2.0	1/4	1/4	Chord	4/4	1	1	1/2	1/2	1	665					
53	53	211	211	1.0	3/4	3/4	Chord	4/4	1	1	1/4	1/4	1	666					
53	53	208	208	2.0	0	0	Chord	4/4	2	1	1/2	1/2	1	667					
53	53	210	210	2.0	1/2	1/2	Chord	4/4	2	1	1/2	1/2	1	668					
53	53	208	208	2.0	0	0	Chord	4/4	3	1	1/2	1/2	1	669					
53	53	210	210	2.0	1/2	1/2	Chord	4/4	3	1	1/2	1/2	1	670					
53	53	208	208	1.0	0	0	Chord	4/4	4	1	1/4	1/4	1	671					
53	53	209	209	1.0	1/4	1/4	Chord	4/4	4	1	1/4	1/4	1	672					
53	53	210	210	1.0	1/2	1/2	Chord	4/4	4	1	1/4	1/4	1	673					
53	53	211	211	1.0	3/4	3/4	Chord	4/4	4	1	1/4	1/4	1	674					
53	53	208	208	2.0	0	0	Chord	4/4	5	1	1/2	1/2	1	675					
53	53	210	210	2.0	1/2	1/2	Chord	4/4	5	1	1/2	1/2	1	676					
54	54	212	212	1.0	0	0	Chord	4/4	1	1	1/4	1/4	1	677					
54	54	213	213	2.0	1/4	1/4	Chord	4/4	1	1	1/2	1/2	1	678					
54	54	215	215	1.0	3/4	3/4	Chord	4/4	1	1	1/4	1/4	1	679					
54	54	212	212	2.0	0	0	Chord	4/4	2	1	1/2	1/2	1	680					
54	54	214	214	2.0	1/2	1/2	Chord	4/4	2	1	1/2	1/2	1	681					
54	54	212	212	2.0	0	0	Chord	4/4	3	1	1/2	1/2	1	682					
54	54	214	214	1.0	1/2	1/2	Chord	4/4	3	1	1/4	1/4	1	683					
54	54	215	215	1.0	3/4	3/4	Chord	4/4	3	1	1/4	1/4	1	684					
54	54	212	212	2.0	0	0	Chord	4/4	4	1	1/2	1/2	1	685					
54	54	214	214	2.0	1/2	1/2	Chord	4/4	4	1	1/2	1/2	1	686					
54	54	212	212	2.0	0	0	Chord	4/4	5	1	1/2	1/2	1	687					
54	54	214	214	2.0	1/2	1/2	Chord	4/4	5	1	1/2	1/2	1	688					
55	55	216	216	1.0	0	0	Chord	4/4	1	1	1/4	1/4	1	689					
55	55	217	217	2.0	1/4	1/4	Chord	4/4	1	1	1/2	1/2	1	690					
55	55	219	219	1.0	3/4	3/4	Chord	4/4	1	1	1/4	1/4	1	691					
55	55	216	216	2.0	0	0	Chord	4/4	2	1	1/2	1/2	1	692					
55	55	218	218	2.0	1/2	1/2	Chord	4/4	2	1	1/2	1/2	1	693					
55	55	216	216	2.0	0	0	Chord	4/4	3	1	1/2	1/2	1	694					
55	55	218	218	1.0	1/2	1/2	Chord	4/4	3	1	1/4	1/4	1	695					
55	55	219	219	1.0	3/4	3/4	Chord	4/4	3	1	1/4	1/4	1	696					
55	55	216	216	1.0	0	0	Chord	4/4	4	1	1/4	1/4	1	697					
55	55	217	217	1.0	1/4	1/4	Chord	4/4	4	1	1/4	1/4	1	698					
55	55	218	218	2.0	1/2	1/2	Chord	4/4	4	1	1/2	1/2	1	699					
55	55	216	216	2.0	0	0	Chord	4/4	5	1	1/2	1/2	1	700					
55	55	218	218	1.0	1/2	1/2	Chord	4/4	5	1	1/4	1/4	1	701					
55	55	219	219	1.0	3/4	3/4	Chord	4/4	5	1	1/4	1/4	1	702					
56	56	220	220	1.0	0	0	Chord	4/4	1	1	1/4	1/4	1	703					
56	56	221	221	2.0	1/4	1/4	Chord	4/4	1	1	1/2	1/2	1	704					
56	56	223	223	1.0	3/4	3/4	Chord	4/4	1	1	1/4	1/4	1	705					
56	56	220	220	1.5	0	0	Chord	4/4	2	1	3/8	1/4	3/2	706					
56	56	443/2	443/2	0.5	3/8	3/8	Chord	4/4	2	1	1/8	1/8	1	707					
56	56	222	222	2.0	1/2	1/2	Chord	4/4	2	1	1/2	1/2	1	708					
56	56	220	220	1.5	0	0	Chord	4/4	3	1	3/8	1/4	3/2	709					
56	56	443/2	443/2	0.5	3/8	3/8	Chord	4/4	3	1	1/8	1/8	1	710					
56	56	222	222	2.0	1/2	1/2	Chord	4/4	3	1	1/2	1/2	1	711					
56	56	220	220	1.0	0	0	Chord	4/4	4	1	1/4	1/4	1	712					
56	56	221	221	1.0	1/4	1/4	Chord	4/4	4	1	1/4	1/4	1	713					
56	56	222	222	2.0	1/2	1/2	Chord	4/4	4	1	1/2	1/2	1	714					
56	56	220	220	1.5	0	0	Chord	4/4	5	1	3/8	1/4	3/2	715					
56	56	443/2	443/2	0.5	3/8	3/8	Chord	4/4	5	1	1/8	1/8	1	716					
56	56	222	222	2.0	1/2	1/2	Chord	4/4	5	1	1/2	1/2	1	717					
57	57	224	224	1.0	0	0	Chord	4/4	1	1	1/4	1/4	1	718					
57	57	225	225	1.0	1/4	1/4	Chord	4/4	1	1	1/4	1/4	1	719					
57	57	226	226	2.0	1/2	1/2	Chord	4/4	1	1	1/2	1/2	1	720					
57	57	224	224	2.0	0	0	Chord	4/4	2	1	1/2	1/2	1	721					
57	57	226	226	2.0	1/2	1/2	Chord	4/4	2	1	1/2	1/2	1	722					
57	57	224	224	1.0	0	0	Chord	4/4	3	1	1/4	1/4	1	723					
57	57	225	225	1.0	1/4	1/4	Chord	4/4	3	1	1/4	1/4	1	724					
57	57	226	226	2.0	1/2	1/2	Chord	4/4	3	1	1/2	1/2	1	725					
57	57	224	224	2.0	0	0	Chord	4/4	4	1	1/2	1/2	1	726					
57	57	226	226	2.0	1/2	1/2	Chord	4/4	4	1	1/2	1/2	1	727					
57	57	224	224	2.0	0	0	Chord	4/4	5	1	1/2	1/2	1	728					
57	57	226	226	2.0	1/2	1/2	Chord	4/4	5	1	1/2	1/2	1	729					
58	58	228	228	2.0	0	0	Chord	4/4	1	1	1/2	1/2	1	730					
58	58	230	230	1.0	1/2	1/2	Chord	4/4	1	1	1/4	1/4	1	731					
58	58	231	231	0.5	3/4	3/4	Chord	4/4	1	1	1/8	1/8	1	732					
58	58	463/2	463/2	0.5	7/8	7/8	Chord	4/4	1	1	1/8	1/8	1	733					
58	58	228	228	2.0	0	0	Chord	4/4	2	1	1/2	1/2	1	734					
58	58	230	230	1.0	1/2	1/2	Chord	4/4	2	1	1/4	1/4	1	735					
58	58	231	231	0.5	3/4	3/4	Chord	4/4	2	1	1/8	1/8	1	736					
58	58	463/2	463/2	0.5	7/8	7/8	Chord	4/4	2	1	1/8	1/8	1	737					
58	58	228	228	2.0	0	0	Chord	4/4	3	1	1/2	1/2	1	738					
58	58	230	230	1.0	1/2	1/2	Chord	4/4	3	1	1/4	1/4	1	739					
58	58	231	231	0.5	3/4	3/4	Chord	4/4	3	1	1/8	1/8	1	740					
58	58	463/2	463/2	0.5	7/8	7/8	Chord	4/4	3	1	1/8	1/8	1	741					
58	58	228	228	2.0	0	0	Chord	4/4	4	1	1/2	1/2	1	742					
58	58	230	230	1.0	1/2	1/2	Chord	4/4	4	1	1/4	1/4	1	743					
58	58	231	231	0.5	3/4	3/4	Chord	4/4	4	1	1/8	1/8	1	744					
58	58	463/2	463/2	0.5	7/8	7/8	Chord	4/4	4	1	1/8	1/8	1	745					
58	58	228	228	2.0	0	0	Chord	4/4	5	1	1/2	1/2	1	746					
58	58	230	230	1.0	1/2	1/2	Chord	4/4	5	1	1/4	1/4	1	747					
58	58	231	231	0.5	3/4	3/4	Chord	4/4	5	1	1/8	1/8	1	748					
58	58	463/2	463/2	0.5	7/8	7/8	Chord	4/4	5	1	1/8	1/8	1	749					
59	59	232	232	1.0	0	0	Chord	4/4	1	1	1/4	1/4	1	750					
59	59	233	233	1.0	1/4	1/4	Chord	4/4	1	1	1/4	1/4	1	751					
59	59	234	234	2.0	1/2	1/2	Chord	4/4	1	1	1/2	1/2	1	752					
59	59	232	232	1.0	0	0	Chord	4/4	2	1	1/4	1/4	1	753					
59	59	233	233	1.0	1/4	1/4	Chord	4/4	2	1	1/4	1/4	1	754					
59	59	234	234	2.0	1/2	1/2	Chord	4/4	2	1	1/2	1/2	1	755					
59	59	232	232	1.0	0	0	Chord	4/4	3	1	1/4	1/4	1	756					
59	59	233	233	1.0	1/4	1/4	Chord	4/4	3	1	1/4	1/4	1	757					
59	59	234	234	2.0	1/2	1/2	Chord	4/4	3	1	1/2	1/2	1	758					
59	59	232	232	1.0	0	0	Chord	4/4	4	1	1/4	1/4	1	759					
59	59	233	233	1.0	1/4	1/4	Chord	4/4	4	1	1/4	1/4	1	760					
59	59	234	234	2.0	1/2	1/2	Chord	4/4	4	1	1/2	1/2	1	761					
59	59	232	232	1.0	0	0	Chord	4/4	5	1	1/4	1/4	1	762					
59	59	233	233	1.0	1/4	1/4	Chord	4/4	5	1	1/4	1/4	1	763					
59	59	234	234	2.0	1/2	1/2	Chord	4/4	5	1	1/2	1/2	1	764					
60	60	236	236	2.0	0	0	Chord	4/4	1	1	1/2	1/2	1	765					
60	60	239	239	1.0	3/4	3/4	Chord	4/4	1	1	1/4	1/4	1	766					
60	60	236	236	2.0	0	0	Chord	4/4	2	1	1/2	1/2	1	767					
60	60	239	239	1.0	3/4	3/4	Chord	4/4	2	1	1/4	1/4	1	768					
60	60	236	236	2.0	0	0	Chord	4/4	3	1	1/2	1/2	1	769					
60	60	236	236	1.0	0	0	Chord	4/4	4	1	1/4	1/4	1	770					
60	60	237	237	1.0	1/4	1/4	Chord	4/4	4	1	1/4	1/4	1	771					
60	60	238	238	2.0	1/2	1/2	Chord	4/4	4	1	1/2	1/2	1	772					
60	60	236	236	2.0	0	0	Chord	4/4	5	1	1/2	1/2	1	773					
60	60	239	239	1.0	3/4	3/4	Chord	4/4	5	1	1/4	1/4	1	774					
61	61	240	240	4.0	0	0	Chord	4/4	1	1	1	1	1	775					
61	61	240	240	2.0	0	0	Chord	4/4	2	1	1/2	1/2	1	776					
61	61	242	242	2.0	1/2	1/2	Chord	4/4	2	1	1/2	1/2	1	777					
61	61	241	241	1.0	1/4	1/4	Chord	4/4	3	1	1/4	1/4	1	778					
61	61	242	242	2.0	1/2	1/2	Chord	4/4	3	1	1/2	1/2	1	779					
61	61	240	240	4.0	0	0	Chord	4/4	4	1	1	1	1	780					
61	61	240	240	2.0	0	0	Chord	4/4	5	1	1/2	1/2	1	781					
61	61	242	242	2.0	1/2	1/2	Chord	4/4	5	1	1/2	1/2	1	782					
62	62	244	244	1.0	0	0	Chord	4/4	1	1	1/4	1/4	1	783					
62	62	245	245	2.0	1/4	1/4	Chord	4/4	1	1	1/2	1/2	1	784					
62	62	247	247	1.0	3/4	3/4	Chord	4/4	1	1	1/4	1/4	1	785					
62	62	244	244	4.0	0	0	Chord	4/4	2	1	1	1	1	786					
62	62	245	245	1.0	1/4	1/4	Chord	4/4	3	1	1/4	1/4	1	787					
62	62	246	246	1.0	1/2	1/2	Chord	4/4	3	1	1/4	1/4	1	788					
62	62	247	247	1.0	3/4	3/4	Chord	4/4	3	1	1/4	1/4	1	789					
62	62	244	244	2.0	0	0	Chord	4/4	4	1	1/2	1/2	1	790					
62	62	246	246	2.0	1/2	1/2	Chord	4/4	4	1	1/2	1/2	1	791					
62	62	244	244	4.0	0	0	Chord	4/4	5	1	1	1	1	792					
63	63	248	248	4.0	0	0	Chord	4/4	1	1	1	1	1	793					
63	63	248	248	2.0	0	0	Chord	4/4	2	1	1/2	1/2	1	794					
63	63	248	248	1.0	0	0	Chord	4/4	3	1	1/4	1/4	1	795					
63	63	249	249	0.5	1/4	1/4	Chord	4/4	3	1	1/8	1/8	1	796					
63	63	499/2	499/2	0.5	3/8	3/8	Chord	4/4	3	1	1/8	1/8	1	797					
63	63	250	250	1.0	1/2	1/2	Chord	4/4	3	1	1/4	1/4	1	798					
63	63	251	251	1.0	3/4	3/4	Chord	4/4	3	1	1/4	1/4	1	799					
63	63	248	248	1.0	0	0	Chord	4/4	4	1	1/4	1/4	1	800					
63	63	249	249	0.5	1/4	1/4	Chord	4/4	4	1	1/8	1/8	1	801					
63	63	499/2	499/2	0.5	3/8	3/8	Chord	4/4	4	1	1/8	1/8	1	802					
63	63	250	250	1.0	1/2	1/2	Chord	4/4	4	1	1/4	1/4	1	803					
63	63	251	251	1.0	3/4	3/4	Chord	4/4	4	1	1/4	1/4	1	804					
63	63	248	248	4.0	0	0	Chord	4/4	5	1	1	1	1	805					
64	64	253	253	1.0	1/4	1/4	Chord	4/4	2	1	1/4	1/4	1	806					
64	64	254	254	2.0	1/2	1/2	Chord	4/4	2	1	1/2	1/2	1	807					
64	64	252	252	2.0	0	0	Chord	4/4	3	1	1/2	1/2	1	808					
64	64	254	254	1.0	1/2	1/2	Chord	4/4	3	1	1/4	1/4	1	809					
64	64	255	255	1.0	3/4	3/4	Chord	4/4	3	1	1/4	1/4	1	810					
64	64	252	252	2.0	0	0	Chord	4/4	4	1	1/2	1/2	1	811					
64	64	254	254	1.0	1/2	1/2	Chord	4/4	4	1	1/4	1/4	1	812					
64	64	255	255	1.0	3/4	3/4	Chord	4/4	4	1	1/4	1/4	1	813					
64	64	252	252	2.0	0	0	Chord	4/4	5	1	1/2	1/2	1	814					
65	65	256	256	4.0	0	0	Chord	4/4	2	1	1	1	1	815					
65	65	256	256	2.0	0	0	Chord	4/4	3	1	1/2	1/2	1	816					
65	65	258	258	2.0	1/2	1/2	Chord	4/4	3	1	1/2	1/2	1	817					
65	65	256	256	2.0	0	0	Chord	4/4	4	1	1/2	1/2	1	818					
65	65	258	258	2.0	1/2	1/2	Chord	4/4	4	1	1/2	1/2	1	819					
66	66	260	260	4.0	0	0	Chord	4/4	2	1	1	1	1	820					
66	66	260	260	4.0	0	0	Chord	4/4	3	1	1	1	1	821					
66	66	260	260	4.0	0	0	Chord	4/4	4	1	1	1	1	822					
67	67	264	264	1.0	0	0	Chord	4/4	1	1	1/4	1/4	1	823					
67	67	265	265	0.5	1/4	1/4	Chord	4/4	1	1	1/8	1/8	1	824					
67	67	531/2	531/2	0.5	3/8	3/8	Chord	4/4	1	1	1/8	1/8	1	825					
67	67	266	266	1.0	1/2	1/2	Chord	4/4	1	1	1/4	1/4	1	826					
67	67	267	267	1.0	3/4	3/4	Chord	4/4	1	1	1/4	1/4	1	827					
67	67	264	264	4.0	0	0	Chord	4/4	2	1	1	1	1	828					
67	67	264	264	2.0	0	0	Chord	4/4	3	1	1/2	1/2	1	829					
67	67	266	266	1.0	1/2	1/2	Chord	4/4	3	1	1/4	1/4	1	830					
67	67	267	267	0.5	3/4	3/4	Chord	4/4	3	1	1/8	1/8	1	831					
67	67	535/2	535/2	0.5	7/8	7/8	Chord	4/4	3	1	1/8	1/8	1	832					
67	67	264	264	4.0	0	0	Chord	4/4	4	1	1	1	1	833					
67	67	266	266	1.0	1/2	1/2	Chord	4/4	5	1	1/4	1/4	1	834					
67	67	267	267	0.5	3/4	3/4	Chord	4/4	5	1	1/8	1/8	1	835					
67	67	535/2	535/2	0.5	7/8	7/8	Chord	4/4	5	1	1/8	1/8	1	836					
68	68	268	268	1.0	0	0	Chord	4/4	1	1	1/4	1/4	1	837					
68	68	269	269	1.0	1/4	1/4	Chord	4/4	1	1	1/4	1/4	1	838					
68	68	268	268	1.0	0	0	Chord	4/4	3	1	1/4	1/4	1	839					
68	68	269	269	1.0	1/4	1/4	Chord	4/4	3	1	1/4	1/4	1	840					
68	68	270	270	2.0	1/2	1/2	Chord	4/4	3	1	1/2	1/2	1	841					
68	68	268	268	2.0	0	0	Chord	4/4	4	1	1/2	1/2	1	842					
68	68	271	271	1.0	3/4	3/4	Chord	4/4	4	1	1/4	1/4	1	843					
68	68	268	268	1.0	0	0	Chord	4/4	5	1	1/4	1/4	1	844					
68	68	269	269	1.0	1/4	1/4	Chord	4/4	5	1	1/4	1/4	1	845					
68	68	270	270	2.0	1/2	1/2	Chord	4/4	5	1	1/2	1/2	1	846					
69	69	273	273	1.0	1/4	1/4	Chord	4/4	1	1	1/4	1/4	1	847					
69	69	274	274	2.0	1/2	1/2	Chord	4/4	1	1	1/2	1/2	1	848					
69	69	275	275	1.0	3/4	3/4	Chord	4/4	2	1	1/4	1/4	1	849					
69	69	272	272	4.0	0	0	Chord	4/4	3	1	1	1	1	850					
69	69	272	272	4.0	0	0	Chord	4/4	4	1	1	1	1	851					
69	69	272	272	2.0	0	0	Chord	4/4	5	1	1/2	1/2	1	852					
69	69	275	275	1.0	3/4	3/4	Chord	4/4	5	1	1/4	1/4	1	853					
70	70	276	276	4.0	0	0	Chord	4/4	1	1	1	1	1	854					
70	70	276	276	3.0	0	0	Chord	4/4	2	1	3/4	1/2	3/2	855					
70	70	279	279	1.0	3/4	3/4	Chord	4/4	2	1	1/4	1/4	1	856					
70	70	276	276	2.0	0	0	Chord	4/4	4	1	1/2	1/2	1	857					
70	70	278	278	2.0	1/2	1/2	Chord	4/4	4	1	1/2	1/2	1	858					
70	70	276	276	2.0	0	0	Chord	4/4	5	1	1/2	1/2	1	859					
70	70	278	278	2.0	1/2	1/2	Chord	4/4	5	1	1/2	1/2	1	860					
71	71	280	280	1.0	0	0	Chord	4/4	1	1	1/4	1/4	1	861					
71	71	281	281	2.0	1/4	1/4	Chord	4/4	1	1	1/2	1/2	1	862					
71	71	283	283	1.0	3/4	3/4	Chord	4/4	1	1	1/4	1/4	1	863					
71	71	280	280	4.0	0	0	Chord	4/4	2	1	1	1	1	864					
71	71	280	280	4.0	0	0	Chord	4/4	4	1	1	1	1	865					
71	71	280	280	4.0	0	0	Chord	4/4	5	1	1	1	1	866					
72	72	284	284	2.0	0	0	Chord	4/4	1	1	1/2	1/2	1	867					
72	72	287	287	1.0	3/4	3/4	Chord	4/4	1	1	1/4	1/4	1	868					
72	72	284	284	2.0	0	0	Chord	4/4	2	1	1/2	1/2	1	869					
72	72	287	287	1.0	3/4	3/4	Chord	4/4	2	1	1/4	1/4	1	870					
72	72	285	285	1.0	1/4	1/4	Chord	4/4	3	1	1/4	1/4	1	871					
72	72	286	286	2.0	1/2	1/2	Chord	4/4	3	1	1/2	1/2	1	872					
72	72	284	284	3.0	0	0	Chord	4/4	4	1	3/4	1/2	3/2	873					
72	72	287	287	1.0	3/4	3/4	Chord	4/4	4	1	1/4	1/4	1	874					
72	72	284	284	2.0	0	0	Chord	4/4	5	1	1/2	1/2	1	875					
72	72	287	287	1.0	3/4	3/4	Chord	4/4	5	1	1/4	1/4	1	876					
73	73	288	288	4.0	0	0	Chord	4/4	1	1	1	1	1	877					
73	73	288	288	2.0	0	0	Chord	4/4	2	1	1/2	1/2	1	878					
73	73	290	290	2.0	1/2	1/2	Chord	4/4	2	1	1/2	1/2	1	879					
73	73	288	288	2.0	0	0	Chord	4/4	3	1	1/2	1/2	1	880					
73	73	288	288	3.0	0	0	Chord	4/4	4	1	3/4	1/2	3/2	881					
73	73	291	291	1.0	3/4	3/4	Chord	4/4	4	1	1/4	1/4	1	882					
73	73	288	288	2.0	0	0	Chord	4/4	5	1	1/2	1/2	1	883					
73	73	290	290	2.0	1/2	1/2	Chord	4/4	5	1	1/2	1/2	1	884					
74	74	292	292	1.0	0	0	Chord	4/4	1	1	1/4	1/4	1	885					
74	74	293	293	2.0	1/4	1/4	Chord	4/4	1	1	1/2	1/2	1	886					
74	74	295	295	1.0	3/4	3/4	Chord	4/4	1	1	1/4	1/4	1	887					
74	74	292	292	4.0	0	0	Chord	4/4	2	1	1	1	1	888					
74	74	293	293	1.0	1/4	1/4	Chord	4/4	3	1	1/4	1/4	1	889					
74	74	294	294	2.0	1/2	1/2	Chord	4/4	3	1	1/2	1/2	1	890					
74	74	292	292	4.0	0	0	Chord	4/4	4	1	1	1	1	891					
74	74	292	292	4.0	0	0	Chord	4/4	5	1	1	1	1	892					
75	75	296	296	4.0	0	0	Chord	4/4	1	1	1	1	1	893					
75	75	296	296	4.0	0	0	Chord	4/4	2	1	1	1	1	894					
75	75	296	296	4.0	0	0	Chord	4/4	3	1	1	1	1	895					
75	75	296	296	4.0	0	0	Chord	4/4	4	1	1	1	1	896					
75	75	296	296	4.0	0	0	Chord	4/4	5	1	1	1	1	897					
