mc	mn	quarterbeats	quarterbeats_all_endings	duration_qb	mc_onset	mn_onset	timesig	staff	voice	duration	nominal_duration	scalar	tied	tpc	midi	name	octave	chord_id
1	1	8	8	4.0	2	2	3/1	2	1	1	1	1		3	57	A3	3	0
1	1	8	8	4.0	2	2	3/1	4	1	1	1	1		3	57	A3	3	1
2	2	12	12	4.0	0	0	3/1	2	1	1	1	1		4	64	E4	4	2
2	2	12	12	4.0	0	0	3/1	4	1	1	1	1		4	64	E4	4	5
2	2	16	16	4.0	1	1	3/1	2	1	1	1	1		4	64	E4	4	3
2	2	16	16	4.0	1	1	3/1	4	1	1	1	1		4	64	E4	4	6
2	2	20	20	4.0	2	2	3/1	2	1	1	1	1		4	64	E4	4	4
2	2	20	20	4.0	2	2	3/1	4	1	1	1	1		4	64	E4	4	7
3	3	24	24	4.0	0	0	3/1	2	1	1	1	1		2	62	D4	4	8
3	3	24	24	4.0	0	0	3/1	4	1	1	1	1		2	62	D4	4	11
3	3	28	28	4.0	1	1	3/1	4	1	1	1	1		4	64	E4	4	12
3	3	28	28	8.0	1	1	3/1	2	1	2	2	1		4	64	E4	4	9
3	3	32	32	4.0	2	2	3/1	3	1	1	1	1		4	52	E3	3	10
3	3	32	32	4.0	2	2	3/1	4	1	1	1	1		4	52	E3	3	13
4	4	36	36	4.0	0	0	3/1	3	1	1	1	1		3	57	A3	3	17
4	4	36	36	4.0	0	0	3/1	4	1	1	1	1		3	57	A3	3	20
4	4	36	36	6.0	0	0	3/1	2	1	3/2	1	3/2		0	60	C4	4	14
4	4	40	40	4.0	1	1	3/1	3	1	1	1	1		3	57	A3	3	18
4	4	40	40	4.0	1	1	3/1	4	1	1	1	1		3	57	A3	3	21
4	4	42	42	2.0	3/2	3/2	3/1	2	1	1/2	1/2	1		0	60	C4	4	15
4	4	44	44	4.0	2	2	3/1	3	1	1	1	1		3	57	A3	3	19
4	4	44	44	4.0	2	2	3/1	4	1	1	1	1		3	57	A3	3	22
4	4	44	44	4.0	2	2	3/1	2	1	1	1	1		0	60	C4	4	16
5	5	48	48	4.0	0	0	3/1	3	1	1	1	1		1	55	G3	3	26
5	5	48	48	4.0	0	0	3/1	4	1	1	1	1		1	55	G3	3	28
5	5	48	48	4.0	0	0	3/1	2	1	1	1	1		5	59	B3	3	24
5	5	52	52	8.0	1	1	3/1	3	1	2	2	1		3	57	A3	3	27
5	5	52	52	8.0	1	1	3/1	4	1	2	2	1		3	57	A3	3	29
5	5	52	52	8.0	1	1	3/1	2	1	2	2	1		0	60	C4	4	25
5	5	56	56	4.0	2	2	3/1	1	1	1	1	1		4	64	E4	4	23
6	6	60	60	6.0	0	0	3/1	3	1	3/2	1	3/2		-1	53	F3	3	36
6	6	60	60	6.0	0	0	3/1	4	1	3/2	1	3/2		-1	53	F3	3	39
6	6	60	60	6.0	0	0	3/1	2	1	3/2	1	3/2		3	57	A3	3	33
6	6	60	60	4.0	0	0	3/1	1	1	1	1	1		3	69	A4	4	30
6	6	64	64	4.0	1	1	3/1	1	1	1	1	1		3	69	A4	4	31
6	6	66	66	2.0	3/2	3/2	3/1	3	1	1/2	1/2	1		-1	53	F3	3	37
6	6	66	66	2.0	3/2	3/2	3/1	4	1	1/2	1/2	1		-1	53	F3	3	40
6	6	66	66	2.0	3/2	3/2	3/1	2	1	1/2	1/2	1		3	57	A3	3	34
6	6	68	68	4.0	2	2	3/1	3	1	1	1	1		-1	53	F3	3	38
6	6	68	68	4.0	2	2	3/1	4	1	1	1	1		-1	53	F3	3	41
6	6	68	68	4.0	2	2	3/1	2	1	1	1	1		3	57	A3	3	35
6	6	68	68	4.0	2	2	3/1	1	1	1	1	1		3	69	A4	4	32
7	7	72	72	4.0	0	0	3/1	3	1	1	1	1		4	52	E3	3	45
7	7	72	72	4.0	0	0	3/1	4	1	1	1	1		4	52	E3	3	47
7	7	72	72	4.0	0	0	3/1	1	1	1	1	1		1	67	G4	4	42
7	7	76	76	8.0	1	1	3/1	3	1	2	2	1		-1	53	F3	3	46
7	7	76	76	8.0	1	1	3/1	4	1	2	2	1		-1	53	F3	3	48
7	7	76	76	8.0	1	1	3/1	1	1	2	2	1		3	69	A4	4	43
7	7	80	80	4.0	2	2	3/1	2	1	1	1	1		3	57	A3	3	44
8	8	84	84	6.0	0	0	3/1	3	1	3/2	1	3/2		2	50	D3	3	55
8	8	84	84	6.0	0	0	3/1	4	1	3/2	1	3/2		2	50	D3	3	58
8	8	84	84	4.0	0	0	3/1	2	1	1	1	1		2	62	D4	4	52
8	8	84	84	6.0	0	0	3/1	1	1	3/2	1	3/2		-1	65	F4	4	49
8	8	88	88	4.0	1	1	3/1	2	1	1	1	1		2	62	D4	4	53
8	8	90	90	2.0	3/2	3/2	3/1	3	1	1/2	1/2	1		2	50	D3	3	56
8	8	90	90	2.0	3/2	3/2	3/1	4	1	1/2	1/2	1		2	50	D3	3	59
8	8	90	90	2.0	3/2	3/2	3/1	1	1	1/2	1/2	1		-1	65	F4	4	50
8	8	92	92	4.0	2	2	3/1	3	1	1	1	1		2	50	D3	3	57
8	8	92	92	4.0	2	2	3/1	4	1	1	1	1		2	50	D3	3	60
8	8	92	92	4.0	2	2	3/1	2	1	1	1	1		2	62	D4	4	54
8	8	92	92	4.0	2	2	3/1	1	1	1	1	1		-1	65	F4	4	51
9	9	96	96	4.0	0	0	3/1	3	1	1	1	1		3	57	A3	3	65
9	9	96	96	4.0	0	0	3/1	4	1	1	1	1		3	57	A3	3	67
9	9	96	96	4.0	0	0	3/1	2	1	1	1	1		0	60	C4	4	63
9	9	96	96	4.0	0	0	3/1	1	1	1	1	1		4	64	E4	4	61
9	9	100	100	8.0	1	1	3/1	3	1	2	2	1		-1	53	F3	3	66
9	9	100	100	8.0	1	1	3/1	4	1	2	2	1		-1	53	F3	3	68
9	9	100	100	8.0	1	1	3/1	2	1	2	2	1		2	62	D4	4	64
9	9	100	100	8.0	1	1	3/1	1	1	2	2	1		-1	65	F4	4	62
10	10	108	108	6.0	0	0	3/1	3	1	3/2	1	3/2		1	55	G3	3	75
10	10	108	108	6.0	0	0	3/1	4	1	3/2	1	3/2		1	55	G3	3	78
10	10	108	108	6.0	0	0	3/1	2	1	3/2	1	3/2		5	59	B3	3	72
10	10	108	108	6.0	0	0	3/1	1	1	3/2	1	3/2		2	62	D4	4	69
10	10	114	114	2.0	3/2	3/2	3/1	3	1	1/2	1/2	1		1	55	G3	3	76
10	10	114	114	2.0	3/2	3/2	3/1	4	1	1/2	1/2	1		1	55	G3	3	79
10	10	114	114	2.0	3/2	3/2	3/1	2	1	1/2	1/2	1		5	59	B3	3	73
10	10	114	114	2.0	3/2	3/2	3/1	1	1	1/2	1/2	1		2	62	D4	4	70
10	10	116	116	4.0	2	2	3/1	3	1	1	1	1		1	55	G3	3	77
10	10	116	116	4.0	2	2	3/1	4	1	1	1	1		1	55	G3	3	80
10	10	116	116	4.0	2	2	3/1	2	1	1	1	1		5	59	B3	3	74
10	10	116	116	4.0	2	2	3/1	1	1	1	1	1		2	62	D4	4	71
11	11	120	120	4.0	0	0	3/1	2	1	1	1	1		0	60	C4	4	84
11	11	120	120	4.0	0	0	3/1	3	1	1	1	1		0	60	C4	4	87
11	11	120	120	4.0	0	0	3/1	4	1	1	1	1		0	60	C4	4	90
11	11	120	120	4.0	0	0	3/1	1	1	1	1	1		4	64	E4	4	81
11	11	124	124	4.0	1	1	3/1	2	1	1	1	1		0	60	C4	4	85
11	11	124	124	4.0	1	1	3/1	3	1	1	1	1		0	60	C4	4	88
11	11	124	124	4.0	1	1	3/1	4	1	1	1	1		0	60	C4	4	91
11	11	124	124	4.0	1	1	3/1	1	1	1	1	1		4	64	E4	4	82
11	11	128	128	4.0	2	2	3/1	2	1	1	1	1		0	60	C4	4	86
11	11	128	128	4.0	2	2	3/1	3	1	1	1	1		0	60	C4	4	89
11	11	128	128	4.0	2	2	3/1	4	1	1	1	1		0	60	C4	4	92
11	11	128	128	4.0	2	2	3/1	1	1	1	1	1		4	64	E4	4	83
12	12	132	132	4.0	0	0	3/1	2	1	1	1	1		3	57	A3	3	95
12	12	132	132	4.0	0	0	3/1	3	1	1	1	1		0	60	C4	4	97
12	12	132	132	4.0	0	0	3/1	4	1	1	1	1		0	60	C4	4	99
12	12	132	132	4.0	0	0	3/1	1	1	1	1	1		4	64	E4	4	93
12	12	136	136	4.0	1	1	3/1	2	1	1	1	1		1	55	G3	3	96
12	12	136	136	4.0	1	1	3/1	3	1	1	1	1		1	55	G3	3	98
12	12	136	136	4.0	1	1	3/1	4	1	1	1	1		1	55	G3	3	100
12	12	136	136	4.0	1	1	3/1	1	1	1	1	1		2	62	D4	4	94
13	13	144	144	4.0	0	0	3/1	2	1	1	1	1		3	57	A3	3	104
13	13	144	144	4.0	0	0	3/1	3	1	1	1	1		3	57	A3	3	107
13	13	144	144	4.0	0	0	3/1	4	1	1	1	1		3	57	A3	3	110
13	13	144	144	4.0	0	0	3/1	1	1	1	1	1		0	60	C4	4	101
13	13	148	148	4.0	1	1	3/1	2	1	1	1	1		3	57	A3	3	105
13	13	148	148	4.0	1	1	3/1	3	1	1	1	1		3	57	A3	3	108
13	13	148	148	4.0	1	1	3/1	4	1	1	1	1		3	57	A3	3	111
13	13	148	148	4.0	1	1	3/1	1	1	1	1	1		0	60	C4	4	102
13	13	152	152	4.0	2	2	3/1	2	1	1	1	1		3	57	A3	3	106
13	13	152	152	4.0	2	2	3/1	3	1	1	1	1		3	57	A3	3	109
13	13	152	152	4.0	2	2	3/1	4	1	1	1	1		3	57	A3	3	112
13	13	152	152	4.0	2	2	3/1	1	1	1	1	1		0	60	C4	4	103
14	14	156	156	4.0	0	0	3/1	2	1	1	1	1		3	57	A3	3	115
14	14	156	156	4.0	0	0	3/1	3	1	1	1	1		3	57	A3	3	117
14	14	156	156	4.0	0	0	3/1	4	1	1	1	1		3	57	A3	3	119
14	14	156	156	4.0	0	0	3/1	1	1	1	1	1		0	60	C4	4	113
14	14	160	160	4.0	1	1	3/1	3	1	1	1	1		4	52	E3	3	118
14	14	160	160	4.0	1	1	3/1	4	1	1	1	1		4	52	E3	3	120
14	14	160	160	4.0	1	1	3/1	2	1	1	1	1		1	55	G3	3	116
14	14	160	160	4.0	1	1	3/1	1	1	1	1	1		5	59	B3	3	114
15	15	168	168	4.0	0	0	3/1	3	1	1	1	1		-1	53	F3	3	121
15	15	168	168	4.0	0	0	3/1	4	1	1	1	1		-1	53	F3	3	124
15	15	172	172	4.0	1	1	3/1	3	1	1	1	1		-1	53	F3	3	122
15	15	172	172	4.0	1	1	3/1	4	1	1	1	1		-1	53	F3	3	125
15	15	176	176	4.0	2	2	3/1	3	1	1	1	1		-1	53	F3	3	123
15	15	176	176	4.0	2	2	3/1	4	1	1	1	1		-1	53	F3	3	126
16	16	180	180	4.0	0	0	3/1	3	1	1	1	1		0	48	C3	3	130
16	16	180	180	4.0	0	0	3/1	4	1	1	1	1		0	48	C3	3	133
16	16	180	180	4.0	0	0	3/1	2	1	1	1	1		0	60	C4	4	127
16	16	184	184	4.0	1	1	3/1	3	1	1	1	1		2	50	D3	3	131
16	16	184	184	4.0	1	1	3/1	4	1	1	1	1		2	50	D3	3	134
16	16	184	184	4.0	1	1	3/1	2	1	1	1	1		0	60	C4	4	128
16	16	188	188	4.0	2	2	3/1	3	1	1	1	1		4	52	E3	3	132
16	16	188	188	4.0	2	2	3/1	4	1	1	1	1		4	52	E3	3	135
16	16	188	188	4.0	2	2	3/1	2	1	1	1	1		0	60	C4	4	129
17	17	192	192	4.0	0	0	3/1	3	1	1	1	1		2	50	D3	3	142
17	17	192	192	4.0	0	0	3/1	4	1	1	1	1		2	50	D3	3	145
17	17	192	192	4.0	0	0	3/1	2	1	1	1	1		-1	53	F3	3	139
17	17	192	192	4.0	0	0	3/1	1	1	1	1	1		-1	65	F4	4	136
17	17	196	196	4.0	1	1	3/1	3	1	1	1	1		4	52	E3	3	143
17	17	196	196	4.0	1	1	3/1	4	1	1	1	1		4	52	E3	3	146
17	17	196	196	4.0	1	1	3/1	2	1	1	1	1		1	55	G3	3	140
17	17	196	196	4.0	1	1	3/1	1	1	1	1	1		-1	65	F4	4	137
17	17	200	200	4.0	2	2	3/1	3	1	1	1	1		-1	53	F3	3	144
17	17	200	200	4.0	2	2	3/1	4	1	1	1	1		-1	53	F3	3	147
17	17	200	200	4.0	2	2	3/1	2	1	1	1	1		3	57	A3	3	141
17	17	200	200	4.0	2	2	3/1	1	1	1	1	1		-1	65	F4	4	138
18	18	204	204	4.0	0	0	3/1	3	1	1	1	1		4	52	E3	3	154
18	18	204	204	4.0	0	0	3/1	4	1	1	1	1		4	52	E3	3	157
18	18	204	204	4.0	0	0	3/1	2	1	1	1	1		1	55	G3	3	151
18	18	204	204	4.0	0	0	3/1	1	1	1	1	1		0	60	C4	4	148
18	18	208	208	4.0	1	1	3/1	3	1	1	1	1		-1	53	F3	3	155
18	18	208	208	4.0	1	1	3/1	4	1	1	1	1		-1	53	F3	3	158
18	18	208	208	4.0	1	1	3/1	2	1	1	1	1		3	57	A3	3	152
18	18	208	208	4.0	1	1	3/1	1	1	1	1	1		2	62	D4	4	149
18	18	212	212	4.0	2	2	3/1	3	1	1	1	1		1	55	G3	3	156
18	18	212	212	4.0	2	2	3/1	4	1	1	1	1		1	55	G3	3	159
18	18	212	212	4.0	2	2	3/1	2	1	1	1	1		5	59	B3	3	153
18	18	212	212	4.0	2	2	3/1	1	1	1	1	1		4	64	E4	4	150
19	19	216	216	4.0	0	0	3/1	3	1	1	1	1		-1	53	F3	3	166
19	19	216	216	4.0	0	0	3/1	4	1	1	1	1		-1	53	F3	3	169
19	19	216	216	4.0	0	0	3/1	2	1	1	1	1		3	57	A3	3	163
19	19	216	216	4.0	0	0	3/1	1	1	1	1	1		2	62	D4	4	160
19	19	220	220	4.0	1	1	3/1	3	1	1	1	1		1	55	G3	3	167
19	19	220	220	4.0	1	1	3/1	4	1	1	1	1		1	55	G3	3	170
19	19	220	220	4.0	1	1	3/1	2	1	1	1	1		5	59	B3	3	164
19	19	220	220	4.0	1	1	3/1	1	1	1	1	1		4	64	E4	4	161
19	19	224	224	4.0	2	2	3/1	3	1	1	1	1		3	57	A3	3	168
19	19	224	224	4.0	2	2	3/1	4	1	1	1	1		3	57	A3	3	171
19	19	224	224	4.0	2	2	3/1	2	1	1	1	1		0	60	C4	4	165
19	19	224	224	4.0	2	2	3/1	1	1	1	1	1		-1	65	F4	4	162
20	20	228	228	4.0	0	0	3/1	3	1	1	1	1		1	55	G3	3	176
20	20	228	228	4.0	0	0	3/1	4	1	1	1	1		1	55	G3	3	178
20	20	228	228	4.0	0	0	3/1	2	1	1	1	1		5	59	B3	3	174
20	20	228	228	4.0	0	0	3/1	1	1	1	1	1		2	62	D4	4	172
20	20	232	232	4.0	1	1	3/1	3	1	1	1	1		0	48	C3	3	177
20	20	232	232	4.0	1	1	3/1	4	1	1	1	1		0	48	C3	3	179
20	20	232	232	4.0	1	1	3/1	2	1	1	1	1		0	60	C4	4	175
20	20	232	232	4.0	1	1	3/1	1	1	1	1	1		4	64	E4	4	173
21	21	241	241	1.0	1/4	1/4	4/4	3	1	1/4	1/4	1		0	60	C4	4	181
21	21	241	241	1.0	1/4	1/4	4/4	4	1	1/4	1/4	1		0	60	C4	4	183
21	21	242	242	2.0	1/2	1/2	4/4	3	1	1/2	1/2	1		8	56	G#3	3	182
21	21	242	242	2.0	1/2	1/2	4/4	4	1	1/2	1/2	1		8	56	G#3	3	184
21	21	243	243	1.0	3/4	3/4	4/4	2	1	1/4	1/4	1	1	2	62	D4	4	180
22	22	244	244	4.0	0	0	4/4	4	1	1	1	1	1	8	56	G#3	3	191
22	22	244	244	1.0	0	0	4/4	2	1	1/4	1/4	1	-1	2	62	D4	4	185
22	22	245	245	0.5	1/4	1/4	4/4	2	1	1/8	1/8	1		0	60	C4	4	186
22	22	491/2	491/2	0.5	3/8	3/8	4/4	2	1	1/8	1/8	1		5	59	B3	3	187
22	22	246	246	0.75	1/2	1/2	4/4	2	1	3/16	1/8	3/2		5	59	B3	3	188
22	22	987/4	987/4	0.25	11/16	11/16	4/4	2	1	1/16	1/16	1		5	59	B3	3	189
22	22	247	247	1.0	3/4	3/4	4/4	2	1	1/4	1/4	1		5	59	B3	3	190
23	23	248	248	4.0	0	0	4/4	4	1	1	1	1	-1	8	56	G#3	3	197
23	23	497/2	497/2	0.5	1/8	1/8	4/4	2	1	1/8	1/8	1		5	59	B3	3	192
23	23	249	249	0.5	1/4	1/4	4/4	2	1	1/8	1/8	1		5	59	B3	3	193
23	23	499/2	499/2	0.5	3/8	3/8	4/4	2	1	1/8	1/8	1		5	59	B3	3	194
23	23	250	250	1.5	1/2	1/2	4/4	2	1	3/8	1/4	3/2		3	57	A3	3	195
23	23	503/2	503/2	0.5	7/8	7/8	4/4	2	1	1/8	1/8	1		8	56	G#3	3	196
24	24	252	252	1.5	0	0	4/4	2	1	3/8	1/4	3/2		3	57	A3	3	198
24	24	252	252	2.0	0	0	4/4	4	1	1/2	1/2	1		3	57	A3	3	202
24	24	507/2	507/2	0.5	3/8	3/8	4/4	2	1	1/8	1/8	1		3	57	A3	3	199
24	24	254	254	2.0	1/2	1/2	4/4	2	1	1/2	1/2	1		3	57	A3	3	200
24	24	254	254	2.0	1/2	1/2	4/4	4	1	1/2	1/2	1		3	57	A3	3	203
24	24	255	255	1.0	3/4	3/4	4/4	3	1	1/4	1/4	1		0	60	C4	4	201
25	25	256	256	2.0	0	0	4/4	3	1	1/2	1/2	1		8	56	G#3	3	211
25	25	256	256	4.0	0	0	4/4	4	1	1	1	1	1	8	56	G#3	3	212
25	25	513/2	513/2	0.5	1/8	1/8	4/4	1	1	1/8	1/8	1		4	64	E4	4	204
25	25	257	257	0.75	1/4	1/4	4/4	1	1	3/16	1/8	3/2		4	64	E4	4	205
25	25	1031/4	1031/4	0.25	7/16	7/16	4/4	1	1	1/16	1/16	1		2	62	D4	4	206
25	25	258	258	0.75	1/2	1/2	4/4	1	1	3/16	1/8	3/2		2	62	D4	4	207
25	25	1035/4	1035/4	0.25	11/16	11/16	4/4	1	1	1/16	1/16	1		0	60	C4	4	208
25	25	259	259	0.75	3/4	3/4	4/4	1	1	3/16	1/8	3/2		0	60	C4	4	209
25	25	1039/4	1039/4	0.25	15/16	15/16	4/4	1	1	1/16	1/16	1		5	59	B3	3	210
26	26	260	260	4.0	0	0	4/4	4	1	1	1	1	-1	8	56	G#3	3	220
26	26	260	260	1.0	0	0	4/4	1	1	1/4	1/4	1		5	59	B3	3	213
26	26	261	261	2.0	1/4	1/4	4/4	3	1	1/2	1/2	1		5	59	B3	3	217
26	26	261	261	2.0	1/4	1/4	4/4	1	1	1/2	1/2	1		2	62	D4	4	214
26	26	263	263	0.5	3/4	3/4	4/4	3	1	1/8	1/8	1		3	57	A3	3	218
26	26	263	263	0.5	3/4	3/4	4/4	1	1	1/8	1/8	1		0	60	C4	4	215
26	26	527/2	527/2	0.5	7/8	7/8	4/4	3	1	1/8	1/8	1		8	56	G#3	3	219
26	26	527/2	527/2	0.5	7/8	7/8	4/4	1	1	1/8	1/8	1		5	59	B3	3	216
27	27	264	264	1.5	0	0	4/4	3	1	3/8	1/4	3/2		3	57	A3	3	224
27	27	264	264	4.0	0	0	4/4	4	1	1	1	1		3	57	A3	3	227
27	27	264	264	1.5	0	0	4/4	1	1	3/8	1/4	3/2		0	60	C4	4	221
27	27	531/2	531/2	0.5	3/8	3/8	4/4	3	1	1/8	1/8	1		3	57	A3	3	225
27	27	531/2	531/2	0.5	3/8	3/8	4/4	1	1	1/8	1/8	1		0	60	C4	4	222
27	27	266	266	2.0	1/2	1/2	4/4	3	1	1/2	1/2	1		3	57	A3	3	226
27	27	266	266	2.0	1/2	1/2	4/4	1	1	1/2	1/2	1		0	60	C4	4	223
28	28	268	268	4.0	0	0	4/4	4	1	1	1	1		1	55	G3	3	233
28	28	537/2	537/2	0.5	1/8	1/8	4/4	3	1	1/8	1/8	1		1	55	G3	3	228
28	28	269	269	0.5	1/4	1/4	4/4	3	1	1/8	1/8	1		1	55	G3	3	229
28	28	539/2	539/2	0.5	3/8	3/8	4/4	3	1	1/8	1/8	1		1	55	G3	3	230
28	28	270	270	1.5	1/2	1/2	4/4	3	1	3/8	1/4	3/2		-1	53	F3	3	231
28	28	543/2	543/2	0.5	7/8	7/8	4/4	3	1	1/8	1/8	1		4	52	E3	3	232
29	29	272	272	4.0	0	0	4/4	3	1	1	1	1	1	-1	53	F3	3	248
29	29	272	272	4.0	0	0	4/4	4	1	1	1	1	1	-1	53	F3	3	249
29	29	545/2	545/2	0.5	1/8	1/8	4/4	2	1	1/8	1/8	1		-1	65	F4	4	241
29	29	545/2	545/2	0.5	1/8	1/8	4/4	1	1	1/8	1/8	1		3	69	A4	4	234
29	29	273	273	0.75	1/4	1/4	4/4	2	1	3/16	1/8	3/2		-1	65	F4	4	242
29	29	273	273	0.75	1/4	1/4	4/4	1	1	3/16	1/8	3/2		3	69	A4	4	235
29	29	1095/4	1095/4	0.25	7/16	7/16	4/4	2	1	1/16	1/16	1		4	64	E4	4	243
29	29	1095/4	1095/4	0.25	7/16	7/16	4/4	1	1	1/16	1/16	1		1	67	G4	4	236
29	29	274	274	0.75	1/2	1/2	4/4	2	1	3/16	1/8	3/2		4	64	E4	4	244
29	29	274	274	0.75	1/2	1/2	4/4	1	1	3/16	1/8	3/2		1	67	G4	4	237
29	29	1099/4	1099/4	0.25	11/16	11/16	4/4	2	1	1/16	1/16	1		2	62	D4	4	245
29	29	1099/4	1099/4	0.25	11/16	11/16	4/4	1	1	1/16	1/16	1		-1	65	F4	4	238
29	29	275	275	0.75	3/4	3/4	4/4	2	1	3/16	1/8	3/2		2	62	D4	4	246
29	29	275	275	0.75	3/4	3/4	4/4	1	1	3/16	1/8	3/2		-1	65	F4	4	239
29	29	1103/4	1103/4	0.25	15/16	15/16	4/4	2	1	1/16	1/16	1		2	62	D4	4	247
29	29	1103/4	1103/4	0.25	15/16	15/16	4/4	1	1	1/16	1/16	1		-1	65	F4	4	240
30	30	276	276	4.0	0	0	4/4	3	1	1	1	1	-1	-1	53	F3	3	258
30	30	276	276	4.0	0	0	4/4	4	1	1	1	1	-1	-1	53	F3	3	259
30	30	276	276	1.0	0	0	4/4	2	1	1/4	1/4	1		2	62	D4	4	254
30	30	276	276	1.0	0	0	4/4	1	1	1/4	1/4	1		-1	65	F4	4	250
30	30	277	277	2.0	1/4	1/4	4/4	2	1	1/2	1/2	1		0	60	C4	4	255
30	30	277	277	2.0	1/4	1/4	4/4	1	1	1/2	1/2	1		4	64	E4	4	251
30	30	279	279	0.5	3/4	3/4	4/4	2	1	1/8	1/8	1		5	59	B3	3	256
30	30	279	279	0.5	3/4	3/4	4/4	1	1	1/8	1/8	1		2	62	D4	4	252
30	30	559/2	559/2	0.5	7/8	7/8	4/4	2	1	1/8	1/8	1		3	57	A3	3	257
30	30	559/2	559/2	0.5	7/8	7/8	4/4	1	1	1/8	1/8	1		0	60	C4	4	253
31	31	280	280	4.0	0	0	4/4	3	1	1	1	1		-1	53	F3	3	272
31	31	280	280	4.0	0	0	4/4	4	1	1	1	1		-1	53	F3	3	273
31	31	280	280	0.75	0	0	4/4	2	1	3/16	1/8	3/2		3	57	A3	3	266
31	31	280	280	0.75	0	0	4/4	1	1	3/16	1/8	3/2		2	62	D4	4	260
31	31	1123/4	1123/4	0.25	3/16	3/16	4/4	2	1	1/16	1/16	1		3	57	A3	3	267
31	31	1123/4	1123/4	0.25	3/16	3/16	4/4	1	1	1/16	1/16	1		2	62	D4	4	261
31	31	281	281	1.0	1/4	1/4	4/4	2	1	1/4	1/4	1		3	57	A3	3	268
31	31	281	281	1.0	1/4	1/4	4/4	1	1	1/4	1/4	1		2	62	D4	4	262
31	31	565/2	565/2	0.5	5/8	5/8	4/4	2	1	1/8	1/8	1		3	57	A3	3	269
31	31	565/2	565/2	0.5	5/8	5/8	4/4	1	1	1/8	1/8	1		2	62	D4	4	263
31	31	283	283	0.5	3/4	3/4	4/4	2	1	1/8	1/8	1		3	57	A3	3	270
31	31	283	283	0.5	3/4	3/4	4/4	1	1	1/8	1/8	1		2	62	D4	4	264
31	31	567/2	567/2	0.5	7/8	7/8	4/4	2	1	1/8	1/8	1		3	57	A3	3	271
31	31	567/2	567/2	0.5	7/8	7/8	4/4	1	1	1/8	1/8	1		2	62	D4	4	265
32	32	284	284	4.0	0	0	4/4	3	1	1	1	1	1	4	52	E3	3	282
32	32	284	284	4.0	0	0	4/4	4	1	1	1	1		4	52	E3	3	283
32	32	284	284	0.75	0	0	4/4	2	1	3/16	1/8	3/2		3	57	A3	3	278
32	32	284	284	0.75	0	0	4/4	1	1	3/16	1/8	3/2		0	60	C4	4	274
32	32	1139/4	1139/4	0.25	3/16	3/16	4/4	2	1	1/16	1/16	1		8	56	G#3	3	279
32	32	1139/4	1139/4	0.25	3/16	3/16	4/4	1	1	1/16	1/16	1		5	59	B3	3	275
32	32	285	285	2.0	1/4	1/4	4/4	2	1	1/2	1/2	1		3	57	A3	3	280
32	32	285	285	2.0	1/4	1/4	4/4	1	1	1/2	1/2	1		0	60	C4	4	276
32	32	287	287	1.0	3/4	3/4	4/4	2	1	1/4	1/4	1		8	56	G#3	3	281
32	32	287	287	1.0	3/4	3/4	4/4	1	1	1/4	1/4	1		5	59	B3	3	277
33	33	288	288	2.0	0	0	4/4	3	1	1/2	1/2	1	-1	4	52	E3	3	287
33	33	288	288	2.0	0	0	4/4	4	1	1/2	1/2	1		4	52	E3	3	288
33	33	288	288	2.0	0	0	4/4	2	1	1/2	1/2	1		8	56	G#3	3	286
33	33	288	288	2.0	0	0	4/4	1	1	1/2	1/2	1		5	59	B3	3	284
33	33	291	291	1.0	3/4	3/4	4/4	1	1	1/4	1/4	1		4	64	E4	4	285
33	33	291	291	1.0	3/4	3/4	4/4	4	1	1/4	1/4	1		4	64	E4	4	289
34	34	292	292	4.0	0	0	3/1	1	1	1	1	1		-1	65	F4	4	290
34	34	292	292	4.0	0	0	3/1	4	1	1	1	1		-1	65	F4	4	295
34	34	296	296	2.0	1	1	3/1	1	1	1/2	1/2	1		2	62	D4	4	291
34	34	296	296	2.0	1	1	3/1	4	1	1/2	1/2	1		2	62	D4	4	296
34	34	298	298	2.0	3/2	3/2	3/1	4	1	1/2	1/2	1		1	67	G4	4	297
34	34	298	298	4.0	3/2	3/2	3/1	1	1	1	1	1		1	67	G4	4	292
34	34	300	300	4.0	2	2	3/1	3	1	1	1	1		4	52	E3	3	294
34	34	300	300	4.0	2	2	3/1	4	1	1	1	1		4	52	E3	3	298
34	34	302	302	2.0	5/2	5/2	3/1	1	1	1/2	1/2	1		4	64	E4	4	293
35	35	304	304	4.0	0	0	3/1	3	1	1	1	1		-1	53	F3	3	304
35	35	304	304	4.0	0	0	3/1	4	1	1	1	1		-1	53	F3	3	308
35	35	304	304	4.0	0	0	3/1	1	1	1	1	1		3	69	A4	4	299
35	35	308	308	2.0	1	1	3/1	3	1	1/2	1/2	1		2	50	D3	3	305
35	35	308	308	2.0	1	1	3/1	4	1	1/2	1/2	1		2	50	D3	3	309
35	35	308	308	2.0	1	1	3/1	1	1	1/2	1/2	1		-1	65	F4	4	300
35	35	310	310	4.0	3/2	3/2	3/1	3	1	1	1	1		1	55	G3	3	306
35	35	310	310	4.0	3/2	3/2	3/1	4	1	1	1	1		1	55	G3	3	310
35	35	310	310	4.0	3/2	3/2	3/1	1	1	1	1	1		2	62	D4	4	301
35	35	312	312	4.0	2	2	3/1	2	1	1	1	1		5	59	B3	3	303
35	35	314	314	2.0	5/2	5/2	3/1	3	1	1/2	1/2	1		4	52	E3	3	307
35	35	314	314	2.0	5/2	5/2	3/1	4	1	1/2	1/2	1		4	52	E3	3	311
35	35	314	314	2.0	5/2	5/2	3/1	1	1	1/2	1/2	1		1	67	G4	4	302
36	36	316	316	4.0	0	0	3/1	3	1	1	1	1		3	57	A3	3	320
36	36	316	316	4.0	0	0	3/1	4	1	1	1	1		3	57	A3	3	324
36	36	316	316	3.0	0	0	3/1	1	1	3/4	1/2	3/2		0	60	C4	4	312
36	36	316	316	4.0	0	0	3/1	2	1	1	1	1		0	60	C4	4	316
36	36	319	319	1.0	3/4	3/4	3/1	1	1	1/4	1/4	1		0	60	C4	4	313
36	36	320	320	2.0	1	1	3/1	3	1	1/2	1/2	1		-1	53	F3	3	321
36	36	320	320	2.0	1	1	3/1	4	1	1/2	1/2	1		-1	53	F3	3	325
36	36	320	320	2.0	1	1	3/1	2	1	1/2	1/2	1		3	57	A3	3	317
36	36	320	320	4.0	1	1	3/1	1	1	1	1	1		2	62	D4	4	314
36	36	322	322	4.0	3/2	3/2	3/1	3	1	1	1	1		2	50	D3	3	322
36	36	322	322	4.0	3/2	3/2	3/1	4	1	1	1	1		2	50	D3	3	326
36	36	322	322	4.0	3/2	3/2	3/1	2	1	1	1	1		2	62	D4	4	318
36	36	324	324	4.0	2	2	3/1	1	1	1	1	1		5	59	B3	3	315
36	36	326	326	2.0	5/2	5/2	3/1	3	1	1/2	1/2	1		1	55	G3	3	323
36	36	326	326	2.0	5/2	5/2	3/1	4	1	1/2	1/2	1		1	55	G3	3	327
36	36	326	326	2.0	5/2	5/2	3/1	2	1	1/2	1/2	1		5	59	B3	3	319
37	37	328	328	3.0	0	0	3/1	3	1	3/4	1/2	3/2		0	48	C3	3	333
37	37	328	328	3.0	0	0	3/1	4	1	3/4	1/2	3/2		0	48	C3	3	337
37	37	328	328	4.0	0	0	3/1	1	1	1	1	1		0	60	C4	4	328
37	37	328	328	4.0	0	0	3/1	2	1	1	1	1		0	60	C4	4	332
37	37	331	331	1.0	3/4	3/4	3/1	3	1	1/4	1/4	1		0	48	C3	3	334
37	37	331	331	1.0	3/4	3/4	3/1	4	1	1/4	1/4	1		0	48	C3	3	338
37	37	332	332	4.0	1	1	3/1	3	1	1	1	1		2	50	D3	3	335
37	37	332	332	4.0	1	1	3/1	4	1	1	1	1		2	50	D3	3	339
37	37	332	332	2.0	1	1	3/1	1	1	1/2	1/2	1		3	57	A3	3	329
37	37	334	334	4.0	3/2	3/2	3/1	1	1	1	1	1		2	62	D4	4	330
37	37	336	336	4.0	2	2	3/1	3	1	1	1	1		5	47	B2	2	336
37	37	336	336	4.0	2	2	3/1	4	1	1	1	1		5	47	B2	2	340
37	37	338	338	2.0	5/2	5/2	3/1	1	1	1/2	1/2	1		5	59	B3	3	331
38	38	340	340	4.0	0	0	3/1	3	1	1	1	1		0	48	C3	3	346
38	38	340	340	4.0	0	0	3/1	4	1	1	1	1		0	48	C3	3	350
38	38	340	340	4.0	0	0	3/1	1	1	1	1	1		4	64	E4	4	341
38	38	344	344	2.0	1	1	3/1	3	1	1/2	1/2	1		3	45	A2	2	347
38	38	344	344	2.0	1	1	3/1	4	1	1/2	1/2	1		3	45	A2	2	351
38	38	344	344	2.0	1	1	3/1	1	1	1/2	1/2	1		0	60	C4	4	342
38	38	346	346	4.0	3/2	3/2	3/1	3	1	1	1	1		2	50	D3	3	348
38	38	346	346	4.0	3/2	3/2	3/1	4	1	1	1	1		2	50	D3	3	352
38	38	346	346	4.0	3/2	3/2	3/1	1	1	1	1	1		3	57	A3	3	343
38	38	348	348	4.0	2	2	3/1	2	1	1	1	1		6	54	F#3	3	345
38	38	350	350	2.0	5/2	5/2	3/1	3	1	1/2	1/2	1		5	47	B2	2	349
38	38	350	350	2.0	5/2	5/2	3/1	4	1	1/2	1/2	1		5	47	B2	2	353
38	38	350	350	2.0	5/2	5/2	3/1	1	1	1/2	1/2	1		2	62	D4	4	344
39	39	352	352	4.0	0	0	3/1	3	1	1	1	1		4	52	E3	3	361
39	39	352	352	4.0	0	0	3/1	4	1	1	1	1		4	52	E3	3	365
39	39	352	352	4.0	0	0	3/1	2	1	1	1	1		1	55	G3	3	357
39	39	352	352	3.0	0	0	3/1	1	1	3/4	1/2	3/2		5	59	B3	3	354
39	39	355	355	1.0	3/4	3/4	3/1	1	1	1/4	1/4	1		5	59	B3	3	355
39	39	356	356	2.0	1	1	3/1	3	1	1/2	1/2	1		0	48	C3	3	362
39	39	356	356	2.0	1	1	3/1	4	1	1/2	1/2	1		0	48	C3	3	366
39	39	356	356	2.0	1	1	3/1	2	1	1/2	1/2	1		4	52	E3	3	358
39	39	356	356	4.0	1	1	3/1	1	1	1	1	1		0	60	C4	4	356
39	39	358	358	4.0	3/2	3/2	3/1	3	1	1	1	1		3	45	A2	2	363
39	39	358	358	4.0	3/2	3/2	3/1	4	1	1	1	1		3	45	A2	2	367
39	39	358	358	4.0	3/2	3/2	3/1	2	1	1	1	1		3	57	A3	3	359
39	39	362	362	2.0	5/2	5/2	3/1	3	1	1/2	1/2	1		2	50	D3	3	364
39	39	362	362	2.0	5/2	5/2	3/1	4	1	1/2	1/2	1		2	50	D3	3	368
39	39	362	362	2.0	5/2	5/2	3/1	2	1	1/2	1/2	1		6	54	F#3	3	360
40	40	364	364	4.0	0	0	4/4	3	1	1	1	1	1	1	43	G2	2	373
40	40	364	364	4.0	0	0	4/4	4	1	1	1	1	1	1	43	G2	2	374
40	40	364	364	2.0	0	0	4/4	2	1	1/2	1/2	1		5	59	B3	3	371
40	40	365	365	1.0	1/4	1/4	4/4	1	1	1/4	1/4	1		2	62	D4	4	369
40	40	366	366	2.0	1/2	1/2	4/4	1	1	1/2	1/2	1		5	59	B3	3	370
40	40	367	367	1.0	3/4	3/4	4/4	2	1	1/4	1/4	1		1	55	G3	3	372
41	41	368	368	2.0	0	0	4/4	3	1	1/2	1/2	1	-1	1	43	G2	2	382
41	41	368	368	2.0	0	0	4/4	4	1	1/2	1/2	1	-1	1	43	G2	2	384
41	41	368	368	1.0	0	0	4/4	2	1	1/4	1/4	1		4	52	E3	3	378
41	41	368	368	1.0	0	0	4/4	1	1	1/4	1/4	1		5	59	B3	3	375
41	41	369	369	1.0	1/4	1/4	4/4	2	1	1/4	1/4	1		4	52	E3	3	379
41	41	369	369	2.0	1/4	1/4	4/4	1	1	1/2	1/2	1		0	60	C4	4	376
41	41	370	370	2.0	1/2	1/2	4/4	3	1	1/2	1/2	1		1	43	G2	2	383
41	41	370	370	2.0	1/2	1/2	4/4	4	1	1/2	1/2	1		1	43	G2	2	385
41	41	370	370	1.5	1/2	1/2	4/4	2	1	3/8	1/4	3/2		2	50	D3	3	380
41	41	371	371	1.0	3/4	3/4	4/4	1	1	1/4	1/4	1		5	59	B3	3	377
41	41	743/2	743/2	0.5	7/8	7/8	4/4	2	1	1/8	1/8	1		2	50	D3	3	381
42	42	372	372	4.0	0	0	4/4	2	1	1	1	1		0	48	C3	3	387
42	42	372	372	4.0	0	0	4/4	3	1	1	1	1		0	48	C3	3	388
42	42	372	372	4.0	0	0	4/4	4	1	1	1	1		0	48	C3	3	389
42	42	372	372	4.0	0	0	4/4	1	1	1	1	1		0	60	C4	4	386
43	43	376	376	2.0	0	0	4/4	4	1	1/2	1/2	1		0	48	C3	3	393
43	43	753/2	753/2	0.5	1/8	1/8	4/4	1	1	1/8	1/8	1		4	64	E4	4	390
43	43	377	377	2.0	1/4	1/4	4/4	1	1	1/2	1/2	1		4	64	E4	4	391
43	43	378	378	2.0	1/2	1/2	4/4	4	1	1/2	1/2	1		-1	53	F3	3	394
43	43	379	379	1.0	3/4	3/4	4/4	1	1	1/4	1/4	1		2	62	D4	4	392
44	44	380	380	2.0	0	0	4/4	4	1	1/2	1/2	1		4	52	E3	3	400
44	44	380	380	1.0	0	0	4/4	1	1	1/4	1/4	1		4	64	E4	4	395
44	44	763/2	763/2	0.5	3/8	3/8	4/4	1	1	1/8	1/8	1		4	64	E4	4	396
44	44	382	382	2.0	1/2	1/2	4/4	4	1	1/2	1/2	1	1	3	57	A3	3	401
44	44	382	382	0.75	1/2	1/2	4/4	1	1	3/16	1/8	3/2		0	60	C4	4	397
44	44	1531/4	1531/4	0.25	11/16	11/16	4/4	1	1	1/16	1/16	1		5	59	B3	3	398
44	44	383	383	1.0	3/4	3/4	4/4	1	1	1/4	1/4	1	1	0	60	C4	4	399
45	45	384	384	2.0	0	0	4/4	4	1	1/2	1/2	1	-1	3	57	A3	3	408
45	45	384	384	1.0	0	0	4/4	1	1	1/4	1/4	1	-1	0	60	C4	4	402
45	45	769/2	769/2	0.5	1/8	1/8	4/4	2	1	1/8	1/8	1		3	57	A3	3	404
45	45	385	385	2.0	1/4	1/4	4/4	2	1	1/2	1/2	1		3	57	A3	3	405
45	45	385	385	1.0	1/4	1/4	4/4	1	1	1/4	1/4	1		0	60	C4	4	403
45	45	386	386	1.0	1/2	1/2	4/4	4	1	1/4	1/4	1		4	52	E3	3	409
45	45	387	387	1.0	3/4	3/4	4/4	3	1	1/4	1/4	1		4	52	E3	3	407
45	45	387	387	1.0	3/4	3/4	4/4	4	1	1/4	1/4	1		4	52	E3	3	410
45	45	387	387	1.0	3/4	3/4	4/4	2	1	1/4	1/4	1		8	56	G#3	3	406
46	46	388	388	0.75	0	0	4/4	3	1	3/16	1/8	3/2		7	49	C#3	3	413
46	46	388	388	2.0	0	0	4/4	4	1	1/2	1/2	1		7	49	C#3	3	417
46	46	388	388	2.0	0	0	4/4	2	1	1/2	1/2	1		3	57	A3	3	411
46	46	1555/4	1555/4	0.25	3/16	3/16	4/4	3	1	1/16	1/16	1		5	47	B2	2	414
46	46	389	389	2.0	1/4	1/4	4/4	3	1	1/2	1/2	1		7	49	C#3	3	415
46	46	390	390	2.0	1/2	1/2	4/4	4	1	1/2	1/2	1		7	49	C#3	3	418
46	46	391	391	1.0	3/4	3/4	4/4	3	1	1/4	1/4	1		7	49	C#3	3	416
46	46	391	391	1.0	3/4	3/4	4/4	2	1	1/4	1/4	1		3	57	A3	3	412
47	47	392	392	4.0	0	0	4/4	4	1	1	1	1		2	50	D3	3	424
47	47	392	392	0.75	0	0	4/4	2	1	3/16	1/8	3/2		6	54	F#3	3	419
47	47	1571/4	1571/4	0.25	3/16	3/16	4/4	2	1	1/16	1/16	1		4	52	E3	3	420
47	47	393	393	2.0	1/4	1/4	4/4	2	1	1/2	1/2	1		6	54	F#3	3	421
47	47	395	395	1.0	3/4	3/4	4/4	3	1	1/4	1/4	1		2	50	D3	3	423
47	47	395	395	1.0	3/4	3/4	4/4	2	1	1/4	1/4	1		6	54	F#3	3	422
48	48	396	396	0.75	0	0	4/4	3	1	3/16	1/8	3/2		5	47	B2	2	427
48	48	396	396	4.0	0	0	4/4	4	1	1	1	1		5	47	B2	2	431
48	48	1587/4	1587/4	0.25	3/16	3/16	4/4	3	1	1/16	1/16	1		3	45	A2	2	428
48	48	397	397	2.0	1/4	1/4	4/4	3	1	1/2	1/2	1		5	47	B2	2	429
48	48	399	399	1.0	3/4	3/4	4/4	3	1	1/4	1/4	1		5	47	B2	2	430
48	48	399	399	1.0	3/4	3/4	4/4	2	1	1/4	1/4	1		5	59	B3	3	426
48	48	399	399	1.0	3/4	3/4	4/4	1	1	1/4	1/4	1		2	62	D4	4	425
49	49	400	400	4.0	0	0	4/4	3	1	1	1	1	1	4	40	E2	2	440
49	49	400	400	4.0	0	0	4/4	4	1	1	1	1	1	4	40	E2	2	441
49	49	400	400	0.75	0	0	4/4	2	1	3/16	1/8	3/2		8	56	G#3	3	436
49	49	400	400	0.75	0	0	4/4	1	1	3/16	1/8	3/2		5	59	B3	3	432
49	49	1603/4	1603/4	0.25	3/16	3/16	4/4	2	1	1/16	1/16	1		6	54	F#3	3	437
49	49	1603/4	1603/4	0.25	3/16	3/16	4/4	1	1	1/16	1/16	1		3	57	A3	3	433
49	49	401	401	2.0	1/4	1/4	4/4	2	1	1/2	1/2	1		8	56	G#3	3	438
49	49	401	401	2.0	1/4	1/4	4/4	1	1	1/2	1/2	1		5	59	B3	3	434
49	49	403	403	1.0	3/4	3/4	4/4	2	1	1/4	1/4	1		3	57	A3	3	439
49	49	403	403	1.0	3/4	3/4	4/4	1	1	1/4	1/4	1		5	59	B3	3	435
50	50	404	404	2.0	0	0	4/4	3	1	1/2	1/2	1	-1	4	40	E2	2	446
50	50	404	404	2.0	0	0	4/4	4	1	1/2	1/2	1	-1	4	40	E2	2	448
50	50	404	404	3.0	0	0	4/4	2	1	3/4	1/2	3/2		3	57	A3	3	444
50	50	404	404	3.0	0	0	4/4	1	1	3/4	1/2	3/2		5	59	B3	3	442
50	50	406	406	2.0	1/2	1/2	4/4	3	1	1/2	1/2	1		4	40	E2	2	447
50	50	406	406	2.0	1/2	1/2	4/4	4	1	1/2	1/2	1		4	40	E2	2	449
50	50	407	407	1.0	3/4	3/4	4/4	2	1	1/4	1/4	1		8	56	G#3	3	445
50	50	407	407	1.0	3/4	3/4	4/4	1	1	1/4	1/4	1		5	59	B3	3	443
51	51	408	408	4.0	0	0	4/4	3	1	1	1	1		3	45	A2	2	452
51	51	408	408	4.0	0	0	4/4	4	1	1	1	1		3	45	A2	2	453
51	51	408	408	4.0	0	0	4/4	1	1	1	1	1		3	57	A3	3	450
51	51	408	408	4.0	0	0	4/4	2	1	1	1	1		3	57	A3	3	451
52	52	412	412	2.0	0	0	4/4	2	1	1/2	1/2	1		4	64	E4	4	454
52	52	412	412	4.0	0	0	4/4	4	1	1	1	1		4	64	E4	4	459
52	52	414	414	0.5	1/2	1/2	4/4	2	1	1/8	1/8	1		4	64	E4	4	455
52	52	829/2	829/2	0.5	5/8	5/8	4/4	2	1	1/8	1/8	1		4	64	E4	4	456
52	52	415	415	0.75	3/4	3/4	4/4	2	1	3/16	1/8	3/2		4	64	E4	4	457
52	52	1663/4	1663/4	0.25	15/16	15/16	4/4	2	1	1/16	1/16	1		2	62	D4	4	458
53	53	416	416	0.75	0	0	4/4	2	1	3/16	1/8	3/2		4	64	E4	4	460
53	53	416	416	2.0	0	0	4/4	4	1	1/2	1/2	1		4	64	E4	4	466
53	53	1667/4	1667/4	0.25	3/16	3/16	4/4	2	1	1/16	1/16	1		4	64	E4	4	461
53	53	417	417	1.0	1/4	1/4	4/4	2	1	1/4	1/4	1		4	64	E4	4	462
53	53	837/2	837/2	0.5	5/8	5/8	4/4	2	1	1/8	1/8	1		4	64	E4	4	463
53	53	837/2	837/2	0.5	5/8	5/8	4/4	4	1	1/8	1/8	1		4	64	E4	4	467
53	53	419	419	0.5	3/4	3/4	4/4	2	1	1/8	1/8	1		4	64	E4	4	464
53	53	419	419	0.5	3/4	3/4	4/4	4	1	1/8	1/8	1		4	64	E4	4	468
53	53	839/2	839/2	0.5	7/8	7/8	4/4	2	1	1/8	1/8	1		4	64	E4	4	465
53	53	839/2	839/2	0.5	7/8	7/8	4/4	4	1	1/8	1/8	1		4	64	E4	4	469
54	54	420	420	0.75	0	0	4/4	2	1	3/16	1/8	3/2		4	64	E4	4	470
54	54	420	420	4.0	0	0	4/4	4	1	1	1	1		4	64	E4	4	476
54	54	1683/4	1683/4	0.25	3/16	3/16	4/4	2	1	1/16	1/16	1		4	64	E4	4	471
54	54	421	421	1.5	1/4	1/4	4/4	2	1	3/8	1/4	3/2		4	64	E4	4	472
54	54	845/2	845/2	0.5	5/8	5/8	4/4	2	1	1/8	1/8	1		4	64	E4	4	473
54	54	423	423	0.75	3/4	3/4	4/4	2	1	3/16	1/8	3/2		4	64	E4	4	474
54	54	1695/4	1695/4	0.25	15/16	15/16	4/4	2	1	1/16	1/16	1		2	62	D4	4	475
55	55	424	424	0.75	0	0	4/4	2	1	3/16	1/8	3/2		4	64	E4	4	477
55	55	424	424	2.0	0	0	4/4	4	1	1/2	1/2	1		4	64	E4	4	480
55	55	1699/4	1699/4	0.25	3/16	3/16	4/4	2	1	1/16	1/16	1		4	64	E4	4	478
55	55	425	425	1.0	1/4	1/4	4/4	2	1	1/4	1/4	1		4	64	E4	4	479
56	56	428	428	2.0	0	0	4/4	3	1	1/2	1/2	1		3	57	A3	3	486
56	56	428	428	3.0	0	0	4/4	4	1	3/4	1/2	3/2		3	57	A3	3	491
56	56	428	428	1.0	0	0	4/4	2	1	1/4	1/4	1		4	64	E4	4	481
56	56	429	429	1.5	1/4	1/4	4/4	2	1	3/8	1/4	3/2		0	60	C4	4	482
56	56	430	430	0.5	1/2	1/2	4/4	3	1	1/8	1/8	1		3	57	A3	3	487
56	56	861/2	861/2	0.5	5/8	5/8	4/4	3	1	1/8	1/8	1		3	57	A3	3	488
56	56	861/2	861/2	0.5	5/8	5/8	4/4	2	1	1/8	1/8	1		0	60	C4	4	483
56	56	431	431	0.75	3/4	3/4	4/4	3	1	3/16	1/8	3/2		3	57	A3	3	489
56	56	431	431	0.75	3/4	3/4	4/4	4	1	3/16	1/8	3/2		3	57	A3	3	492
56	56	431	431	0.5	3/4	3/4	4/4	2	1	1/8	1/8	1		0	60	C4	4	484
56	56	863/2	863/2	0.5	7/8	7/8	4/4	2	1	1/8	1/8	1		5	59	B3	3	485
56	56	1727/4	1727/4	0.25	15/16	15/16	4/4	3	1	1/16	1/16	1		8	56	G#3	3	490
56	56	1727/4	1727/4	0.25	15/16	15/16	4/4	4	1	1/16	1/16	1		8	56	G#3	3	493
57	57	432	432	0.75	0	0	4/4	3	1	3/16	1/8	3/2		3	57	A3	3	500
57	57	432	432	2.0	0	0	4/4	4	1	1/2	1/2	1		3	57	A3	3	506
57	57	432	432	0.75	0	0	4/4	2	1	3/16	1/8	3/2		0	60	C4	4	494
57	57	1731/4	1731/4	0.25	3/16	3/16	4/4	3	1	1/16	1/16	1		3	57	A3	3	501
57	57	1731/4	1731/4	0.25	3/16	3/16	4/4	2	1	1/16	1/16	1		0	60	C4	4	495
57	57	433	433	1.0	1/4	1/4	4/4	3	1	1/4	1/4	1		3	57	A3	3	502
57	57	433	433	1.0	1/4	1/4	4/4	2	1	1/4	1/4	1		0	60	C4	4	496
57	57	869/2	869/2	0.5	5/8	5/8	4/4	3	1	1/8	1/8	1		3	57	A3	3	503
57	57	869/2	869/2	0.5	5/8	5/8	4/4	4	1	1/8	1/8	1		3	57	A3	3	507
57	57	869/2	869/2	0.5	5/8	5/8	4/4	2	1	1/8	1/8	1		0	60	C4	4	497
57	57	435	435	0.5	3/4	3/4	4/4	3	1	1/8	1/8	1		3	57	A3	3	504
57	57	435	435	0.5	3/4	3/4	4/4	4	1	1/8	1/8	1		3	57	A3	3	508
57	57	435	435	0.5	3/4	3/4	4/4	2	1	1/8	1/8	1		0	60	C4	4	498
57	57	871/2	871/2	0.5	7/8	7/8	4/4	3	1	1/8	1/8	1		3	57	A3	3	505
57	57	871/2	871/2	0.5	7/8	7/8	4/4	4	1	1/8	1/8	1		3	57	A3	3	509
57	57	871/2	871/2	0.5	7/8	7/8	4/4	2	1	1/8	1/8	1		0	60	C4	4	499
58	58	436	436	0.75	0	0	4/4	3	1	3/16	1/8	3/2		3	57	A3	3	513
58	58	436	436	1.0	0	0	4/4	4	1	1/4	1/4	1		3	57	A3	3	519
58	58	436	436	1.5	0	0	4/4	2	1	3/8	1/4	3/2		0	60	C4	4	510
58	58	1747/4	1747/4	0.25	3/16	3/16	4/4	3	1	1/16	1/16	1		3	57	A3	3	514
58	58	437	437	1.5	1/4	1/4	4/4	3	1	3/8	1/4	3/2		3	57	A3	3	515
58	58	437	437	2.0	1/4	1/4	4/4	4	1	1/2	1/2	1		3	57	A3	3	520
58	58	875/2	875/2	0.5	3/8	3/8	4/4	2	1	1/8	1/8	1		0	60	C4	4	511
58	58	438	438	2.0	1/2	1/2	4/4	2	1	1/2	1/2	1		5	59	B3	3	512
58	58	877/2	877/2	0.5	5/8	5/8	4/4	3	1	1/8	1/8	1		3	57	A3	3	516
58	58	439	439	0.5	3/4	3/4	4/4	3	1	1/8	1/8	1		3	57	A3	3	517
58	58	439	439	0.75	3/4	3/4	4/4	4	1	3/16	1/8	3/2		3	57	A3	3	521
58	58	879/2	879/2	0.5	7/8	7/8	4/4	3	1	1/8	1/8	1		8	56	G#3	3	518
58	58	1759/4	1759/4	0.25	15/16	15/16	4/4	4	1	1/16	1/16	1		8	56	G#3	3	522
59	59	440	440	0.75	0	0	4/4	3	1	3/16	1/8	3/2		3	57	A3	3	526
59	59	440	440	2.0	0	0	4/4	4	1	1/2	1/2	1		3	57	A3	3	529
59	59	1763/4	1763/4	0.25	3/16	3/16	4/4	3	1	1/16	1/16	1		3	57	A3	3	527
59	59	441	441	1.0	1/4	1/4	4/4	3	1	1/4	1/4	1		3	57	A3	3	528
59	59	442	442	2.0	1/2	1/2	4/4	4	1	1/2	1/2	1		3	57	A3	3	530
59	59	885/2	885/2	0.5	5/8	5/8	4/4	2	1	1/8	1/8	1		4	64	E4	4	523
59	59	443	443	0.5	3/4	3/4	4/4	2	1	1/8	1/8	1		4	64	E4	4	524
59	59	887/2	887/2	0.5	7/8	7/8	4/4	2	1	1/8	1/8	1		4	64	E4	4	525
60	60	444	444	1.0	0	0	4/4	3	1	1/4	1/4	1		3	57	A3	3	538
60	60	444	444	1.0	0	0	4/4	4	1	1/4	1/4	1		3	57	A3	3	543
60	60	444	444	3.0	0	0	4/4	2	1	3/4	1/2	3/2		4	64	E4	4	536
60	60	444	444	2.0	0	0	4/4	1	1	1/2	1/2	1		3	69	A4	4	531
60	60	445	445	1.5	1/4	1/4	4/4	3	1	3/8	1/4	3/2		-1	53	F3	3	539
60	60	445	445	2.0	1/4	1/4	4/4	4	1	1/2	1/2	1		-1	53	F3	3	544
60	60	446	446	0.5	1/2	1/2	4/4	1	1	1/8	1/8	1		3	69	A4	4	532
60	60	893/2	893/2	0.5	5/8	5/8	4/4	3	1	1/8	1/8	1		-1	53	F3	3	540
60	60	893/2	893/2	0.5	5/8	5/8	4/4	1	1	1/8	1/8	1		3	69	A4	4	533
60	60	447	447	0.5	3/4	3/4	4/4	3	1	1/8	1/8	1		-1	53	F3	3	541
60	60	447	447	0.5	3/4	3/4	4/4	4	1	1/8	1/8	1		-1	53	F3	3	545
60	60	447	447	1.0	3/4	3/4	4/4	2	1	1/4	1/4	1		2	62	D4	4	537
60	60	447	447	0.75	3/4	3/4	4/4	1	1	3/16	1/8	3/2		3	69	A4	4	534
60	60	895/2	895/2	0.5	7/8	7/8	4/4	3	1	1/8	1/8	1		4	52	E3	3	542
60	60	895/2	895/2	0.5	7/8	7/8	4/4	4	1	1/8	1/8	1		-1	53	F3	3	546
60	60	1791/4	1791/4	0.25	15/16	15/16	4/4	1	1	1/16	1/16	1		1	67	G4	4	535
61	61	448	448	0.75	0	0	4/4	3	1	3/16	1/8	3/2		-1	53	F3	3	556
61	61	448	448	2.0	0	0	4/4	4	1	1/2	1/2	1		-1	53	F3	3	562
61	61	448	448	2.0	0	0	4/4	2	1	1/2	1/2	1		2	62	D4	4	553
61	61	448	448	0.75	0	0	4/4	1	1	3/16	1/8	3/2		3	69	A4	4	547
61	61	1795/4	1795/4	0.25	3/16	3/16	4/4	3	1	1/16	1/16	1		-1	53	F3	3	557
61	61	1795/4	1795/4	0.25	3/16	3/16	4/4	1	1	1/16	1/16	1		3	69	A4	4	548
61	61	449	449	1.0	1/4	1/4	4/4	3	1	1/4	1/4	1		-1	53	F3	3	558
61	61	449	449	1.0	1/4	1/4	4/4	1	1	1/4	1/4	1		3	69	A4	4	549
61	61	901/2	901/2	0.5	5/8	5/8	4/4	3	1	1/8	1/8	1		-1	53	F3	3	559
61	61	901/2	901/2	0.5	5/8	5/8	4/4	4	1	1/8	1/8	1		-1	53	F3	3	563
61	61	901/2	901/2	0.5	5/8	5/8	4/4	2	1	1/8	1/8	1		4	64	E4	4	554
61	61	901/2	901/2	0.5	5/8	5/8	4/4	1	1	1/8	1/8	1		3	69	A4	4	550
61	61	451	451	0.5	3/4	3/4	4/4	3	1	1/8	1/8	1		-1	53	F3	3	560
61	61	451	451	0.5	3/4	3/4	4/4	4	1	1/8	1/8	1		-1	53	F3	3	564
61	61	451	451	1.0	3/4	3/4	4/4	2	1	1/4	1/4	1	1	4	64	E4	4	555
61	61	451	451	0.5	3/4	3/4	4/4	1	1	1/8	1/8	1		3	69	A4	4	551
61	61	903/2	903/2	0.5	7/8	7/8	4/4	3	1	1/8	1/8	1		-1	53	F3	3	561
61	61	903/2	903/2	0.5	7/8	7/8	4/4	4	1	1/8	1/8	1		-1	53	F3	3	565
61	61	903/2	903/2	0.5	7/8	7/8	4/4	1	1	1/8	1/8	1		3	69	A4	4	552
62	62	452	452	1.5	0	0	4/4	3	1	3/8	1/4	3/2		-1	53	F3	3	577
62	62	452	452	2.0	0	0	4/4	4	1	1/2	1/2	1		-1	53	F3	3	580
62	62	452	452	1.0	0	0	4/4	2	1	1/4	1/4	1	-1	4	64	E4	4	572
62	62	452	452	0.75	0	0	4/4	1	1	3/16	1/8	3/2		3	69	A4	4	566
62	62	1811/4	1811/4	0.25	3/16	3/16	4/4	1	1	1/16	1/16	1		3	69	A4	4	567
62	62	453	453	1.0	1/4	1/4	4/4	2	1	1/4	1/4	1		2	62	D4	4	573
62	62	453	453	1.5	1/4	1/4	4/4	1	1	3/8	1/4	3/2		3	69	A4	4	568
62	62	907/2	907/2	0.5	3/8	3/8	4/4	3	1	1/8	1/8	1		4	52	E3	3	578
62	62	454	454	2.0	1/2	1/2	4/4	3	1	1/2	1/2	1		4	52	E3	3	579
62	62	454	454	2.0	1/2	1/2	4/4	4	1	1/2	1/2	1		4	52	E3	3	581
62	62	454	454	0.75	1/2	1/2	4/4	2	1	3/16	1/8	3/2		4	64	E4	4	574
62	62	909/2	909/2	0.5	5/8	5/8	4/4	1	1	1/8	1/8	1		3	69	A4	4	569
62	62	1819/4	1819/4	0.25	11/16	11/16	4/4	2	1	1/16	1/16	1		4	64	E4	4	575
62	62	455	455	1.0	3/4	3/4	4/4	2	1	1/4	1/4	1		4	64	E4	4	576
62	62	455	455	0.5	3/4	3/4	4/4	1	1	1/8	1/8	1		3	69	A4	4	570
62	62	911/2	911/2	0.5	7/8	7/8	4/4	1	1	1/8	1/8	1		8	68	G#4	4	571
63	63	456	456	0.5	0	0	4/4	4	1	1/8	1/8	1		3	45	A2	2	589
63	63	456	456	0.75	0	0	4/4	1	1	3/16	1/8	3/2		3	69	A4	4	582
63	63	913/2	913/2	0.5	1/8	1/8	4/4	3	1	1/8	1/8	1		3	57	A3	3	585
63	63	913/2	913/2	0.5	1/8	1/8	4/4	4	1	1/8	1/8	1		3	57	A3	3	590
63	63	1827/4	1827/4	0.25	3/16	3/16	4/4	1	1	1/16	1/16	1		3	69	A4	4	583
63	63	457	457	0.5	1/4	1/4	4/4	3	1	1/8	1/8	1		3	57	A3	3	586
63	63	457	457	0.5	1/4	1/4	4/4	4	1	1/8	1/8	1		3	57	A3	3	591
63	63	457	457	1.0	1/4	1/4	4/4	1	1	1/4	1/4	1		3	69	A4	4	584
63	63	915/2	915/2	0.5	3/8	3/8	4/4	3	1	1/8	1/8	1		3	57	A3	3	587
63	63	915/2	915/2	0.5	3/8	3/8	4/4	4	1	1/8	1/8	1		3	57	A3	3	592
63	63	458	458	2.0	1/2	1/2	4/4	3	1	1/2	1/2	1	1	3	57	A3	3	588
63	63	458	458	2.0	1/2	1/2	4/4	4	1	1/2	1/2	1	1	3	57	A3	3	593
64	64	460	460	1.0	0	0	4/4	3	1	1/4	1/4	1	-1	3	57	A3	3	604
64	64	460	460	1.0	0	0	4/4	4	1	1/4	1/4	1	-1	3	57	A3	3	607
64	64	460	460	1.0	0	0	4/4	2	1	1/4	1/4	1		2	62	D4	4	599
64	64	460	460	1.0	0	0	4/4	1	1	1/4	1/4	1		-1	65	F4	4	594
64	64	461	461	1.0	1/4	1/4	4/4	3	1	1/4	1/4	1		8	56	G#3	3	605
64	64	461	461	1.0	1/4	1/4	4/4	4	1	1/4	1/4	1		8	56	G#3	3	608
64	64	461	461	1.5	1/4	1/4	4/4	2	1	3/8	1/4	3/2		5	59	B3	3	600
64	64	461	461	1.5	1/4	1/4	4/4	1	1	3/8	1/4	3/2		2	62	D4	4	595
64	64	462	462	2.0	1/2	1/2	4/4	3	1	1/2	1/2	1		8	56	G#3	3	606
64	64	462	462	2.0	1/2	1/2	4/4	4	1	1/2	1/2	1		8	56	G#3	3	609
64	64	925/2	925/2	0.5	5/8	5/8	4/4	2	1	1/8	1/8	1		5	59	B3	3	601
64	64	925/2	925/2	0.5	5/8	5/8	4/4	1	1	1/8	1/8	1		2	62	D4	4	596
64	64	463	463	0.5	3/4	3/4	4/4	2	1	1/8	1/8	1		5	59	B3	3	602
64	64	463	463	0.5	3/4	3/4	4/4	1	1	1/8	1/8	1		2	62	D4	4	597
64	64	927/2	927/2	0.5	7/8	7/8	4/4	2	1	1/8	1/8	1		3	57	A3	3	603
64	64	927/2	927/2	0.5	7/8	7/8	4/4	1	1	1/8	1/8	1		7	61	C#4	4	598
65	65	464	464	1.0	0	0	4/4	4	1	1/4	1/4	1		3	57	A3	3	625
65	65	464	464	0.75	0	0	4/4	2	1	3/16	1/8	3/2		5	59	B3	3	616
65	65	464	464	0.75	0	0	4/4	1	1	3/16	1/8	3/2		2	62	D4	4	610
65	65	929/2	929/2	0.5	1/8	1/8	4/4	3	1	1/8	1/8	1		3	57	A3	3	622
65	65	1859/4	1859/4	0.25	3/16	3/16	4/4	2	1	1/16	1/16	1		5	59	B3	3	617
65	65	1859/4	1859/4	0.25	3/16	3/16	4/4	1	1	1/16	1/16	1		2	62	D4	4	611
65	65	465	465	2.0	1/4	1/4	4/4	3	1	1/2	1/2	1		3	57	A3	3	623
65	65	465	465	2.0	1/4	1/4	4/4	4	1	1/2	1/2	1		3	57	A3	3	626
65	65	465	465	1.0	1/4	1/4	4/4	2	1	1/4	1/4	1		5	59	B3	3	618
65	65	465	465	1.0	1/4	1/4	4/4	1	1	1/4	1/4	1		2	62	D4	4	612
65	65	933/2	933/2	0.5	5/8	5/8	4/4	2	1	1/8	1/8	1		5	59	B3	3	619
65	65	933/2	933/2	0.5	5/8	5/8	4/4	1	1	1/8	1/8	1		2	62	D4	4	613
65	65	467	467	1.0	3/4	3/4	4/4	3	1	1/4	1/4	1		8	56	G#3	3	624
65	65	467	467	1.0	3/4	3/4	4/4	4	1	1/4	1/4	1		8	56	G#3	3	627
65	65	467	467	0.5	3/4	3/4	4/4	2	1	1/8	1/8	1		5	59	B3	3	620
65	65	467	467	0.5	3/4	3/4	4/4	1	1	1/8	1/8	1		2	62	D4	4	614
65	65	935/2	935/2	0.5	7/8	7/8	4/4	2	1	1/8	1/8	1		5	59	B3	3	621
65	65	935/2	935/2	0.5	7/8	7/8	4/4	1	1	1/8	1/8	1		2	62	D4	4	615
66	66	468	468	1.5	0	0	4/4	3	1	3/8	1/4	3/2		3	57	A3	3	634
66	66	468	468	2.0	0	0	4/4	4	1	1/2	1/2	1		3	57	A3	3	637
66	66	468	468	1.5	0	0	4/4	2	1	3/8	1/4	3/2		5	59	B3	3	631
66	66	468	468	1.5	0	0	4/4	1	1	3/8	1/4	3/2		2	62	D4	4	628
66	66	939/2	939/2	0.5	3/8	3/8	4/4	3	1	1/8	1/8	1		3	57	A3	3	635
66	66	939/2	939/2	0.5	3/8	3/8	4/4	2	1	1/8	1/8	1		5	59	B3	3	632
66	66	939/2	939/2	0.5	3/8	3/8	4/4	1	1	1/8	1/8	1		2	62	D4	4	629
66	66	470	470	2.0	1/2	1/2	4/4	2	1	1/2	1/2	1		3	57	A3	3	633
66	66	470	470	2.0	1/2	1/2	4/4	3	1	1/2	1/2	1		3	57	A3	3	636
66	66	470	470	2.0	1/2	1/2	4/4	4	1	1/2	1/2	1		3	57	A3	3	638
66	66	470	470	2.0	1/2	1/2	4/4	1	1	1/2	1/2	1		0	60	C4	4	630
67	67	472	472	2.0	0	0	4/4	4	1	1/2	1/2	1		3	57	A3	3	651
67	67	945/2	945/2	0.5	1/8	1/8	4/4	3	1	1/8	1/8	1		3	57	A3	3	647
67	67	945/2	945/2	0.5	1/8	1/8	4/4	2	1	1/8	1/8	1		0	60	C4	4	643
67	67	945/2	945/2	0.5	1/8	1/8	4/4	1	1	1/8	1/8	1		4	64	E4	4	639
67	67	473	473	0.5	1/4	1/4	4/4	3	1	1/8	1/8	1		3	57	A3	3	648
67	67	473	473	0.5	1/4	1/4	4/4	2	1	1/8	1/8	1		0	60	C4	4	644
67	67	473	473	0.5	1/4	1/4	4/4	1	1	1/8	1/8	1		4	64	E4	4	640
67	67	947/2	947/2	0.5	3/8	3/8	4/4	3	1	1/8	1/8	1		3	57	A3	3	649
67	67	947/2	947/2	0.5	3/8	3/8	4/4	2	1	1/8	1/8	1		0	60	C4	4	645
67	67	947/2	947/2	0.5	3/8	3/8	4/4	1	1	1/8	1/8	1		4	64	E4	4	641
67	67	474	474	2.0	1/2	1/2	4/4	3	1	1/2	1/2	1	1	-1	53	F3	3	650
67	67	474	474	2.0	1/2	1/2	4/4	4	1	1/2	1/2	1	1	-1	53	F3	3	652
67	67	474	474	2.0	1/2	1/2	4/4	2	1	1/2	1/2	1	1	0	60	C4	4	646
67	67	474	474	2.0	1/2	1/2	4/4	1	1	1/2	1/2	1	1	4	64	E4	4	642
68	68	476	476	0.5	0	0	4/4	3	1	1/8	1/8	1	-1	-1	53	F3	3	659
68	68	476	476	1.0	0	0	4/4	4	1	1/4	1/4	1	-1	-1	53	F3	3	662
68	68	476	476	0.5	0	0	4/4	2	1	1/8	1/8	1	-1	0	60	C4	4	656
68	68	476	476	0.5	0	0	4/4	1	1	1/8	1/8	1	-1	4	64	E4	4	653
68	68	953/2	953/2	0.5	1/8	1/8	4/4	3	1	1/8	1/8	1		-1	53	F3	3	660
68	68	953/2	953/2	0.5	1/8	1/8	4/4	2	1	1/8	1/8	1		5	59	B3	3	657
68	68	953/2	953/2	0.5	1/8	1/8	4/4	1	1	1/8	1/8	1		2	62	D4	4	654
68	68	477	477	1.0	1/4	1/4	4/4	3	1	1/4	1/4	1		-1	53	F3	3	661
68	68	477	477	1.0	1/4	1/4	4/4	4	1	1/4	1/4	1		-1	53	F3	3	663
68	68	477	477	1.0	1/4	1/4	4/4	2	1	1/4	1/4	1		3	57	A3	3	658
68	68	477	477	1.0	1/4	1/4	4/4	1	1	1/4	1/4	1		2	62	D4	4	655
69	69	480	480	1.0	0	0	4/4	3	1	1/4	1/4	1		-1	53	F3	3	670
69	69	480	480	1.0	0	0	4/4	4	1	1/4	1/4	1		-1	53	F3	3	673
69	69	480	480	1.0	0	0	4/4	2	1	1/4	1/4	1		3	57	A3	3	667
69	69	480	480	1.0	0	0	4/4	1	1	1/4	1/4	1		4	64	E4	4	664
69	69	481	481	2.0	1/4	1/4	4/4	3	1	1/2	1/2	1		-1	53	F3	3	671
69	69	481	481	2.0	1/4	1/4	4/4	4	1	1/2	1/2	1		-1	53	F3	3	674
69	69	481	481	2.0	1/4	1/4	4/4	2	1	1/2	1/2	1		3	57	A3	3	668
69	69	481	481	2.0	1/4	1/4	4/4	1	1	1/2	1/2	1		4	64	E4	4	665
69	69	483	483	1.0	3/4	3/4	4/4	3	1	1/4	1/4	1		-1	53	F3	3	672
69	69	483	483	1.0	3/4	3/4	4/4	4	1	1/4	1/4	1		-1	53	F3	3	675
69	69	483	483	1.0	3/4	3/4	4/4	2	1	1/4	1/4	1		3	57	A3	3	669
69	69	483	483	1.0	3/4	3/4	4/4	1	1	1/4	1/4	1		2	62	D4	4	666
70	70	484	484	1.5	0	0	4/4	3	1	3/8	1/4	3/2		4	52	E3	3	683
70	70	484	484	2.0	0	0	4/4	4	1	1/2	1/2	1		4	52	E3	3	686
70	70	484	484	1.5	0	0	4/4	2	1	3/8	1/4	3/2		5	59	B3	3	679
70	70	484	484	1.5	0	0	4/4	1	1	3/8	1/4	3/2		4	64	E4	4	676
70	70	971/2	971/2	0.5	3/8	3/8	4/4	3	1	1/8	1/8	1		4	52	E3	3	684
70	70	971/2	971/2	0.5	3/8	3/8	4/4	2	1	1/8	1/8	1		5	59	B3	3	680
70	70	971/2	971/2	0.5	3/8	3/8	4/4	1	1	1/8	1/8	1		4	64	E4	4	677
70	70	486	486	1.0	1/2	1/2	4/4	4	1	1/4	1/4	1		4	52	E3	3	687
70	70	486	486	2.0	1/2	1/2	4/4	3	1	1/2	1/2	1		4	52	E3	3	685
70	70	486	486	1.0	1/2	1/2	4/4	2	1	1/4	1/4	1		5	59	B3	3	681
70	70	486	486	2.0	1/2	1/2	4/4	1	1	1/2	1/2	1		4	64	E4	4	678
70	70	487	487	1.0	3/4	3/4	4/4	4	1	1/4	1/4	1	1	4	52	E3	3	688
70	70	975/2	975/2	0.5	7/8	7/8	4/4	2	1	1/8	1/8	1		4	52	E3	3	682
71	71	488	488	1.0	0	0	4/4	4	1	1/4	1/4	1	-1	4	52	E3	3	695
71	71	488	488	1.0	0	0	4/4	2	1	1/4	1/4	1		1	55	G3	3	689
71	71	489	489	1.0	1/4	1/4	4/4	2	1	1/4	1/4	1		-3	51	Eb3	3	690
71	71	489	489	1.0	1/4	1/4	4/4	4	1	1/4	1/4	1		-3	51	Eb3	3	696
71	71	490	490	0.5	1/2	1/2	4/4	2	1	1/8	1/8	1		4	52	E3	3	691
71	71	490	490	2.0	1/2	1/2	4/4	4	1	1/2	1/2	1		4	52	E3	3	697
71	71	981/2	981/2	0.5	5/8	5/8	4/4	2	1	1/8	1/8	1		4	52	E3	3	692
71	71	491	491	0.5	3/4	3/4	4/4	2	1	1/8	1/8	1		4	52	E3	3	693
71	71	983/2	983/2	0.5	7/8	7/8	4/4	2	1	1/8	1/8	1		6	54	F#3	3	694
72	72	492	492	3.0	0	0	4/4	4	1	3/4	1/2	3/2		5	47	B2	2	703
72	72	492	492	1.5	0	0	4/4	2	1	3/8	1/4	3/2		1	55	G3	3	698
72	72	987/2	987/2	0.5	3/8	3/8	4/4	2	1	1/8	1/8	1		1	55	G3	3	699
72	72	494	494	1.5	1/2	1/2	4/4	2	1	3/8	1/4	3/2		6	54	F#3	3	700
72	72	495	495	1.0	3/4	3/4	4/4	3	1	1/4	1/4	1		5	47	B2	2	702
72	72	495	495	1.0	3/4	3/4	4/4	4	1	1/4	1/4	1		5	47	B2	2	704
72	72	991/2	991/2	0.5	7/8	7/8	4/4	2	1	1/8	1/8	1		6	54	F#3	3	701
73	73	496	496	1.0	0	0	4/4	3	1	1/4	1/4	1		0	48	C3	3	706
73	73	496	496	1.0	0	0	4/4	4	1	1/4	1/4	1		0	48	C3	3	712
73	73	496	496	2.0	0	0	4/4	2	1	1/2	1/2	1		4	52	E3	3	705
73	73	497	497	1.0	1/4	1/4	4/4	3	1	1/4	1/4	1		8	44	G#2	2	707
73	73	497	497	1.0	1/4	1/4	4/4	4	1	1/4	1/4	1		8	44	G#2	2	713
73	73	498	498	0.5	1/2	1/2	4/4	3	1	1/8	1/8	1		3	45	A2	2	708
73	73	498	498	1.0	1/2	1/2	4/4	4	1	1/4	1/4	1		3	45	A2	2	714
73	73	997/2	997/2	0.5	5/8	5/8	4/4	3	1	1/8	1/8	1		3	45	A2	2	709
73	73	499	499	0.5	3/4	3/4	4/4	3	1	1/8	1/8	1		3	45	A2	2	710
73	73	499	499	1.0	3/4	3/4	4/4	4	1	1/4	1/4	1		5	47	B2	2	715
73	73	999/2	999/2	0.5	7/8	7/8	4/4	3	1	1/8	1/8	1		5	47	B2	2	711
74	74	500	500	1.0	0	0	4/4	4	1	1/4	1/4	1		0	48	C3	3	724
74	74	500	500	1.5	0	0	4/4	3	1	3/8	1/4	3/2		0	48	C3	3	720
74	74	501	501	1.0	1/4	1/4	4/4	4	1	1/4	1/4	1		0	48	C3	3	725
74	74	501	501	1.0	1/4	1/4	4/4	1	1	1/4	1/4	1		4	64	E4	4	716
74	74	1003/2	1003/2	0.5	3/8	3/8	4/4	3	1	1/8	1/8	1		0	48	C3	3	721
74	74	502	502	1.5	1/2	1/2	4/4	3	1	3/8	1/4	3/2		5	47	B2	2	722
74	74	502	502	2.0	1/2	1/2	4/4	4	1	1/2	1/2	1		5	47	B2	2	726
74	74	502	502	1.0	1/2	1/2	4/4	1	1	1/4	1/4	1		1	67	G4	4	717
74	74	503	503	1.0	3/4	3/4	4/4	2	1	1/4	1/4	1		5	59	B3	3	719
74	74	503	503	1.0	3/4	3/4	4/4	1	1	1/4	1/4	1		-3	63	Eb4	4	718
74	74	1007/2	1007/2	0.5	7/8	7/8	4/4	3	1	1/8	1/8	1		5	47	B2	2	723
75	75	504	504	2.0	0	0	4/4	3	1	1/2	1/2	1		4	52	E3	3	734
75	75	504	504	2.0	0	0	4/4	4	1	1/2	1/2	1		4	52	E3	3	735
75	75	504	504	1.0	0	0	4/4	2	1	1/4	1/4	1		0	60	C4	4	731
75	75	504	504	2.0	0	0	4/4	1	1	1/2	1/2	1		4	64	E4	4	727
75	75	505	505	1.0	1/4	1/4	4/4	2	1	1/4	1/4	1		8	56	G#3	3	732
75	75	506	506	2.0	1/2	1/2	4/4	2	1	1/2	1/2	1		3	57	A3	3	733
75	75	506	506	2.0	1/2	1/2	4/4	4	1	1/2	1/2	1		3	57	A3	3	736
75	75	1013/2	1013/2	0.5	5/8	5/8	4/4	1	1	1/8	1/8	1		4	64	E4	4	728
75	75	507	507	0.5	3/4	3/4	4/4	1	1	1/8	1/8	1		4	64	E4	4	729
75	75	1015/2	1015/2	0.5	7/8	7/8	4/4	1	1	1/8	1/8	1		6	66	F#4	4	730
76	76	508	508	1.0	0	0	4/4	1	1	1/4	1/4	1		1	67	G4	4	737
76	76	1017/2	1017/2	0.5	1/8	1/8	4/4	2	1	1/8	1/8	1		5	59	B3	3	741
76	76	1017/2	1017/2	0.5	1/8	1/8	4/4	4	1	1/8	1/8	1		5	59	B3	3	746
76	76	509	509	0.5	1/4	1/4	4/4	2	1	1/8	1/8	1		5	59	B3	3	742
76	76	509	509	0.5	1/4	1/4	4/4	4	1	1/8	1/8	1		5	59	B3	3	747
76	76	509	509	1.0	1/4	1/4	4/4	1	1	1/4	1/4	1		1	67	G4	4	738
76	76	1019/2	1019/2	0.5	3/8	3/8	4/4	2	1	1/8	1/8	1		0	60	C4	4	743
76	76	1019/2	1019/2	0.5	3/8	3/8	4/4	4	1	1/8	1/8	1		0	60	C4	4	748
76	76	510	510	1.0	1/2	1/2	4/4	2	1	1/4	1/4	1		2	62	D4	4	744
76	76	510	510	1.0	1/2	1/2	4/4	4	1	1/4	1/4	1		2	62	D4	4	749
76	76	510	510	1.5	1/2	1/2	4/4	1	1	3/8	1/4	3/2		6	66	F#4	4	739
76	76	511	511	1.0	3/4	3/4	4/4	2	1	1/4	1/4	1		2	62	D4	4	745
76	76	511	511	1.0	3/4	3/4	4/4	4	1	1/4	1/4	1		2	62	D4	4	750
76	76	1023/2	1023/2	0.5	7/8	7/8	4/4	1	1	1/8	1/8	1		6	66	F#4	4	740
77	77	512	512	1.0	0	0	4/4	4	1	1/4	1/4	1		0	60	C4	4	758
77	77	512	512	1.5	0	0	4/4	2	1	3/8	1/4	3/2		0	60	C4	4	752
77	77	512	512	2.0	0	0	4/4	1	1	1/2	1/2	1		4	64	E4	4	751
77	77	513	513	1.0	1/4	1/4	4/4	3	1	1/4	1/4	1		4	52	E3	3	755
77	77	513	513	1.0	1/4	1/4	4/4	4	1	1/4	1/4	1		4	52	E3	3	759
77	77	1027/2	1027/2	0.5	3/8	3/8	4/4	2	1	1/8	1/8	1		0	60	C4	4	753
77	77	514	514	1.0	1/2	1/2	4/4	3	1	1/4	1/4	1		1	55	G3	3	756
77	77	514	514	1.0	1/2	1/2	4/4	4	1	1/4	1/4	1		1	55	G3	3	760
77	77	514	514	2.0	1/2	1/2	4/4	2	1	1/2	1/2	1		5	59	B3	3	754
77	77	515	515	1.0	3/4	3/4	4/4	3	1	1/4	1/4	1		-3	51	Eb3	3	757
77	77	515	515	1.0	3/4	3/4	4/4	4	1	1/4	1/4	1		-3	51	Eb3	3	761
78	78	516	516	0.5	0	0	4/4	3	1	1/8	1/8	1		4	52	E3	3	764
78	78	516	516	1.5	0	0	4/4	4	1	3/8	1/4	3/2		4	52	E3	3	770
78	78	1033/2	1033/2	0.5	1/8	1/8	4/4	3	1	1/8	1/8	1		4	52	E3	3	765
78	78	517	517	0.5	1/4	1/4	4/4	3	1	1/8	1/8	1		4	52	E3	3	766
78	78	1035/2	1035/2	0.5	3/8	3/8	4/4	3	1	1/8	1/8	1		6	54	F#3	3	767
78	78	1035/2	1035/2	0.5	3/8	3/8	4/4	4	1	1/8	1/8	1		6	54	F#3	3	771
78	78	518	518	1.0	1/2	1/2	4/4	3	1	1/4	1/4	1		1	55	G3	3	768
78	78	518	518	1.0	1/2	1/2	4/4	4	1	1/4	1/4	1		1	55	G3	3	772
78	78	519	519	1.0	3/4	3/4	4/4	3	1	1/4	1/4	1		1	55	G3	3	769
78	78	519	519	1.0	3/4	3/4	4/4	4	1	1/4	1/4	1		1	55	G3	3	773
78	78	519	519	1.0	3/4	3/4	4/4	2	1	1/4	1/4	1		5	59	B3	3	763
78	78	519	519	1.0	3/4	3/4	4/4	1	1	1/4	1/4	1		2	62	D4	4	762
79	79	520	520	1.5	0	0	4/4	3	1	3/8	1/4	3/2		6	54	F#3	3	783
79	79	520	520	2.0	0	0	4/4	4	1	1/2	1/2	1		6	54	F#3	3	786
79	79	520	520	1.0	0	0	4/4	2	1	1/4	1/4	1		2	62	D4	4	777
79	79	520	520	1.0	0	0	4/4	1	1	1/4	1/4	1		6	66	F#4	4	774
79	79	521	521	1.0	1/4	1/4	4/4	2	1	1/4	1/4	1		-2	58	Bb3	3	778
79	79	521	521	1.0	1/4	1/4	4/4	1	1	1/4	1/4	1		7	61	C#4	4	775
79	79	1043/2	1043/2	0.5	3/8	3/8	4/4	3	1	1/8	1/8	1		6	54	F#3	3	784
79	79	522	522	2.0	1/2	1/2	4/4	3	1	1/2	1/2	1		5	47	B2	2	785
79	79	522	522	2.0	1/2	1/2	4/4	4	1	1/2	1/2	1		5	47	B2	2	787
79	79	522	522	0.5	1/2	1/2	4/4	2	1	1/8	1/8	1		5	59	B3	3	779
79	79	522	522	2.0	1/2	1/2	4/4	1	1	1/2	1/2	1		2	62	D4	4	776
79	79	1045/2	1045/2	0.5	5/8	5/8	4/4	2	1	1/8	1/8	1		6	54	F#3	3	780
79	79	523	523	0.5	3/4	3/4	4/4	2	1	1/8	1/8	1		6	54	F#3	3	781
79	79	1047/2	1047/2	0.5	7/8	7/8	4/4	2	1	1/8	1/8	1		1	55	G3	3	782
80	80	524	524	1.0	0	0	4/4	4	1	1/4	1/4	1		3	45	A2	2	802
80	80	524	524	1.0	0	0	4/4	2	1	1/4	1/4	1		3	57	A3	3	792
80	80	1049/2	1049/2	0.5	1/8	1/8	4/4	3	1	1/8	1/8	1		3	45	A2	2	797
80	80	1049/2	1049/2	0.5	1/8	1/8	4/4	1	1	1/8	1/8	1		0	60	C4	4	788
80	80	525	525	0.5	1/4	1/4	4/4	3	1	1/8	1/8	1		3	45	A2	2	798
80	80	525	525	0.5	1/4	1/4	4/4	4	1	1/8	1/8	1		3	45	A2	2	803
80	80	525	525	1.0	1/4	1/4	4/4	2	1	1/4	1/4	1		3	57	A3	3	793
80	80	525	525	0.5	1/4	1/4	4/4	1	1	1/8	1/8	1		0	60	C4	4	789
80	80	1051/2	1051/2	0.5	3/8	3/8	4/4	3	1	1/8	1/8	1		5	47	B2	2	799
80	80	1051/2	1051/2	0.5	3/8	3/8	4/4	4	1	1/8	1/8	1		5	47	B2	2	804
80	80	1051/2	1051/2	0.5	3/8	3/8	4/4	1	1	1/8	1/8	1		2	62	D4	4	790
80	80	526	526	1.0	1/2	1/2	4/4	3	1	1/4	1/4	1		0	48	C3	3	800
80	80	526	526	1.0	1/2	1/2	4/4	4	1	1/4	1/4	1		0	48	C3	3	805
80	80	526	526	2.0	1/2	1/2	4/4	1	1	1/2	1/2	1		4	64	E4	4	791
80	80	1053/2	1053/2	0.5	5/8	5/8	4/4	2	1	1/8	1/8	1		4	52	E3	3	794
80	80	527	527	1.0	3/4	3/4	4/4	3	1	1/4	1/4	1		0	48	C3	3	801
80	80	527	527	1.0	3/4	3/4	4/4	4	1	1/4	1/4	1		0	48	C3	3	806
80	80	527	527	0.5	3/4	3/4	4/4	2	1	1/8	1/8	1		4	52	E3	3	795
80	80	1055/2	1055/2	0.5	7/8	7/8	4/4	2	1	1/8	1/8	1		-1	53	F3	3	796
81	81	528	528	3.0	0	0	4/4	3	1	3/4	1/2	3/2		5	47	B2	2	814
81	81	528	528	4.0	0	0	4/4	4	1	1	1	1		5	47	B2	2	816
81	81	528	528	1.0	0	0	4/4	2	1	1/4	1/4	1		1	55	G3	3	810
81	81	528	528	1.0	0	0	4/4	1	1	1/4	1/4	1		2	62	D4	4	807
81	81	529	529	1.0	1/4	1/4	4/4	2	1	1/4	1/4	1		1	55	G3	3	811
81	81	529	529	2.0	1/4	1/4	4/4	1	1	1/2	1/2	1		4	64	E4	4	808
81	81	530	530	1.5	1/2	1/2	4/4	2	1	3/8	1/4	3/2		6	54	F#3	3	812
81	81	531	531	1.0	3/4	3/4	4/4	3	1	1/4	1/4	1		5	47	B2	2	815
81	81	531	531	1.0	3/4	3/4	4/4	1	1	1/4	1/4	1		-3	63	Eb4	4	809
81	81	1063/2	1063/2	0.5	7/8	7/8	4/4	2	1	1/8	1/8	1		6	54	F#3	3	813
82	82	532	532	4.0	0	0	4/4	2	1	1	1	1		4	52	E3	3	818
82	82	532	532	4.0	0	0	4/4	3	1	1	1	1		4	52	E3	3	819
82	82	532	532	4.0	0	0	4/4	4	1	1	1	1		4	52	E3	3	820
82	82	532	532	4.0	0	0	4/4	1	1	1	1	1		4	64	E4	4	817
83	83	536	536	2.0	0	0	4/4	3	1	1/2	1/2	1		0	48	C3	3	821
83	83	536	536	3.0	0	0	4/4	4	1	3/4	1/2	3/2		0	48	C3	3	826
83	83	538	538	0.5	1/2	1/2	4/4	3	1	1/8	1/8	1		0	48	C3	3	822
83	83	1077/2	1077/2	0.5	5/8	5/8	4/4	3	1	1/8	1/8	1		0	48	C3	3	823
83	83	539	539	0.5	3/4	3/4	4/4	3	1	1/8	1/8	1		0	48	C3	3	824
83	83	539	539	1.0	3/4	3/4	4/4	4	1	1/4	1/4	1		0	48	C3	3	827
83	83	1079/2	1079/2	0.5	7/8	7/8	4/4	3	1	1/8	1/8	1		0	48	C3	3	825
84	84	540	540	1.5	0	0	4/4	3	1	3/8	1/4	3/2		0	48	C3	3	828
84	84	540	540	1.5	0	0	4/4	4	1	3/8	1/4	3/2		0	48	C3	3	832
84	84	1083/2	1083/2	0.5	3/8	3/8	4/4	3	1	1/8	1/8	1		5	47	B2	2	829
84	84	1083/2	1083/2	0.5	3/8	3/8	4/4	4	1	1/8	1/8	1		5	47	B2	2	833
84	84	542	542	1.0	1/2	1/2	4/4	3	1	1/4	1/4	1		0	48	C3	3	830
84	84	542	542	1.0	1/2	1/2	4/4	4	1	1/4	1/4	1		0	48	C3	3	834
84	84	543	543	1.0	3/4	3/4	4/4	3	1	1/4	1/4	1		0	48	C3	3	831
84	84	543	543	1.0	3/4	3/4	4/4	4	1	1/4	1/4	1		0	48	C3	3	835
85	85	544	544	4.0	0	0	4/4	3	1	1	1	1	1	-1	41	F2	2	836
85	85	544	544	4.0	0	0	4/4	4	1	1	1	1		-1	41	F2	2	837
86	86	548	548	1.0	0	0	4/4	3	1	1/4	1/4	1	-1	-1	41	F2	2	838
86	86	548	548	1.0	0	0	4/4	4	1	1/4	1/4	1		-1	41	F2	2	842
86	86	549	549	0.5	1/4	1/4	4/4	3	1	1/8	1/8	1		-1	41	F2	2	839
86	86	549	549	1.0	1/4	1/4	4/4	4	1	1/4	1/4	1		-1	41	F2	2	843
86	86	1099/2	1099/2	0.5	3/8	3/8	4/4	3	1	1/8	1/8	1		-1	41	F2	2	840
86	86	550	550	2.0	1/2	1/2	4/4	3	1	1/2	1/2	1		-1	41	F2	2	841
86	86	550	550	2.0	1/2	1/2	4/4	4	1	1/2	1/2	1		-1	41	F2	2	844
87	87	552	552	2.0	0	0	4/4	3	1	1/2	1/2	1		4	40	E2	2	850
87	87	552	552	2.0	0	0	4/4	4	1	1/2	1/2	1		4	40	E2	2	851
87	87	552	552	1.0	0	0	4/4	2	1	1/4	1/4	1		5	59	B3	3	845
87	87	553	553	1.5	1/4	1/4	4/4	2	1	3/8	1/4	3/2		4	64	E4	4	846
87	87	554	554	2.0	1/2	1/2	4/4	4	1	1/2	1/2	1		4	52	E3	3	852
87	87	1109/2	1109/2	0.5	5/8	5/8	4/4	2	1	1/8	1/8	1		5	59	B3	3	847
87	87	555	555	0.75	3/4	3/4	4/4	2	1	3/16	1/8	3/2		5	59	B3	3	848
87	87	2223/4	2223/4	0.25	15/16	15/16	4/4	2	1	1/16	1/16	1		3	57	A3	3	849
88	88	556	556	4.0	0	0	4/4	4	1	1	1	1		7	49	C#3	3	856
88	88	556	556	1.5	0	0	4/4	2	1	3/8	1/4	3/2		3	57	A3	3	853
88	88	1115/2	1115/2	0.5	3/8	3/8	4/4	2	1	1/8	1/8	1		3	57	A3	3	854
88	88	558	558	2.0	1/2	1/2	4/4	2	1	1/2	1/2	1		3	57	A3	3	855
89	89	560	560	12.0	0	0	3/1	4	1	3	2	3/2		7	49	C#3	3	860
89	89	560	560	4.0	0	0	3/1	1	1	1	1	1		3	69	A4	4	857
89	89	564	564	4.0	1	1	3/1	1	1	1	1	1		1	67	G4	4	858
89	89	568	568	4.0	2	2	3/1	1	1	1	1	1		-1	65	F4	4	859
90	90	572	572	12.0	0	0	3/1	4	1	3	2	3/2		7	49	C#3	3	864
90	90	572	572	4.0	0	0	3/1	1	1	1	1	1		1	67	G4	4	861
90	90	576	576	4.0	1	1	3/1	1	1	1	1	1		-1	65	F4	4	862
90	90	580	580	4.0	2	2	3/1	1	1	1	1	1		4	64	E4	4	863
91	91	584	584	4.0	0	0	3/1	2	1	1	1	1		2	62	D4	4	868
91	91	584	584	4.0	0	0	3/1	4	1	1	1	1		2	62	D4	4	871
91	91	584	584	4.0	0	0	3/1	1	1	1	1	1		-1	65	F4	4	865
91	91	588	588	4.0	1	1	3/1	2	1	1	1	1		0	60	C4	4	869
91	91	588	588	4.0	1	1	3/1	4	1	1	1	1		0	60	C4	4	872
91	91	588	588	4.0	1	1	3/1	1	1	1	1	1		4	64	E4	4	866
91	91	592	592	4.0	2	2	3/1	2	1	1	1	1		5	59	B3	3	870
91	91	592	592	4.0	2	2	3/1	4	1	1	1	1		5	59	B3	3	873
91	91	592	592	4.0	2	2	3/1	1	1	1	1	1		2	62	D4	4	867
92	92	596	596	4.0	0	0	3/1	2	1	1	1	1		0	60	C4	4	877
92	92	596	596	4.0	0	0	3/1	4	1	1	1	1		0	60	C4	4	880
92	92	596	596	4.0	0	0	3/1	1	1	1	1	1		4	64	E4	4	874
92	92	600	600	4.0	1	1	3/1	2	1	1	1	1		5	59	B3	3	878
92	92	600	600	4.0	1	1	3/1	4	1	1	1	1		5	59	B3	3	881
92	92	600	600	4.0	1	1	3/1	1	1	1	1	1		2	62	D4	4	875
92	92	604	604	4.0	2	2	3/1	2	1	1	1	1		3	57	A3	3	879
92	92	604	604	4.0	2	2	3/1	4	1	1	1	1		3	57	A3	3	882
92	92	604	604	4.0	2	2	3/1	1	1	1	1	1		0	60	C4	4	876
93	93	608	608	4.0	0	0	3/1	2	1	1	1	1		5	59	B3	3	886
93	93	608	608	4.0	0	0	3/1	4	1	1	1	1		5	59	B3	3	889
93	93	608	608	4.0	0	0	3/1	1	1	1	1	1		2	62	D4	4	883
93	93	612	612	4.0	1	1	3/1	2	1	1	1	1		3	57	A3	3	887
93	93	612	612	4.0	1	1	3/1	4	1	1	1	1		3	57	A3	3	890
93	93	612	612	4.0	1	1	3/1	1	1	1	1	1		0	60	C4	4	884
93	93	616	616	4.0	2	2	3/1	2	1	1	1	1		1	55	G3	3	888
93	93	616	616	4.0	2	2	3/1	4	1	1	1	1		1	55	G3	3	891
93	93	616	616	4.0	2	2	3/1	1	1	1	1	1		5	59	B3	3	885
94	94	620	620	4.0	0	0	3/1	2	1	1	1	1		3	57	A3	3	895
94	94	620	620	4.0	0	0	3/1	4	1	1	1	1		3	57	A3	3	898
94	94	620	620	4.0	0	0	3/1	1	1	1	1	1		0	60	C4	4	892
94	94	624	624	4.0	1	1	3/1	2	1	1	1	1		1	55	G3	3	896
94	94	624	624	4.0	1	1	3/1	4	1	1	1	1		1	55	G3	3	899
94	94	624	624	4.0	1	1	3/1	1	1	1	1	1		5	59	B3	3	893
94	94	628	628	4.0	2	2	3/1	2	1	1	1	1		-1	53	F3	3	897
94	94	628	628	4.0	2	2	3/1	4	1	1	1	1		-1	53	F3	3	900
94	94	628	628	4.0	2	2	3/1	1	1	1	1	1		3	57	A3	3	894
95	95	632	632	4.0	0	0	3/1	2	1	1	1	1		1	55	G3	3	901
95	95	632	632	4.0	0	0	3/1	4	1	1	1	1		1	55	G3	3	904
95	95	636	636	4.0	1	1	3/1	2	1	1	1	1		-1	53	F3	3	902
95	95	636	636	4.0	1	1	3/1	4	1	1	1	1		-1	53	F3	3	905
95	95	640	640	4.0	2	2	3/1	2	1	1	1	1		4	52	E3	3	903
95	95	640	640	4.0	2	2	3/1	4	1	1	1	1		4	52	E3	3	906
96	96	644	644	4.0	0	0	3/1	2	1	1	1	1		-1	53	F3	3	907
96	96	644	644	4.0	0	0	3/1	4	1	1	1	1		-1	53	F3	3	910
96	96	648	648	4.0	1	1	3/1	2	1	1	1	1		4	52	E3	3	908
96	96	648	648	4.0	1	1	3/1	4	1	1	1	1		4	52	E3	3	911
96	96	652	652	4.0	2	2	3/1	2	1	1	1	1		2	50	D3	3	909
96	96	652	652	4.0	2	2	3/1	4	1	1	1	1		2	50	D3	3	912
97	97	656	656	2.0	0	0	4/4	1	1	1/2	1/2	1		2	62	D4	4	913
97	97	656	656	3.0	0	0	4/4	4	1	3/4	1/2	3/2		2	62	D4	4	918
97	97	658	658	0.5	1/2	1/2	4/4	1	1	1/8	1/8	1		2	62	D4	4	914
97	97	1317/2	1317/2	0.5	5/8	5/8	4/4	1	1	1/8	1/8	1		2	62	D4	4	915
97	97	659	659	0.5	3/4	3/4	4/4	1	1	1/8	1/8	1		2	62	D4	4	916
97	97	659	659	0.5	3/4	3/4	4/4	4	1	1/8	1/8	1		2	62	D4	4	919
97	97	1319/2	1319/2	0.5	7/8	7/8	4/4	1	1	1/8	1/8	1		2	62	D4	4	917
97	97	1319/2	1319/2	0.5	7/8	7/8	4/4	4	1	1/8	1/8	1		2	62	D4	4	920
98	98	660	660	2.0	0	0	4/4	3	1	1/2	1/2	1		1	55	G3	3	930
98	98	660	660	3.0	0	0	4/4	4	1	3/4	1/2	3/2		1	55	G3	3	935
98	98	660	660	2.0	0	0	4/4	2	1	1/2	1/2	1		5	59	B3	3	925
98	98	660	660	1.5	0	0	4/4	1	1	3/8	1/4	3/2		2	62	D4	4	921
98	98	1323/2	1323/2	0.5	3/8	3/8	4/4	1	1	1/8	1/8	1		0	60	C4	4	922
98	98	662	662	0.5	1/2	1/2	4/4	3	1	1/8	1/8	1		1	55	G3	3	931
98	98	662	662	0.5	1/2	1/2	4/4	2	1	1/8	1/8	1		5	59	B3	3	926
98	98	662	662	1.0	1/2	1/2	4/4	1	1	1/4	1/4	1		2	62	D4	4	923
98	98	1325/2	1325/2	0.5	5/8	5/8	4/4	3	1	1/8	1/8	1		1	55	G3	3	932
98	98	1325/2	1325/2	0.5	5/8	5/8	4/4	2	1	1/8	1/8	1		5	59	B3	3	927
98	98	663	663	0.5	3/4	3/4	4/4	3	1	1/8	1/8	1		1	55	G3	3	933
98	98	663	663	0.5	3/4	3/4	4/4	4	1	1/8	1/8	1		1	55	G3	3	936
98	98	663	663	0.5	3/4	3/4	4/4	2	1	1/8	1/8	1		5	59	B3	3	928
98	98	663	663	1.0	3/4	3/4	4/4	1	1	1/4	1/4	1		2	62	D4	4	924
98	98	1327/2	1327/2	0.5	7/8	7/8	4/4	3	1	1/8	1/8	1		1	55	G3	3	934
98	98	1327/2	1327/2	0.5	7/8	7/8	4/4	4	1	1/8	1/8	1		1	55	G3	3	937
98	98	1327/2	1327/2	0.5	7/8	7/8	4/4	2	1	1/8	1/8	1		5	59	B3	3	929
99	99	664	664	1.5	0	0	4/4	3	1	3/8	1/4	3/2		1	55	G3	3	942
99	99	664	664	1.5	0	0	4/4	4	1	3/8	1/4	3/2		1	55	G3	3	946
99	99	664	664	1.5	0	0	4/4	2	1	3/8	1/4	3/2		5	59	B3	3	938
99	99	1331/2	1331/2	0.5	3/8	3/8	4/4	3	1	1/8	1/8	1		6	54	F#3	3	943
99	99	1331/2	1331/2	0.5	3/8	3/8	4/4	4	1	1/8	1/8	1		6	54	F#3	3	947
99	99	1331/2	1331/2	0.5	3/8	3/8	4/4	2	1	1/8	1/8	1		3	57	A3	3	939
99	99	666	666	1.0	1/2	1/2	4/4	3	1	1/4	1/4	1		1	55	G3	3	944
99	99	666	666	1.0	1/2	1/2	4/4	4	1	1/4	1/4	1		1	55	G3	3	948
99	99	666	666	1.0	1/2	1/2	4/4	2	1	1/4	1/4	1		5	59	B3	3	940
99	99	667	667	1.0	3/4	3/4	4/4	3	1	1/4	1/4	1		1	55	G3	3	945
99	99	667	667	1.0	3/4	3/4	4/4	4	1	1/4	1/4	1		1	55	G3	3	949
99	99	667	667	1.0	3/4	3/4	4/4	2	1	1/4	1/4	1		5	59	B3	3	941
100	100	668	668	4.0	0	0	4/4	3	1	1	1	1	1	0	48	C3	3	960
100	100	668	668	4.0	0	0	4/4	4	1	1	1	1	1	0	48	C3	3	961
100	100	668	668	2.0	0	0	4/4	2	1	1/2	1/2	1		4	64	E4	4	955
100	100	668	668	2.0	0	0	4/4	1	1	1/2	1/2	1		1	67	G4	4	950
100	100	670	670	0.5	1/2	1/2	4/4	2	1	1/8	1/8	1		4	64	E4	4	956
100	100	670	670	0.5	1/2	1/2	4/4	1	1	1/8	1/8	1		1	67	G4	4	951
100	100	1341/2	1341/2	0.5	5/8	5/8	4/4	2	1	1/8	1/8	1		4	64	E4	4	957
100	100	1341/2	1341/2	0.5	5/8	5/8	4/4	1	1	1/8	1/8	1		1	67	G4	4	952
100	100	671	671	0.5	3/4	3/4	4/4	2	1	1/8	1/8	1		4	64	E4	4	958
100	100	671	671	0.5	3/4	3/4	4/4	1	1	1/8	1/8	1		1	67	G4	4	953
100	100	1343/2	1343/2	0.5	7/8	7/8	4/4	2	1	1/8	1/8	1		4	64	E4	4	959
100	100	1343/2	1343/2	0.5	7/8	7/8	4/4	1	1	1/8	1/8	1		1	67	G4	4	954
101	101	672	672	1.0	0	0	4/4	3	1	1/4	1/4	1	-1	0	48	C3	3	972
101	101	672	672	2.0	0	0	4/4	4	1	1/2	1/2	1	-1	0	48	C3	3	976
101	101	672	672	1.5	0	0	4/4	2	1	3/8	1/4	3/2		4	64	E4	4	967
101	101	672	672	1.5	0	0	4/4	1	1	3/8	1/4	3/2		1	67	G4	4	962
101	101	673	673	0.5	1/4	1/4	4/4	3	1	1/8	1/8	1		0	48	C3	3	973
101	101	1347/2	1347/2	0.5	3/8	3/8	4/4	3	1	1/8	1/8	1		0	48	C3	3	974
101	101	1347/2	1347/2	0.5	3/8	3/8	4/4	2	1	1/8	1/8	1		2	62	D4	4	968
101	101	1347/2	1347/2	0.5	3/8	3/8	4/4	1	1	1/8	1/8	1		6	66	F#4	4	963
101	101	674	674	1.0	1/2	1/2	4/4	4	1	1/4	1/4	1		0	48	C3	3	977
101	101	674	674	2.0	1/2	1/2	4/4	3	1	1/2	1/2	1		0	48	C3	3	975
101	101	674	674	0.5	1/2	1/2	4/4	2	1	1/8	1/8	1		4	64	E4	4	969
101	101	674	674	0.5	1/2	1/2	4/4	1	1	1/8	1/8	1		1	67	G4	4	964
101	101	1349/2	1349/2	0.5	5/8	5/8	4/4	2	1	1/8	1/8	1		4	64	E4	4	970
101	101	1349/2	1349/2	0.5	5/8	5/8	4/4	1	1	1/8	1/8	1		1	67	G4	4	965
101	101	675	675	1.0	3/4	3/4	4/4	4	1	1/4	1/4	1		0	48	C3	3	978
101	101	675	675	1.0	3/4	3/4	4/4	2	1	1/4	1/4	1	1	4	64	E4	4	971
101	101	675	675	1.0	3/4	3/4	4/4	1	1	1/4	1/4	1	1	1	67	G4	4	966
102	102	676	676	4.0	0	0	4/4	3	1	1	1	1	1	5	47	B2	2	987
102	102	676	676	4.0	0	0	4/4	4	1	1	1	1	1	5	47	B2	2	988
102	102	676	676	1.0	0	0	4/4	2	1	1/4	1/4	1	-1	4	64	E4	4	983
102	102	676	676	1.0	0	0	4/4	1	1	1/4	1/4	1	-1	1	67	G4	4	979
102	102	677	677	0.75	1/4	1/4	4/4	2	1	3/16	1/8	3/2		4	64	E4	4	984
102	102	677	677	0.5	1/4	1/4	4/4	1	1	1/8	1/8	1		1	67	G4	4	980
102	102	1355/2	1355/2	0.5	3/8	3/8	4/4	1	1	1/8	1/8	1		1	67	G4	4	981
102	102	2711/4	2711/4	0.25	7/16	7/16	4/4	2	1	1/16	1/16	1		4	64	E4	4	985
102	102	678	678	2.0	1/2	1/2	4/4	2	1	1/2	1/2	1		4	64	E4	4	986
102	102	678	678	2.0	1/2	1/2	4/4	1	1	1/2	1/2	1		1	67	G4	4	982
103	103	680	680	4.0	0	0	4/4	3	1	1	1	1	-1	5	47	B2	2	991
103	103	680	680	4.0	0	0	4/4	4	1	1	1	1	-1	5	47	B2	2	992
103	103	680	680	4.0	0	0	4/4	2	1	1	1	1		-3	63	Eb4	4	990
103	103	680	680	4.0	0	0	4/4	1	1	1	1	1		6	66	F#4	4	989
104	104	684	684	4.0	0	0	4/4	4	1	1	1	1		5	47	B2	2	998
104	104	684	684	1.0	0	0	4/4	3	1	1/4	1/4	1		6	54	F#3	3	993
104	104	685	685	1.5	1/4	1/4	4/4	3	1	3/8	1/4	3/2		5	59	B3	3	994
104	104	1373/2	1373/2	0.5	5/8	5/8	4/4	3	1	1/8	1/8	1		6	54	F#3	3	995
104	104	687	687	0.75	3/4	3/4	4/4	3	1	3/16	1/8	3/2		6	54	F#3	3	996
104	104	2751/4	2751/4	0.25	15/16	15/16	4/4	3	1	1/16	1/16	1		4	52	E3	3	997
105	105	688	688	4.0	0	0	4/4	4	1	1	1	1		8	44	G#2	2	1007
105	105	688	688	1.5	0	0	4/4	3	1	3/8	1/4	3/2		4	52	E3	3	1004
105	105	688	688	1.0	0	0	4/4	2	1	1/4	1/4	1		5	59	B3	3	999
105	105	689	689	1.5	1/4	1/4	4/4	2	1	3/8	1/4	3/2		4	64	E4	4	1000
105	105	1379/2	1379/2	0.5	3/8	3/8	4/4	3	1	1/8	1/8	1		4	52	E3	3	1005
105	105	690	690	2.0	1/2	1/2	4/4	3	1	1/2	1/2	1		4	52	E3	3	1006
105	105	1381/2	1381/2	0.5	5/8	5/8	4/4	2	1	1/8	1/8	1		5	59	B3	3	1001
105	105	691	691	0.75	3/4	3/4	4/4	2	1	3/16	1/8	3/2		5	59	B3	3	1002
105	105	2767/4	2767/4	0.25	15/16	15/16	4/4	2	1	1/16	1/16	1		3	57	A3	3	1003
106	106	692	692	1.5	0	0	4/4	2	1	3/8	1/4	3/2		3	57	A3	3	1013
106	106	692	692	4.0	0	0	4/4	4	1	1	1	1		3	57	A3	3	1016
106	106	692	692	1.0	0	0	4/4	1	1	1/4	1/4	1		4	64	E4	4	1008
106	106	693	693	1.5	1/4	1/4	4/4	1	1	3/8	1/4	3/2		3	69	A4	4	1009
106	106	1387/2	1387/2	0.5	3/8	3/8	4/4	2	1	1/8	1/8	1		3	57	A3	3	1014
106	106	694	694	2.0	1/2	1/2	4/4	2	1	1/2	1/2	1		3	57	A3	3	1015
106	106	1389/2	1389/2	0.5	5/8	5/8	4/4	1	1	1/8	1/8	1		4	64	E4	4	1010
106	106	695	695	0.75	3/4	3/4	4/4	1	1	3/16	1/8	3/2		4	64	E4	4	1011
106	106	2783/4	2783/4	0.25	15/16	15/16	4/4	1	1	1/16	1/16	1		2	62	D4	4	1012
107	107	696	696	4.0	0	0	4/4	4	1	1	1	1		6	54	F#3	3	1020
107	107	696	696	1.5	0	0	4/4	1	1	3/8	1/4	3/2		2	62	D4	4	1017
107	107	1395/2	1395/2	0.5	3/8	3/8	4/4	1	1	1/8	1/8	1		2	62	D4	4	1018
107	107	698	698	2.0	1/2	1/2	4/4	1	1	1/2	1/2	1		2	62	D4	4	1019
108	108	700	700	4.0	0	0	3/1	2	1	1	1	1		2	62	D4	4	1021
108	108	700	700	4.0	0	0	3/1	4	1	1	1	1		2	62	D4	4	1024
108	108	704	704	4.0	1	1	3/1	2	1	1	1	1		0	60	C4	4	1022
108	108	704	704	4.0	1	1	3/1	4	1	1	1	1		0	60	C4	4	1025
108	108	708	708	4.0	2	2	3/1	2	1	1	1	1		5	59	B3	3	1023
108	108	708	708	4.0	2	2	3/1	4	1	1	1	1		5	59	B3	3	1026
109	109	712	712	4.0	0	0	3/1	2	1	1	1	1		0	60	C4	4	1027
109	109	712	712	4.0	0	0	3/1	4	1	1	1	1		0	60	C4	4	1030
109	109	716	716	4.0	1	1	3/1	2	1	1	1	1		5	59	B3	3	1028
109	109	716	716	4.0	1	1	3/1	4	1	1	1	1		5	59	B3	3	1031
109	109	720	720	4.0	2	2	3/1	2	1	1	1	1		3	57	A3	3	1029
109	109	720	720	4.0	2	2	3/1	4	1	1	1	1		3	57	A3	3	1032
110	110	724	724	4.0	0	0	3/1	3	1	1	1	1		1	55	G3	3	1036
110	110	724	724	4.0	0	0	3/1	4	1	1	1	1		1	55	G3	3	1039
110	110	724	724	4.0	0	0	3/1	2	1	1	1	1		5	59	B3	3	1033
110	110	728	728	4.0	1	1	3/1	3	1	1	1	1		-1	53	F3	3	1037
110	110	728	728	4.0	1	1	3/1	4	1	1	1	1		-1	53	F3	3	1040
110	110	728	728	4.0	1	1	3/1	2	1	1	1	1		3	57	A3	3	1034
110	110	732	732	4.0	2	2	3/1	3	1	1	1	1		4	52	E3	3	1038
110	110	732	732	4.0	2	2	3/1	4	1	1	1	1		4	52	E3	3	1041
110	110	732	732	4.0	2	2	3/1	2	1	1	1	1		1	55	G3	3	1035
111	111	736	736	4.0	0	0	3/1	3	1	1	1	1		-1	53	F3	3	1045
111	111	736	736	4.0	0	0	3/1	4	1	1	1	1		-1	53	F3	3	1048
111	111	736	736	4.0	0	0	3/1	2	1	1	1	1		3	57	A3	3	1042
111	111	740	740	4.0	1	1	3/1	3	1	1	1	1		4	52	E3	3	1046
111	111	740	740	4.0	1	1	3/1	4	1	1	1	1		4	52	E3	3	1049
111	111	740	740	4.0	1	1	3/1	2	1	1	1	1		1	55	G3	3	1043
111	111	744	744	4.0	2	2	3/1	3	1	1	1	1		2	50	D3	3	1047
111	111	744	744	4.0	2	2	3/1	4	1	1	1	1		2	50	D3	3	1050
111	111	744	744	4.0	2	2	3/1	2	1	1	1	1		-1	53	F3	3	1044
112	112	748	748	4.0	0	0	3/1	3	1	1	1	1		4	52	E3	3	1057
112	112	748	748	4.0	0	0	3/1	4	1	1	1	1		4	52	E3	3	1060
112	112	748	748	4.0	0	0	3/1	2	1	1	1	1		1	55	G3	3	1054
112	112	748	748	4.0	0	0	3/1	1	1	1	1	1		1	67	G4	4	1051
112	112	752	752	4.0	1	1	3/1	3	1	1	1	1		2	50	D3	3	1058
112	112	752	752	4.0	1	1	3/1	4	1	1	1	1		2	50	D3	3	1061
112	112	752	752	4.0	1	1	3/1	2	1	1	1	1		1	55	G3	3	1055
112	112	752	752	4.0	1	1	3/1	1	1	1	1	1		-1	65	F4	4	1052
112	112	756	756	4.0	2	2	3/1	3	1	1	1	1		0	48	C3	3	1059
112	112	756	756	4.0	2	2	3/1	4	1	1	1	1		0	48	C3	3	1062
112	112	756	756	4.0	2	2	3/1	2	1	1	1	1		1	55	G3	3	1056
112	112	756	756	4.0	2	2	3/1	1	1	1	1	1		4	64	E4	4	1053
113	113	760	760	4.0	0	0	3/1	3	1	1	1	1		2	50	D3	3	1069
113	113	760	760	4.0	0	0	3/1	4	1	1	1	1		2	50	D3	3	1072
113	113	760	760	4.0	0	0	3/1	2	1	1	1	1		-1	53	F3	3	1066
113	113	760	760	4.0	0	0	3/1	1	1	1	1	1		-1	65	F4	4	1063
113	113	764	764	4.0	1	1	3/1	3	1	1	1	1		0	48	C3	3	1070
113	113	764	764	4.0	1	1	3/1	4	1	1	1	1		0	48	C3	3	1073
113	113	764	764	4.0	1	1	3/1	2	1	1	1	1		-1	53	F3	3	1067
113	113	764	764	4.0	1	1	3/1	1	1	1	1	1		4	64	E4	4	1064
113	113	768	768	4.0	2	2	3/1	3	1	1	1	1		5	47	B2	2	1071
113	113	768	768	4.0	2	2	3/1	4	1	1	1	1		5	47	B2	2	1074
113	113	768	768	4.0	2	2	3/1	2	1	1	1	1		-1	53	F3	3	1068
113	113	768	768	4.0	2	2	3/1	1	1	1	1	1		2	62	D4	4	1065
114	114	772	772	4.0	0	0	3/1	3	1	1	1	1		0	48	C3	3	1081
114	114	772	772	4.0	0	0	3/1	4	1	1	1	1		0	48	C3	3	1084
114	114	772	772	4.0	0	0	3/1	2	1	1	1	1		4	52	E3	3	1078
114	114	772	772	4.0	0	0	3/1	1	1	1	1	1		4	64	E4	4	1075
114	114	776	776	4.0	1	1	3/1	3	1	1	1	1		5	47	B2	2	1082
114	114	776	776	4.0	1	1	3/1	4	1	1	1	1		5	47	B2	2	1085
114	114	776	776	4.0	1	1	3/1	2	1	1	1	1		4	52	E3	3	1079
114	114	776	776	4.0	1	1	3/1	1	1	1	1	1		2	62	D4	4	1076
114	114	780	780	4.0	2	2	3/1	3	1	1	1	1		3	45	A2	2	1083
114	114	780	780	4.0	2	2	3/1	4	1	1	1	1		3	45	A2	2	1086
114	114	780	780	4.0	2	2	3/1	2	1	1	1	1		4	52	E3	3	1080
114	114	780	780	4.0	2	2	3/1	1	1	1	1	1		0	60	C4	4	1077
115	115	784	784	4.0	0	0	3/1	3	1	1	1	1		5	47	B2	2	1090
115	115	784	784	4.0	0	0	3/1	4	1	1	1	1		5	47	B2	2	1093
115	115	784	784	4.0	0	0	3/1	1	1	1	1	1		2	62	D4	4	1087
115	115	788	788	4.0	1	1	3/1	3	1	1	1	1		3	45	A2	2	1091
115	115	788	788	4.0	1	1	3/1	4	1	1	1	1		3	45	A2	2	1094
115	115	788	788	4.0	1	1	3/1	1	1	1	1	1		0	60	C4	4	1088
115	115	792	792	4.0	2	2	3/1	3	1	1	1	1		1	43	G2	2	1092
115	115	792	792	4.0	2	2	3/1	4	1	1	1	1		1	43	G2	2	1095
115	115	792	792	4.0	2	2	3/1	1	1	1	1	1		5	59	B3	3	1089
116	116	796	796	4.0	0	0	4/4	4	1	1	1	1		0	60	C4	4	1099
116	116	796	796	3.0	0	0	4/4	1	1	3/4	1/2	3/2		1	67	G4	4	1096
116	116	798	798	2.0	1/2	1/2	4/4	2	1	1/2	1/2	1	1	4	64	E4	4	1098
116	116	799	799	1.0	3/4	3/4	4/4	1	1	1/4	1/4	1		3	69	A4	4	1097
117	117	800	800	2.0	0	0	4/4	4	1	1/2	1/2	1		3	57	A3	3	1106
117	117	800	800	1.0	0	0	4/4	2	1	1/4	1/4	1	-1	4	64	E4	4	1103
117	117	800	800	3.0	0	0	4/4	1	1	3/4	1/2	3/2		-1	65	F4	4	1100
117	117	801	801	1.0	1/4	1/4	4/4	2	1	1/4	1/4	1		-1	65	F4	4	1104
117	117	802	802	2.0	1/2	1/2	4/4	4	1	1/2	1/2	1		-2	58	Bb3	3	1107
117	117	802	802	2.0	1/2	1/2	4/4	2	1	1/2	1/2	1	1	2	62	D4	4	1105
117	117	803	803	0.5	3/4	3/4	4/4	1	1	1/8	1/8	1		-1	65	F4	4	1101
117	117	1607/2	1607/2	0.5	7/8	7/8	4/4	1	1	1/8	1/8	1		1	67	G4	4	1102
118	118	804	804	2.0	0	0	4/4	4	1	1/2	1/2	1		1	55	G3	3	1116
118	118	804	804	1.0	0	0	4/4	2	1	1/4	1/4	1	-1	2	62	D4	4	1109
118	118	804	804	4.0	0	0	4/4	1	1	1	1	1		4	64	E4	4	1108
118	118	805	805	0.5	1/4	1/4	4/4	2	1	1/8	1/8	1		2	62	D4	4	1110
118	118	1611/2	1611/2	0.5	3/8	3/8	4/4	2	1	1/8	1/8	1		4	64	E4	4	1111
118	118	806	806	0.75	1/2	1/2	4/4	3	1	3/16	1/8	3/2		3	57	A3	3	1113
118	118	806	806	2.0	1/2	1/2	4/4	4	1	1/2	1/2	1		3	57	A3	3	1117
118	118	806	806	2.0	1/2	1/2	4/4	2	1	1/2	1/2	1		7	61	C#4	4	1112
118	118	3227/4	3227/4	0.25	11/16	11/16	4/4	3	1	1/16	1/16	1		3	57	A3	3	1114
118	118	807	807	1.0	3/4	3/4	4/4	3	1	1/4	1/4	1		1	55	G3	3	1115
119	119	808	808	0.75	0	0	4/4	3	1	3/16	1/8	3/2		6	54	F#3	3	1121
119	119	808	808	2.0	0	0	4/4	4	1	1/2	1/2	1		6	54	F#3	3	1124
119	119	808	808	3.0	0	0	4/4	1	1	3/4	1/2	3/2		2	62	D4	4	1118
119	119	3235/4	3235/4	0.25	3/16	3/16	4/4	3	1	1/16	1/16	1		6	54	F#3	3	1122
119	119	809	809	1.0	1/4	1/4	4/4	3	1	1/4	1/4	1		6	54	F#3	3	1123
119	119	810	810	2.0	1/2	1/2	4/4	4	1	1/2	1/2	1		1	55	G3	3	1125
119	119	810	810	2.0	1/2	1/2	4/4	2	1	1/2	1/2	1	1	5	59	B3	3	1120
119	119	811	811	1.0	3/4	3/4	4/4	1	1	1/4	1/4	1		4	64	E4	4	1119
120	120	812	812	2.0	0	0	4/4	4	1	1/2	1/2	1		4	52	E3	3	1132
120	120	812	812	1.0	0	0	4/4	2	1	1/4	1/4	1	-1	5	59	B3	3	1129
120	120	812	812	3.0	0	0	4/4	1	1	3/4	1/2	3/2		0	60	C4	4	1126
120	120	813	813	1.0	1/4	1/4	4/4	2	1	1/4	1/4	1		0	60	C4	4	1130
120	120	814	814	2.0	1/2	1/2	4/4	4	1	1/2	1/2	1		-1	53	F3	3	1133
120	120	814	814	2.0	1/2	1/2	4/4	2	1	1/2	1/2	1	1	3	57	A3	3	1131
120	120	815	815	0.5	3/4	3/4	4/4	1	1	1/8	1/8	1		0	60	C4	4	1127
120	120	1631/2	1631/2	0.5	7/8	7/8	4/4	1	1	1/8	1/8	1		2	62	D4	4	1128
121	121	816	816	2.0	0	0	4/4	4	1	1/2	1/2	1		2	50	D3	3	1142
121	121	816	816	1.0	0	0	4/4	2	1	1/4	1/4	1	-1	3	57	A3	3	1135
121	121	816	816	2.0	0	0	4/4	1	1	1/2	1/2	1		5	59	B3	3	1134
121	121	817	817	0.5	1/4	1/4	4/4	2	1	1/8	1/8	1		3	57	A3	3	1136
121	121	1635/2	1635/2	0.5	3/8	3/8	4/4	2	1	1/8	1/8	1		5	59	B3	3	1137
121	121	818	818	0.75	1/2	1/2	4/4	3	1	3/16	1/8	3/2		4	52	E3	3	1139
121	121	818	818	2.0	1/2	1/2	4/4	4	1	1/2	1/2	1		4	52	E3	3	1143
121	121	818	818	2.0	1/2	1/2	4/4	2	1	1/2	1/2	1		8	56	G#3	3	1138
121	121	3275/4	3275/4	0.25	11/16	11/16	4/4	3	1	1/16	1/16	1		4	52	E3	3	1140
121	121	819	819	1.0	3/4	3/4	4/4	3	1	1/4	1/4	1		2	50	D3	3	1141
122	122	820	820	0.75	0	0	4/4	3	1	3/16	1/8	3/2		7	49	C#3	3	1147
122	122	820	820	2.0	0	0	4/4	4	1	1/2	1/2	1		7	49	C#3	3	1151
122	122	3283/4	3283/4	0.25	3/16	3/16	4/4	3	1	1/16	1/16	1		7	49	C#3	3	1148
122	122	821	821	1.0	1/4	1/4	4/4	3	1	1/4	1/4	1		7	49	C#3	3	1149
122	122	821	821	1.0	1/4	1/4	4/4	2	1	1/4	1/4	1		3	57	A3	3	1144
122	122	822	822	2.0	1/2	1/2	4/4	4	1	1/2	1/2	1		2	50	D3	3	1152
122	122	822	822	1.0	1/2	1/2	4/4	2	1	1/4	1/4	1		6	54	F#3	3	1145
122	122	823	823	1.0	3/4	3/4	4/4	3	1	1/4	1/4	1		2	50	D3	3	1150
122	122	823	823	1.0	3/4	3/4	4/4	2	1	1/4	1/4	1		6	54	F#3	3	1146
123	123	824	824	1.0	0	0	4/4	3	1	1/4	1/4	1		5	47	B2	2	1157
123	123	824	824	2.0	0	0	4/4	4	1	1/2	1/2	1		5	47	B2	2	1160
123	123	825	825	1.0	1/4	1/4	4/4	3	1	1/4	1/4	1		5	47	B2	2	1158
123	123	825	825	1.0	1/4	1/4	4/4	2	1	1/4	1/4	1		1	55	G3	3	1154
123	123	826	826	2.0	1/2	1/2	4/4	4	1	1/2	1/2	1		0	48	C3	3	1161
123	123	826	826	1.0	1/2	1/2	4/4	2	1	1/4	1/4	1		4	52	E3	3	1155
123	123	827	827	1.0	3/4	3/4	4/4	3	1	1/4	1/4	1		0	48	C3	3	1159
123	123	827	827	1.0	3/4	3/4	4/4	2	1	1/4	1/4	1		4	52	E3	3	1156
123	123	827	827	1.0	3/4	3/4	4/4	1	1	1/4	1/4	1		4	64	E4	4	1153
124	124	828	828	4.0	0	0	4/4	3	1	1	1	1	1	3	45	A2	2	1166
124	124	828	828	4.0	0	0	4/4	4	1	1	1	1	1	3	45	A2	2	1167
124	124	828	828	2.0	0	0	4/4	1	1	1/2	1/2	1		0	60	C4	4	1162
124	124	830	830	1.0	1/2	1/2	4/4	1	1	1/4	1/4	1		0	60	C4	4	1163
124	124	831	831	1.0	3/4	3/4	4/4	2	1	1/4	1/4	1		-1	53	F3	3	1165
124	124	1663/2	1663/2	0.5	7/8	7/8	4/4	1	1	1/8	1/8	1		2	62	D4	4	1164
125	125	832	832	2.0	0	0	4/4	3	1	1/2	1/2	1	-1	3	45	A2	2	1171
125	125	832	832	2.0	0	0	4/4	4	1	1/2	1/2	1	-1	3	45	A2	2	1173
125	125	832	832	4.0	0	0	4/4	2	1	1	1	1		2	50	D3	3	1170
125	125	832	832	2.0	0	0	4/4	1	1	1/2	1/2	1		5	59	B3	3	1168
125	125	834	834	2.0	1/2	1/2	4/4	3	1	1/2	1/2	1		8	44	G#2	2	1172
125	125	834	834	2.0	1/2	1/2	4/4	4	1	1/2	1/2	1		8	44	G#2	2	1174
125	125	834	834	2.0	1/2	1/2	4/4	1	1	1/2	1/2	1		5	59	B3	3	1169
126	126	836	836	4.0	0	0	3/1	3	1	1	1	1		3	45	A2	2	1176
126	126	836	836	4.0	0	0	3/1	4	1	1	1	1		3	45	A2	2	1179
126	126	836	836	8.0	0	0	3/1	2	1	2	2	1		0	48	C3	3	1175
126	126	840	840	4.0	1	1	3/1	3	1	1	1	1		5	47	B2	2	1177
126	126	840	840	4.0	1	1	3/1	4	1	1	1	1		5	47	B2	2	1180
126	126	844	844	4.0	2	2	3/1	3	1	1	1	1		0	48	C3	3	1178
126	126	844	844	4.0	2	2	3/1	4	1	1	1	1		0	48	C3	3	1181
127	127	848	848	4.0	0	0	3/1	3	1	1	1	1		5	47	B2	2	1182
127	127	848	848	4.0	0	0	3/1	4	1	1	1	1		5	47	B2	2	1185
127	127	852	852	4.0	1	1	3/1	3	1	1	1	1		0	48	C3	3	1183
127	127	852	852	4.0	1	1	3/1	4	1	1	1	1		0	48	C3	3	1186
127	127	856	856	4.0	2	2	3/1	3	1	1	1	1		2	50	D3	3	1184
127	127	856	856	4.0	2	2	3/1	4	1	1	1	1		2	50	D3	3	1187
128	128	860	860	4.0	0	0	3/1	3	1	1	1	1		0	48	C3	3	1191
128	128	860	860	4.0	0	0	3/1	4	1	1	1	1		0	48	C3	3	1194
128	128	860	860	4.0	0	0	3/1	2	1	1	1	1		4	52	E3	3	1188
128	128	864	864	4.0	1	1	3/1	3	1	1	1	1		2	50	D3	3	1192
128	128	864	864	4.0	1	1	3/1	4	1	1	1	1		2	50	D3	3	1195
128	128	864	864	4.0	1	1	3/1	2	1	1	1	1		-1	53	F3	3	1189
128	128	868	868	4.0	2	2	3/1	3	1	1	1	1		4	52	E3	3	1193
128	128	868	868	4.0	2	2	3/1	4	1	1	1	1		4	52	E3	3	1196
128	128	868	868	4.0	2	2	3/1	2	1	1	1	1		1	55	G3	3	1190
129	129	872	872	4.0	0	0	3/1	3	1	1	1	1		2	50	D3	3	1200
129	129	872	872	4.0	0	0	3/1	4	1	1	1	1		2	50	D3	3	1203
129	129	872	872	4.0	0	0	3/1	2	1	1	1	1		-1	53	F3	3	1197
129	129	876	876	4.0	1	1	3/1	3	1	1	1	1		4	52	E3	3	1201
129	129	876	876	4.0	1	1	3/1	4	1	1	1	1		4	52	E3	3	1204
129	129	876	876	4.0	1	1	3/1	2	1	1	1	1		1	55	G3	3	1198
129	129	880	880	4.0	2	2	3/1	3	1	1	1	1		-1	53	F3	3	1202
129	129	880	880	4.0	2	2	3/1	4	1	1	1	1		-1	53	F3	3	1205
129	129	880	880	4.0	2	2	3/1	2	1	1	1	1		3	57	A3	3	1199
130	130	884	884	4.0	0	0	3/1	3	1	1	1	1		4	52	E3	3	1209
130	130	884	884	4.0	0	0	3/1	4	1	1	1	1		4	52	E3	3	1212
130	130	884	884	4.0	0	0	3/1	2	1	1	1	1		1	55	G3	3	1206
130	130	888	888	4.0	1	1	3/1	3	1	1	1	1		-1	53	F3	3	1210
130	130	888	888	4.0	1	1	3/1	4	1	1	1	1		-1	53	F3	3	1213
130	130	888	888	4.0	1	1	3/1	2	1	1	1	1		3	57	A3	3	1207
130	130	892	892	4.0	2	2	3/1	3	1	1	1	1		1	55	G3	3	1211
130	130	892	892	4.0	2	2	3/1	4	1	1	1	1		1	55	G3	3	1214
130	130	892	892	4.0	2	2	3/1	2	1	1	1	1		5	59	B3	3	1208
131	131	896	896	4.0	0	0	3/1	3	1	1	1	1		-1	53	F3	3	1218
131	131	896	896	4.0	0	0	3/1	4	1	1	1	1		-1	53	F3	3	1221
131	131	896	896	4.0	0	0	3/1	2	1	1	1	1		3	57	A3	3	1215
131	131	900	900	4.0	1	1	3/1	3	1	1	1	1		1	55	G3	3	1219
131	131	900	900	4.0	1	1	3/1	4	1	1	1	1		1	55	G3	3	1222
131	131	900	900	4.0	1	1	3/1	2	1	1	1	1		5	59	B3	3	1216
131	131	904	904	4.0	2	2	3/1	3	1	1	1	1		3	57	A3	3	1220
131	131	904	904	4.0	2	2	3/1	4	1	1	1	1		3	57	A3	3	1223
131	131	904	904	4.0	2	2	3/1	2	1	1	1	1		0	60	C4	4	1217
132	132	908	908	3.0	0	0	3/1	3	1	3/4	1/2	3/2		3	57	A3	3	1228
132	132	908	908	3.0	0	0	3/1	4	1	3/4	1/2	3/2		3	57	A3	3	1231
132	132	908	908	3.0	0	0	3/1	2	1	3/4	1/2	3/2		5	59	B3	3	1224
132	132	911	911	1.0	3/4	3/4	3/1	3	1	1/4	1/4	1		8	56	G#3	3	1229
132	132	911	911	1.0	3/4	3/4	3/1	4	1	1/4	1/4	1		8	56	G#3	3	1232
132	132	911	911	1.0	3/4	3/4	3/1	2	1	1/4	1/4	1		5	59	B3	3	1225
132	132	912	912	4.0	1	1	3/1	2	1	1	1	1		3	57	A3	3	1226
132	132	912	912	4.0	1	1	3/1	3	1	1	1	1		3	57	A3	3	1230
132	132	912	912	4.0	1	1	3/1	4	1	1	1	1		3	57	A3	3	1233
132	132	916	916	4.0	2	2	3/1	4	1	1	1	1		3	57	A3	3	1234
132	132	916	916	4.0	2	2	3/1	2	1	1	1	1		4	64	E4	4	1227
133	133	920	920	2.0	0	0	4/4	4	1	1/2	1/2	1		3	57	A3	3	1241
133	133	920	920	1.0	0	0	4/4	2	1	1/4	1/4	1		7	61	C#4	4	1235
133	133	921	921	1.0	1/4	1/4	4/4	3	1	1/4	1/4	1		3	57	A3	3	1238
133	133	921	921	1.0	1/4	1/4	4/4	2	1	1/4	1/4	1		7	61	C#4	4	1236
133	133	922	922	1.0	1/2	1/2	4/4	3	1	1/4	1/4	1		6	54	F#3	3	1239
133	133	922	922	2.0	1/2	1/2	4/4	4	1	1/2	1/2	1		6	54	F#3	3	1242
133	133	923	923	1.0	3/4	3/4	4/4	3	1	1/4	1/4	1		6	54	F#3	3	1240
133	133	923	923	1.0	3/4	3/4	4/4	2	1	1/4	1/4	1		2	62	D4	4	1237
134	134	924	924	2.0	0	0	4/4	4	1	1/2	1/2	1		1	55	G3	3	1250
134	134	924	924	1.0	0	0	4/4	2	1	1/4	1/4	1		5	59	B3	3	1244
134	134	925	925	1.0	1/4	1/4	4/4	3	1	1/4	1/4	1		1	55	G3	3	1247
134	134	925	925	1.0	1/4	1/4	4/4	2	1	1/4	1/4	1		5	59	B3	3	1245
134	134	926	926	1.0	1/2	1/2	4/4	3	1	1/4	1/4	1		4	52	E3	3	1248
134	134	926	926	2.0	1/2	1/2	4/4	4	1	1/2	1/2	1		4	52	E3	3	1251
134	134	927	927	1.0	3/4	3/4	4/4	3	1	1/4	1/4	1		4	52	E3	3	1249
134	134	927	927	1.0	3/4	3/4	4/4	2	1	1/4	1/4	1		0	60	C4	4	1246
134	134	927	927	1.0	3/4	3/4	4/4	1	1	1/4	1/4	1		4	64	E4	4	1243
135	135	928	928	2.0	0	0	4/4	4	1	1/2	1/2	1		-1	53	F3	3	1262
135	135	928	928	1.0	0	0	4/4	2	1	1/4	1/4	1		3	57	A3	3	1257
135	135	928	928	1.0	0	0	4/4	1	1	1/4	1/4	1		0	60	C4	4	1252
135	135	929	929	1.0	1/4	1/4	4/4	3	1	1/4	1/4	1		-1	53	F3	3	1260
135	135	929	929	1.0	1/4	1/4	4/4	2	1	1/4	1/4	1		3	57	A3	3	1258
135	135	929	929	0.5	1/4	1/4	4/4	1	1	1/8	1/8	1		0	60	C4	4	1253
135	135	1859/2	1859/2	0.5	3/8	3/8	4/4	1	1	1/8	1/8	1		3	69	A4	4	1254
135	135	930	930	2.0	1/2	1/2	4/4	3	1	1/2	1/2	1	1	2	50	D3	3	1261
135	135	930	930	2.0	1/2	1/2	4/4	4	1	1/2	1/2	1	1	2	50	D3	3	1263
135	135	930	930	1.5	1/2	1/2	4/4	1	1	3/8	1/4	3/2		-1	65	F4	4	1255
135	135	931	931	1.0	3/4	3/4	4/4	2	1	1/4	1/4	1		-2	58	Bb3	3	1259
135	135	1863/2	1863/2	0.5	7/8	7/8	4/4	1	1	1/8	1/8	1		1	67	G4	4	1256
136	136	932	932	2.0	0	0	4/4	3	1	1/2	1/2	1	-1	2	50	D3	3	1267
136	136	932	932	2.0	0	0	4/4	4	1	1/2	1/2	1	-1	2	50	D3	3	1269
136	136	932	932	4.0	0	0	4/4	2	1	1	1	1		1	55	G3	3	1266
136	136	932	932	2.0	0	0	4/4	1	1	1/2	1/2	1		4	64	E4	4	1264
136	136	934	934	2.0	1/2	1/2	4/4	3	1	1/2	1/2	1		7	49	C#3	3	1268
136	136	934	934	2.0	1/2	1/2	4/4	4	1	1/2	1/2	1		7	49	C#3	3	1270
136	136	934	934	2.0	1/2	1/2	4/4	1	1	1/2	1/2	1		4	64	E4	4	1265
137	137	936	936	4.0	0	0	3/1	3	1	1	1	1		2	50	D3	3	1272
137	137	936	936	4.0	0	0	3/1	4	1	1	1	1		2	50	D3	3	1275
137	137	936	936	8.0	0	0	3/1	2	1	2	2	1		-1	53	F3	3	1271
137	137	940	940	4.0	1	1	3/1	3	1	1	1	1		4	52	E3	3	1273
137	137	940	940	4.0	1	1	3/1	4	1	1	1	1		4	52	E3	3	1276
137	137	944	944	4.0	2	2	3/1	3	1	1	1	1		-1	53	F3	3	1274
137	137	944	944	4.0	2	2	3/1	4	1	1	1	1		-1	53	F3	3	1277
138	138	948	948	4.0	0	0	3/1	3	1	1	1	1		4	52	E3	3	1281
138	138	948	948	4.0	0	0	3/1	4	1	1	1	1		4	52	E3	3	1284
138	138	948	948	4.0	0	0	3/1	2	1	1	1	1		1	55	G3	3	1278
138	138	952	952	4.0	1	1	3/1	3	1	1	1	1		-1	53	F3	3	1282
138	138	952	952	4.0	1	1	3/1	4	1	1	1	1		-1	53	F3	3	1285
138	138	952	952	4.0	1	1	3/1	2	1	1	1	1		3	57	A3	3	1279
138	138	956	956	4.0	2	2	3/1	3	1	1	1	1		1	55	G3	3	1283
138	138	956	956	4.0	2	2	3/1	4	1	1	1	1		1	55	G3	3	1286
138	138	956	956	4.0	2	2	3/1	2	1	1	1	1		5	59	B3	3	1280
139	139	960	960	4.0	0	0	3/1	3	1	1	1	1		-1	53	F3	3	1293
139	139	960	960	4.0	0	0	3/1	4	1	1	1	1		-1	53	F3	3	1296
139	139	960	960	4.0	0	0	3/1	2	1	1	1	1		3	57	A3	3	1290
139	139	960	960	4.0	0	0	3/1	1	1	1	1	1		2	62	D4	4	1287
139	139	964	964	4.0	1	1	3/1	3	1	1	1	1		1	55	G3	3	1294
139	139	964	964	4.0	1	1	3/1	4	1	1	1	1		1	55	G3	3	1297
139	139	964	964	4.0	1	1	3/1	2	1	1	1	1		5	59	B3	3	1291
139	139	964	964	4.0	1	1	3/1	1	1	1	1	1		4	64	E4	4	1288
139	139	968	968	4.0	2	2	3/1	3	1	1	1	1		3	57	A3	3	1295
139	139	968	968	4.0	2	2	3/1	4	1	1	1	1		3	57	A3	3	1298
139	139	968	968	4.0	2	2	3/1	2	1	1	1	1		0	60	C4	4	1292
139	139	968	968	4.0	2	2	3/1	1	1	1	1	1		-1	65	F4	4	1289
140	140	972	972	4.0	0	0	3/1	3	1	1	1	1		1	55	G3	3	1305
140	140	972	972	4.0	0	0	3/1	4	1	1	1	1		1	55	G3	3	1308
140	140	972	972	4.0	0	0	3/1	2	1	1	1	1		5	59	B3	3	1302
140	140	972	972	4.0	0	0	3/1	1	1	1	1	1		4	64	E4	4	1299
140	140	976	976	4.0	1	1	3/1	3	1	1	1	1		3	57	A3	3	1306
140	140	976	976	4.0	1	1	3/1	4	1	1	1	1		3	57	A3	3	1309
140	140	976	976	4.0	1	1	3/1	2	1	1	1	1		0	60	C4	4	1303
140	140	976	976	4.0	1	1	3/1	1	1	1	1	1		-1	65	F4	4	1300
140	140	980	980	4.0	2	2	3/1	3	1	1	1	1		5	59	B3	3	1307
140	140	980	980	4.0	2	2	3/1	4	1	1	1	1		5	59	B3	3	1310
140	140	980	980	4.0	2	2	3/1	2	1	1	1	1		2	62	D4	4	1304
140	140	980	980	4.0	2	2	3/1	1	1	1	1	1		1	67	G4	4	1301
141	141	984	984	4.0	0	0	3/1	3	1	1	1	1		3	57	A3	3	1317
141	141	984	984	4.0	0	0	3/1	4	1	1	1	1		3	57	A3	3	1320
141	141	984	984	4.0	0	0	3/1	2	1	1	1	1		0	60	C4	4	1314
141	141	984	984	4.0	0	0	3/1	1	1	1	1	1		-1	65	F4	4	1311
141	141	988	988	4.0	1	1	3/1	3	1	1	1	1		5	59	B3	3	1318
141	141	988	988	4.0	1	1	3/1	4	1	1	1	1		5	59	B3	3	1321
141	141	988	988	4.0	1	1	3/1	2	1	1	1	1		2	62	D4	4	1315
141	141	988	988	4.0	1	1	3/1	1	1	1	1	1		1	67	G4	4	1312
141	141	992	992	4.0	2	2	3/1	3	1	1	1	1		0	60	C4	4	1319
141	141	992	992	4.0	2	2	3/1	4	1	1	1	1		0	60	C4	4	1322
141	141	992	992	4.0	2	2	3/1	2	1	1	1	1		4	64	E4	4	1316
141	141	992	992	4.0	2	2	3/1	1	1	1	1	1		3	69	A4	4	1313
142	142	996	996	6.0	0	0	3/1	3	1	3/2	1	3/2		5	59	B3	3	1329
142	142	996	996	6.0	0	0	3/1	4	1	3/2	1	3/2		5	59	B3	3	1332
142	142	996	996	6.0	0	0	3/1	2	1	3/2	1	3/2		2	62	D4	4	1326
142	142	996	996	6.0	0	0	3/1	1	1	3/2	1	3/2		3	69	A4	4	1323
142	142	1002	1002	2.0	3/2	3/2	3/1	3	1	1/2	1/2	1		5	59	B3	3	1330
142	142	1002	1002	2.0	3/2	3/2	3/1	4	1	1/2	1/2	1		5	59	B3	3	1333
142	142	1002	1002	2.0	3/2	3/2	3/1	2	1	1/2	1/2	1		2	62	D4	4	1327
142	142	1002	1002	2.0	3/2	3/2	3/1	1	1	1/2	1/2	1		8	68	G#4	4	1324
142	142	1004	1004	4.0	2	2	3/1	3	1	1	1	1		3	57	A3	3	1331
142	142	1004	1004	4.0	2	2	3/1	4	1	1	1	1		3	57	A3	3	1334
142	142	1004	1004	4.0	2	2	3/1	2	1	1	1	1		4	64	E4	4	1328
142	142	1004	1004	4.0	2	2	3/1	1	1	1	1	1		3	69	A4	4	1325
